event_day,beta,region,pollutant,adj
-21,25.172159323922543,National,pm2_5,nometeo
-20,22.892515690380087,National,pm2_5,nometeo
-19,-6.041143673285507,National,pm2_5,nometeo
-18,-27.607237999981912,National,pm2_5,nometeo
-17,-25.584470287377414,National,pm2_5,nometeo
-16,-4.396284383209094,National,pm2_5,nometeo
-15,1.398548981042934,National,pm2_5,nometeo
-14,-7.260971751043806,National,pm2_5,nometeo
-13,-6.26063812381766,National,pm2_5,nometeo
-12,-10.671770194825415,National,pm2_5,nometeo
-11,0.06496440586061247,National,pm2_5,nometeo
-10,4.359514044584983,National,pm2_5,nometeo
-9,-5.2860011370946545,National,pm2_5,nometeo
-8,3.226562635733231,National,pm2_5,nometeo
-7,4.777561718183165,National,pm2_5,nometeo
-6,-3.749096911071094,National,pm2_5,nometeo
-5,14.570460029134736,National,pm2_5,nometeo
-4,11.869689565733804,National,pm2_5,nometeo
-3,8.525638067130478,National,pm2_5,nometeo
-2,4.68519834892971,National,pm2_5,nometeo
-1,-3.1908907350380282,National,pm2_5,nometeo
0,-13.069100367613965,National,pm2_5,nometeo
1,-4.6051475287986445,National,pm2_5,nometeo
2,15.499951343297385,National,pm2_5,nometeo
3,26.279539509669213,National,pm2_5,nometeo
4,15.234116619598755,National,pm2_5,nometeo
5,9.4320774176706,National,pm2_5,nometeo
6,5.05842670292321,National,pm2_5,nometeo
7,0.31574484545268966,National,pm2_5,nometeo
8,-3.3465236004318797,National,pm2_5,nometeo
9,-4.483457221480959,National,pm2_5,nometeo
10,-7.643933136267771,National,pm2_5,nometeo
11,-5.60454025707738,National,pm2_5,nometeo
12,-6.279401054569165,National,pm2_5,nometeo
13,-5.04931337021679,National,pm2_5,nometeo
14,-19.118684455780482,National,pm2_5,nometeo
15,-29.614121021837533,National,pm2_5,nometeo
16,-22.638917627683256,National,pm2_5,nometeo
17,-25.22448915694106,National,pm2_5,nometeo
18,-27.55118359336946,National,pm2_5,nometeo
19,-30.028511814059904,National,pm2_5,nometeo
20,-42.98575645215723,National,pm2_5,nometeo
-21,14.276061052500722,National,pm2_5,meteo
-20,17.38878916166059,National,pm2_5,meteo
-19,-3.688272169906246,National,pm2_5,meteo
-18,-18.81426024810844,National,pm2_5,meteo
-17,-18.348283746775266,National,pm2_5,meteo
-16,-9.997822404681855,National,pm2_5,meteo
-15,-5.630072309933028,National,pm2_5,meteo
-14,-4.610052056271962,National,pm2_5,meteo
-13,-0.7025235808904959,National,pm2_5,meteo
-12,-5.9266892208545,National,pm2_5,meteo
-11,0.07799989981787725,National,pm2_5,meteo
-10,1.9024900565795688,National,pm2_5,meteo
-9,-4.9809388469994085,National,pm2_5,meteo
-8,5.266958580068039,National,pm2_5,meteo
-7,5.750334764199863,National,pm2_5,meteo
-6,-4.8719591697595925,National,pm2_5,meteo
-5,10.137490230122296,National,pm2_5,meteo
-4,16.01358537324243,National,pm2_5,meteo
-3,6.7571646359894215,National,pm2_5,meteo
-2,1.0696870550856694,National,pm2_5,meteo
-1,4.459231902377878,National,pm2_5,meteo
0,0.41855198093903656,National,pm2_5,meteo
1,7.567424958433813,National,pm2_5,meteo
2,2.8564643975618993,National,pm2_5,meteo
3,17.45424559629708,National,pm2_5,meteo
4,9.736724662962018,National,pm2_5,meteo
5,7.1997237676605215,National,pm2_5,meteo
6,3.5117507845405123,National,pm2_5,meteo
7,2.128687719977277,National,pm2_5,meteo
8,-2.142745425611875,National,pm2_5,meteo
9,1.5997886662908591,National,pm2_5,meteo
10,-0.9317071281232208,National,pm2_5,meteo
11,0.23704298444654892,National,pm2_5,meteo
12,-1.6110316029149319,National,pm2_5,meteo
13,-2.536805301873806,National,pm2_5,meteo
14,-6.170290008513011,National,pm2_5,meteo
15,-19.747594393789647,National,pm2_5,meteo
16,-18.99522590639362,National,pm2_5,meteo
17,-18.26500625132582,National,pm2_5,meteo
18,-32.507154229788824,National,pm2_5,meteo
19,-29.49191041496324,National,pm2_5,meteo
20,-27.676704275363488,National,pm2_5,meteo
-21,28.046875699822298,National,pm10,nometeo
-20,26.202299143632878,National,pm10,nometeo
-19,-9.332778245211202,National,pm10,nometeo
-18,-33.99262490936877,National,pm10,nometeo
-17,-28.40397476891506,National,pm10,nometeo
-16,-3.0395206909178683,National,pm10,nometeo
-15,0.23885706978311383,National,pm10,nometeo
-14,-10.236012793554394,National,pm10,nometeo
-13,-8.312020602136382,National,pm10,nometeo
-12,-11.887173932754774,National,pm10,nometeo
-11,-0.09128049369528668,National,pm10,nometeo
-10,7.33842518492146,National,pm10,nometeo
-9,-8.613117201898515,National,pm10,nometeo
-8,2.4467145338268947,National,pm10,nometeo
-7,5.877099655107077,National,pm10,nometeo
-6,-5.214763963337857,National,pm10,nometeo
-5,22.10714011852388,National,pm10,nometeo
-4,17.154264405882767,National,pm10,nometeo
-3,9.711591790289742,National,pm10,nometeo
-2,-6.19072924011016,National,pm10,nometeo
-1,-18.9559166437878,National,pm10,nometeo
0,-22.345995103630035,National,pm10,nometeo
1,-9.480672284706866,National,pm10,nometeo
2,14.235737687230225,National,pm10,nometeo
3,30.904741533005872,National,pm10,nometeo
4,20.0027088956872,National,pm10,nometeo
5,16.361934013820285,National,pm10,nometeo
6,11.71895352289896,National,pm10,nometeo
7,7.35953259669188,National,pm10,nometeo
8,2.856421568451152,National,pm10,nometeo
9,-0.2174420494492324,National,pm10,nometeo
10,-2.2169691995262664,National,pm10,nometeo
11,-0.1712620325392482,National,pm10,nometeo
12,-1.373657451413898,National,pm10,nometeo
13,1.909147766735848,National,pm10,nometeo
14,-12.763660208498539,National,pm10,nometeo
15,-25.52059872617104,National,pm10,nometeo
16,-17.95711997806332,National,pm10,nometeo
17,-20.81514350609437,National,pm10,nometeo
18,-25.11684677132794,National,pm10,nometeo
19,-26.1108295377819,National,pm10,nometeo
20,-36.50056064429073,National,pm10,nometeo
-21,16.043358475842567,National,pm10,meteo
-20,22.670013722181668,National,pm10,meteo
-19,-3.970288909010197,National,pm10,meteo
-18,-25.372846496481003,National,pm10,meteo
-17,-23.731825490638016,National,pm10,meteo
-16,-9.842767849477918,National,pm10,meteo
-15,-4.710971476925204,National,pm10,meteo
-14,-4.263367899893947,National,pm10,meteo
-13,-1.4203597535838455,National,pm10,meteo
-12,-7.874665858625741,National,pm10,meteo
-11,-1.5786121560252742,National,pm10,meteo
-10,5.149845920708876,National,pm10,meteo
-9,-5.399460456398765,National,pm10,meteo
-8,5.677179077381221,National,pm10,meteo
-7,5.732374140246475,National,pm10,meteo
-6,-11.361858716273998,National,pm10,meteo
-5,13.193474457809065,National,pm10,meteo
-4,21.05269268543178,National,pm10,meteo
-3,10.00808658373226,National,pm10,meteo
-2,-8.373407026137114,National,pm10,meteo
-1,-7.4111509946084535,National,pm10,meteo
0,-3.8703786059659944,National,pm10,meteo
1,6.768312865016361,National,pm10,meteo
2,0.33160645707847713,National,pm10,meteo
3,18.71710599576746,National,pm10,meteo
4,8.835456866579582,National,pm10,meteo
5,5.048136431770299,National,pm10,meteo
6,1.0015792195847393,National,pm10,meteo
7,0.1517661491286475,National,pm10,meteo
8,-2.9058527494869733,National,pm10,meteo
9,-0.7078829739491592,National,pm10,meteo
10,-1.5309397995715415,National,pm10,meteo
11,2.8768400312373004,National,pm10,meteo
12,3.2100510891451695,National,pm10,meteo
13,4.382941988244837,National,pm10,meteo
14,-0.7226204415618902,National,pm10,meteo
15,-20.744153813360754,National,pm10,meteo
16,-21.181184682067112,National,pm10,meteo
17,-18.286623723679867,National,pm10,meteo
18,-34.95222350442955,National,pm10,meteo
19,-29.27206943439446,National,pm10,meteo
20,-22.444684446857273,National,pm10,meteo
-21,7.962267913736476,National,so2,nometeo
-20,1.1043968638954822,National,so2,nometeo
-19,-3.533057497342244,National,so2,nometeo
-18,-4.892469238567081,National,so2,nometeo
-17,-1.1744655987778674,National,so2,nometeo
-16,1.7779931072220219,National,so2,nometeo
-15,-1.2710892972996235,National,so2,nometeo
-14,-4.172603107228165,National,so2,nometeo
-13,-3.7440592558026617,National,so2,nometeo
-12,-3.05122531805997,National,so2,nometeo
-11,1.0763942287320112,National,so2,nometeo
-10,0.7006370892530063,National,so2,nometeo
-9,-0.6464611755246175,National,so2,nometeo
-8,0.4980841920173964,National,so2,nometeo
-7,-1.3731260166748105,National,so2,nometeo
-6,1.8886060829384919,National,so2,nometeo
-5,4.604594645150308,National,so2,nometeo
-4,2.0371502975193927,National,so2,nometeo
-3,2.208432084812455,National,so2,nometeo
-2,2.57289653667384,National,so2,nometeo
-1,0.06404917443076252,National,so2,nometeo
0,1.9360896935649177,National,so2,nometeo
1,3.2607612699267086,National,so2,nometeo
2,4.847766658532601,National,so2,nometeo
3,3.5351474756564936,National,so2,nometeo
4,2.9344846963709026,National,so2,nometeo
5,2.980056238353559,National,so2,nometeo
6,3.2554747897067164,National,so2,nometeo
7,2.9827033852860474,National,so2,nometeo
8,2.010072421382025,National,so2,nometeo
9,1.9223697401170017,National,so2,nometeo
10,2.370369089890853,National,so2,nometeo
11,1.1973875939350405,National,so2,nometeo
12,0.06491794904587644,National,so2,nometeo
13,-0.6708776533379299,National,so2,nometeo
14,0.9096490662727379,National,so2,nometeo
15,1.649580657901809,National,so2,nometeo
16,0.9546706828477292,National,so2,nometeo
17,-0.09921332532950311,National,so2,nometeo
18,-1.4567272231219848,National,so2,nometeo
19,-2.573888434058273,National,so2,nometeo
20,-4.086197759874799,National,so2,nometeo
-21,5.516873303211565,National,so2,meteo
-20,1.5967925065958444,National,so2,meteo
-19,-2.72171194784492,National,so2,meteo
-18,-3.3517091273049884,National,so2,meteo
-17,-0.23037065134789936,National,so2,meteo
-16,0.5521881631362959,National,so2,meteo
-15,-1.3651315779305166,National,so2,meteo
-14,-3.2460912924073284,National,so2,meteo
-13,-2.625504783076204,National,so2,meteo
-12,-2.8797705073644613,National,so2,meteo
-11,0.5314368045278066,National,so2,meteo
-10,0.5015764592067224,National,so2,meteo
-9,0.3099992634344313,National,so2,meteo
-8,1.7776999813546603,National,so2,meteo
-7,-0.7857597289007483,National,so2,meteo
-6,0.7603561796470661,National,so2,meteo
-5,2.291044610275077,National,so2,meteo
-4,1.3538322344731548,National,so2,meteo
-3,2.0142501103144506,National,so2,meteo
-2,2.6951684134904488,National,so2,meteo
-1,2.1377801657807063,National,so2,meteo
0,4.076249185098512,National,so2,meteo
1,5.068021982670801,National,so2,meteo
2,3.9277829231015735,National,so2,meteo
3,2.928962724696959,National,so2,meteo
4,1.8999298991172788,National,so2,meteo
5,1.5116605302288169,National,so2,meteo
6,1.010364161511473,National,so2,meteo
7,0.8714276220727784,National,so2,meteo
8,-0.2961761209524316,National,so2,meteo
9,0.1927712916888471,National,so2,meteo
10,0.8980340853139637,National,so2,meteo
11,1.199070547821864,National,so2,meteo
12,0.9088175797228364,National,so2,meteo
13,0.5321575827563259,National,so2,meteo
14,1.7566461131437527,National,so2,meteo
15,1.3429109621895412,National,so2,meteo
16,-1.011852450651714,National,so2,meteo
17,-1.1935628137841987,National,so2,meteo
18,-2.7692939451701557,National,so2,meteo
19,-2.658965107732997,National,so2,meteo
20,-2.7568735648114986,National,so2,meteo
-21,18.136519180681823,National,no2,nometeo
-20,6.621007570135324,National,no2,nometeo
-19,-2.4234887717692164,National,no2,nometeo
-18,-10.917538834404287,National,no2,nometeo
-17,-9.503948034596387,National,no2,nometeo
-16,2.55738508355361,National,no2,nometeo
-15,1.3112819480629936,National,no2,nometeo
-14,-7.462341668892195,National,no2,nometeo
-13,-9.95747664141836,National,no2,nometeo
-12,-9.672677069349813,National,no2,nometeo
-11,-0.9317243495858047,National,no2,nometeo
-10,3.8383598113470603,National,no2,nometeo
-9,-0.9072099008621128,National,no2,nometeo
-8,-1.5242730384299836,National,no2,nometeo
-7,-2.259719409251982,National,no2,nometeo
-6,0.460997026103235,National,no2,nometeo
-5,10.337050065292383,National,no2,nometeo
-4,7.142420134420597,National,no2,nometeo
-3,5.155376898963123,National,no2,nometeo
-2,3.7192119852140944,National,no2,nometeo
-1,-1.2825473818774729,National,no2,nometeo
0,-0.7093295033847289,National,no2,nometeo
1,0.2278659856787506,National,no2,nometeo
2,3.5116395875512803,National,no2,nometeo
3,2.7340041058804165,National,no2,nometeo
4,0.2211236722015526,National,no2,nometeo
5,-0.3364318620061004,National,no2,nometeo
6,-1.147031679227167,National,no2,nometeo
7,-3.002740368779463,National,no2,nometeo
8,-4.8524457938898795,National,no2,nometeo
9,-4.966923855528478,National,no2,nometeo
10,-6.290933295268024,National,no2,nometeo
11,-7.711081846767225,National,no2,nometeo
12,-9.749061628820757,National,no2,nometeo
13,-13.028311830177994,National,no2,nometeo
14,-10.901167470776286,National,no2,nometeo
15,-11.973213922020292,National,no2,nometeo
16,-12.479124273489894,National,no2,nometeo
17,-13.618922072760459,National,no2,nometeo
18,-15.897201844002083,National,no2,nometeo
19,-17.441645340023697,National,no2,nometeo
20,-21.776070786642784,National,no2,nometeo
-21,12.54274864660852,National,no2,meteo
-20,7.169437661077673,National,no2,meteo
-19,-0.4310624072966389,National,no2,meteo
-18,-6.473456997156223,National,no2,meteo
-17,-5.917363604970081,National,no2,meteo
-16,-0.5975663507992328,National,no2,meteo
-15,-0.41442382865313476,National,no2,meteo
-14,-5.851406147795554,National,no2,meteo
-13,-7.583838752150582,National,no2,meteo
-12,-8.946116834407501,National,no2,meteo
-11,-2.570572721534088,National,no2,meteo
-10,2.130498749852581,National,no2,meteo
-9,0.28627416024281604,National,no2,meteo
-8,0.7348814519730889,National,no2,meteo
-7,-1.3315613391102277,National,no2,meteo
-6,-1.3824761927662603,National,no2,meteo
-5,6.153633886912107,National,no2,meteo
-4,7.336909940558628,National,no2,meteo
-3,5.145460679414107,National,no2,meteo
-2,3.714309989778748,National,no2,meteo
-1,3.969244483105894,National,no2,meteo
0,5.643545635755744,National,no2,meteo
1,5.724684319464146,National,no2,meteo
2,-0.05010260793552668,National,no2,meteo
3,0.8396287504000775,National,no2,meteo
4,-1.6084305025780932,National,no2,meteo
5,-2.114970445453249,National,no2,meteo
6,-4.188755465636785,National,no2,meteo
7,-5.158084276626603,National,no2,meteo
8,-7.764737936976038,National,no2,meteo
9,-6.038153675082317,National,no2,meteo
10,-6.514025040030987,National,no2,meteo
11,-5.9148846150566,National,no2,meteo
12,-6.9754414011493715,National,no2,meteo
13,-9.285713800345402,National,no2,meteo
14,-5.55397402280196,National,no2,meteo
15,-9.589131910111385,National,no2,meteo
16,-14.338561828609919,National,no2,meteo
17,-13.576740134986746,National,no2,meteo
18,-18.410109819156506,National,no2,meteo
19,-17.01695760844266,National,no2,meteo
20,-16.664218238588642,National,no2,meteo
-21,2.0759988742938873,National,o3,nometeo
-20,3.4019584334680766,National,o3,nometeo
-19,-2.1893440781265054,National,o3,nometeo
-18,8.361988195894586,National,o3,nometeo
-17,15.233335862997109,National,o3,nometeo
-16,-0.7534307191556451,National,o3,nometeo
-15,-4.454534192377758,National,o3,nometeo
-14,-10.017163200136654,National,o3,nometeo
-13,-9.291013885717813,National,o3,nometeo
-12,-8.387478020601819,National,o3,nometeo
-11,-5.719268113965621,National,o3,nometeo
-10,-8.540787754794763,National,o3,nometeo
-9,-9.252774873720334,National,o3,nometeo
-8,-4.028619914448943,National,o3,nometeo
-7,-1.4705617966740405,National,o3,nometeo
-6,12.846513337365511,National,o3,nometeo
-5,13.106273471894536,National,o3,nometeo
-4,4.128159527120233,National,o3,nometeo
-3,4.950748846685975,National,o3,nometeo
-2,4.371590296683426,National,o3,nometeo
-1,-0.23485963436207946,National,o3,nometeo
0,0.556615303843639,National,o3,nometeo
1,7.306636497473806,National,o3,nometeo
2,9.220816562741215,National,o3,nometeo
3,16.323867390085873,National,o3,nometeo
4,26.379154277653747,National,o3,nometeo
5,31.156513513398885,National,o3,nometeo
6,31.888798910591223,National,o3,nometeo
7,27.172203552582836,National,o3,nometeo
8,21.087011945865672,National,o3,nometeo
9,22.344531187901666,National,o3,nometeo
10,18.95467746216881,National,o3,nometeo
11,8.965329101543489,National,o3,nometeo
12,6.64664297994732,National,o3,nometeo
13,12.063256441712555,National,o3,nometeo
14,15.138802372796917,National,o3,nometeo
15,17.62461752597498,National,o3,nometeo
16,15.307652421082217,National,o3,nometeo
17,6.660488133293475,National,o3,nometeo
18,4.698948204644521,National,o3,nometeo
19,-6.294816618054788,National,o3,nometeo
20,-14.784163745002306,National,o3,nometeo
-21,0.9587985870813824,National,o3,meteo
-20,5.510817255947739,National,o3,meteo
-19,10.71098064950816,National,o3,meteo
-18,10.39988915457838,National,o3,meteo
-17,3.5478790164212235,National,o3,meteo
-16,-0.9729639791304503,National,o3,meteo
-15,1.7823996795316888,National,o3,meteo
-14,-1.3552154361566027,National,o3,meteo
-13,-5.070939223288994,National,o3,meteo
-12,-7.624715797545142,National,o3,meteo
-11,-4.446983940812153,National,o3,meteo
-10,-0.8215867578894676,National,o3,meteo
-9,-4.91840592016357,National,o3,meteo
-8,-7.0705669208313155,National,o3,meteo
-7,-8.108072902350909,National,o3,meteo
-6,-2.1393138085475636,National,o3,meteo
-5,4.4939775263872574,National,o3,meteo
-4,5.111009851520841,National,o3,meteo
-3,0.013012965739491967,National,o3,meteo
-2,-1.8470626814861018,National,o3,meteo
-1,0.6091804614546785,National,o3,meteo
0,3.2838742775185064,National,o3,meteo
1,7.407734363310868,National,o3,meteo
2,-3.1203782439280725,National,o3,meteo
3,-0.6707910594306927,National,o3,meteo
4,6.866691696464547,National,o3,meteo
5,7.483599485383622,National,o3,meteo
6,12.16753640929921,National,o3,meteo
7,8.052372142470997,National,o3,meteo
8,7.6972060754923985,National,o3,meteo
9,9.789174302015843,National,o3,meteo
10,4.487739749547461,National,o3,meteo
11,-1.7910151597287916,National,o3,meteo
12,-0.9401987352310142,National,o3,meteo
13,-5.721927440938672,National,o3,meteo
14,-1.5029618211436355,National,o3,meteo
15,-0.5368393959031634,National,o3,meteo
16,1.5885316317845402,National,o3,meteo
17,2.9270706730952134,National,o3,meteo
18,-4.991809704232538,National,o3,meteo
19,-11.508168553212785,National,o3,meteo
20,-10.044901525024414,National,o3,meteo
-21,0.23325415003184702,National,co,nometeo
-20,0.14652045682660617,National,co,nometeo
-19,-0.10448885184481675,National,co,nometeo
-18,-0.25541384948439216,National,co,nometeo
-17,-0.21678172601718837,National,co,nometeo
-16,0.03507022704494624,National,co,nometeo
-15,0.030187443274841692,National,co,nometeo
-14,-0.13302734411875217,National,co,nometeo
-13,-0.11703673031134053,National,co,nometeo
-12,-0.1285000659785696,National,co,nometeo
-11,0.060152472270011234,National,co,nometeo
-10,0.08577801742472546,National,co,nometeo
-9,0.017500828195009803,National,co,nometeo
-8,0.11934092543891317,National,co,nometeo
-7,0.046576761488028966,National,co,nometeo
-6,-0.005479415165308331,National,co,nometeo
-5,0.13214032763426387,National,co,nometeo
-4,0.004934614977030918,National,co,nometeo
-3,0.049271758314143474,National,co,nometeo
-2,0.08033207865973467,National,co,nometeo
-1,-0.06821574603770972,National,co,nometeo
0,-0.07409076424203177,National,co,nometeo
1,-0.012891288092600248,National,co,nometeo
2,0.19061645022583595,National,co,nometeo
3,0.23384845489858147,National,co,nometeo
4,0.12941320486672994,National,co,nometeo
5,0.049647890811172525,National,co,nometeo
6,-0.011712618461450233,National,co,nometeo
7,-0.0777154246645111,National,co,nometeo
8,-0.15472836831672848,National,co,nometeo
9,-0.1357870026188175,National,co,nometeo
10,-0.1253429993926537,National,co,nometeo
11,-0.14457769670961235,National,co,nometeo
12,-0.15154219310965283,National,co,nometeo
13,-0.15713730614491778,National,co,nometeo
14,-0.19984384828005508,National,co,nometeo
15,-0.24249883706962305,National,co,nometeo
16,-0.19923397540764481,National,co,nometeo
17,-0.23604846031154686,National,co,nometeo
18,-0.23609815130077189,National,co,nometeo
19,-0.22875910860633447,National,co,nometeo
20,-0.3906926222644278,National,co,nometeo
-21,0.117193410006137,National,co,meteo
-20,0.0988119786305643,National,co,meteo
-19,-0.1336753343940063,National,co,meteo
-18,-0.17865109048250843,National,co,meteo
-17,-0.08409576797995715,National,co,meteo
-16,-0.04147381907942259,National,co,meteo
-15,-0.07008543244460082,National,co,meteo
-14,-0.12898093584735326,National,co,meteo
-13,-0.0740666715876775,National,co,meteo
-12,-0.09400721845639497,National,co,meteo
-11,0.02325630596471577,National,co,meteo
-10,-0.004965664846480589,National,co,meteo
-9,0.023368538247137208,National,co,meteo
-8,0.17369033623119837,National,co,meteo
-7,0.08684348698043681,National,co,meteo
-6,0.031534237358548545,National,co,meteo
-5,0.09784616485845997,National,co,meteo
-4,0.04908269389376513,National,co,meteo
-3,0.10837478294743909,National,co,meteo
-2,0.10535262023246743,National,co,meteo
-1,0.06621381568884055,National,co,meteo
0,0.1292390874912013,National,co,meteo
1,0.18066220096233565,National,co,meteo
2,0.12938535440018556,National,co,meteo
3,0.22276647692136892,National,co,meteo
4,0.14237912153461843,National,co,meteo
5,0.08512496195518693,National,co,meteo
6,0.004433900007545399,National,co,meteo
7,-0.02821905074706331,National,co,meteo
8,-0.1269892838740468,National,co,meteo
9,-0.05250799909705599,National,co,meteo
10,-0.015588490754012668,National,co,meteo
11,-0.035426340044882834,National,co,meteo
12,-0.04925710893727457,National,co,meteo
13,0.011095337216193685,National,co,meteo
14,0.06955232865452786,National,co,meteo
15,-0.06004477940836149,National,co,meteo
16,-0.14518284202780596,National,co,meteo
17,-0.18803289289205138,National,co,meteo
18,-0.2838427221215502,National,co,meteo
19,-0.23990462003122232,National,co,meteo
20,-0.2795720403894177,National,co,meteo
-21,19.595918995951248,Guangdong,pm2_5,nometeo
-20,21.283274076096085,Guangdong,pm2_5,nometeo
-19,10.762282683375068,Guangdong,pm2_5,nometeo
-18,4.217333399040454,Guangdong,pm2_5,nometeo
-17,-13.122313192160032,Guangdong,pm2_5,nometeo
-16,-5.995298325284313,Guangdong,pm2_5,nometeo
-15,13.319492857647319,Guangdong,pm2_5,nometeo
-14,-7.734747481591839,Guangdong,pm2_5,nometeo
-13,-25.8061395358054,Guangdong,pm2_5,nometeo
-12,-17.92865943459789,Guangdong,pm2_5,nometeo
-11,-12.019590437829436,Guangdong,pm2_5,nometeo
-10,-7.602071288734123,Guangdong,pm2_5,nometeo
-9,-8.080730173551892,Guangdong,pm2_5,nometeo
-8,-17.086148997059567,Guangdong,pm2_5,nometeo
-7,-4.223434333816744,Guangdong,pm2_5,nometeo
-6,6.634593269698627,Guangdong,pm2_5,nometeo
-5,8.827238234465709,Guangdong,pm2_5,nometeo
-4,21.04569917502155,Guangdong,pm2_5,nometeo
-3,13.913300509135183,Guangdong,pm2_5,nometeo
-2,7.310489434575087,Guangdong,pm2_5,nometeo
-1,0.2364936544999665,Guangdong,pm2_5,nometeo
0,-4.528555699342416,Guangdong,pm2_5,nometeo
1,-14.068942279848969,Guangdong,pm2_5,nometeo
2,-2.4907447744561004,Guangdong,pm2_5,nometeo
3,3.5319759814510103,Guangdong,pm2_5,nometeo
4,13.362478847234462,Guangdong,pm2_5,nometeo
5,20.32558574645093,Guangdong,pm2_5,nometeo
6,23.96839419447057,Guangdong,pm2_5,nometeo
7,20.69638122528613,Guangdong,pm2_5,nometeo
8,17.13185021291678,Guangdong,pm2_5,nometeo
9,19.147322455283458,Guangdong,pm2_5,nometeo
10,1.1613311757837455,Guangdong,pm2_5,nometeo
11,2.0326298363364046,Guangdong,pm2_5,nometeo
12,10.858706696691392,Guangdong,pm2_5,nometeo
13,13.034265487018114,Guangdong,pm2_5,nometeo
14,0.5043319884948545,Guangdong,pm2_5,nometeo
15,-3.751988847943551,Guangdong,pm2_5,nometeo
16,14.438577460856667,Guangdong,pm2_5,nometeo
17,27.692930026292167,Guangdong,pm2_5,nometeo
18,25.67961351741146,Guangdong,pm2_5,nometeo
19,16.251323929505148,Guangdong,pm2_5,nometeo
20,1.0881714189383604,Guangdong,pm2_5,nometeo
-21,22.01016012247043,Guangdong,pm2_5,meteo
-20,19.798572401386686,Guangdong,pm2_5,meteo
-19,3.425197458501568,Guangdong,pm2_5,meteo
-18,-6.744829733579351,Guangdong,pm2_5,meteo
-17,-7.2160999859823285,Guangdong,pm2_5,meteo
-16,-1.8794369556322899,Guangdong,pm2_5,meteo
-15,1.3131535223530584,Guangdong,pm2_5,meteo
-14,-17.209243753718372,Guangdong,pm2_5,meteo
-13,-24.75464918826646,Guangdong,pm2_5,meteo
-12,-18.11904587296608,Guangdong,pm2_5,meteo
-11,-11.87528260703592,Guangdong,pm2_5,meteo
-10,-9.497566164190136,Guangdong,pm2_5,meteo
-9,-14.556815975695105,Guangdong,pm2_5,meteo
-8,-10.002999517326415,Guangdong,pm2_5,meteo
-7,-0.5570563665279522,Guangdong,pm2_5,meteo
-6,16.36456448473149,Guangdong,pm2_5,meteo
-5,18.439411677800695,Guangdong,pm2_5,meteo
-4,23.245627859106825,Guangdong,pm2_5,meteo
-3,17.81633859456971,Guangdong,pm2_5,meteo
-2,15.586477608513576,Guangdong,pm2_5,meteo
-1,6.357863018914927,Guangdong,pm2_5,meteo
0,3.0001682131082053,Guangdong,pm2_5,meteo
1,4.06511283324871,Guangdong,pm2_5,meteo
2,18.629154233166847,Guangdong,pm2_5,meteo
3,22.13700980965151,Guangdong,pm2_5,meteo
4,27.71613154509854,Guangdong,pm2_5,meteo
5,28.09847292631295,Guangdong,pm2_5,meteo
6,22.99660212139643,Guangdong,pm2_5,meteo
7,25.86450145355592,Guangdong,pm2_5,meteo
8,27.239062511883148,Guangdong,pm2_5,meteo
9,26.418893003754455,Guangdong,pm2_5,meteo
10,13.079415809725111,Guangdong,pm2_5,meteo
11,16.197583126699435,Guangdong,pm2_5,meteo
12,17.50243917015983,Guangdong,pm2_5,meteo
13,26.924998440175045,Guangdong,pm2_5,meteo
14,22.046492180797,Guangdong,pm2_5,meteo
15,18.90626864560102,Guangdong,pm2_5,meteo
16,27.996587003275813,Guangdong,pm2_5,meteo
17,31.942181864910665,Guangdong,pm2_5,meteo
18,25.053383858083173,Guangdong,pm2_5,meteo
19,10.009821463890685,Guangdong,pm2_5,meteo
20,-7.068440360397368,Guangdong,pm2_5,meteo
-21,28.587234207697954,Guangdong,pm10,nometeo
-20,28.446765108898646,Guangdong,pm10,nometeo
-19,20.867568476932767,Guangdong,pm10,nometeo
-18,9.012679430014511,Guangdong,pm10,nometeo
-17,-12.560572534179187,Guangdong,pm10,nometeo
-16,-3.593015704595377,Guangdong,pm10,nometeo
-15,19.827233373659457,Guangdong,pm10,nometeo
-14,-5.375573329901368,Guangdong,pm10,nometeo
-13,-33.57829927115547,Guangdong,pm10,nometeo
-12,-23.6398285851972,Guangdong,pm10,nometeo
-11,-16.71967421587699,Guangdong,pm10,nometeo
-10,-11.107664240994705,Guangdong,pm10,nometeo
-9,-10.713138656570546,Guangdong,pm10,nometeo
-8,-23.58304976998585,Guangdong,pm10,nometeo
-7,-10.079341865790184,Guangdong,pm10,nometeo
-6,3.9820565479881935,Guangdong,pm10,nometeo
-5,5.696073753295315,Guangdong,pm10,nometeo
-4,20.850678094342815,Guangdong,pm10,nometeo
-3,13.679869181417189,Guangdong,pm10,nometeo
-2,1.3115597263199152,Guangdong,pm10,nometeo
-1,-5.360552338924613,Guangdong,pm10,nometeo
0,-8.33022093459876,Guangdong,pm10,nometeo
1,-19.93857872048907,Guangdong,pm10,nometeo
2,-7.910403188096467,Guangdong,pm10,nometeo
3,-3.197043270159593,Guangdong,pm10,nometeo
4,7.006291614039464,Guangdong,pm10,nometeo
5,15.449742187736096,Guangdong,pm10,nometeo
6,20.515940862198782,Guangdong,pm10,nometeo
7,17.46609605414563,Guangdong,pm10,nometeo
8,15.41747612734908,Guangdong,pm10,nometeo
9,17.38891282702374,Guangdong,pm10,nometeo
10,-5.578605765475647,Guangdong,pm10,nometeo
11,-4.615023450812171,Guangdong,pm10,nometeo
12,9.773453775444265,Guangdong,pm10,nometeo
13,12.240741797435282,Guangdong,pm10,nometeo
14,-3.5580067141130556,Guangdong,pm10,nometeo
15,-12.643635120929886,Guangdong,pm10,nometeo
16,12.87125072610291,Guangdong,pm10,nometeo
17,25.37287081857999,Guangdong,pm10,nometeo
18,28.69864686994233,Guangdong,pm10,nometeo
19,15.845036869088908,Guangdong,pm10,nometeo
20,-4.550446894671261,Guangdong,pm10,nometeo
-21,32.51880107587648,Guangdong,pm10,meteo
-20,26.532449667711553,Guangdong,pm10,meteo
-19,9.360930507641733,Guangdong,pm10,meteo
-18,-8.504222098794326,Guangdong,pm10,meteo
-17,-5.825922798461793,Guangdong,pm10,meteo
-16,2.294224568061729,Guangdong,pm10,meteo
-15,3.124477198217562,Guangdong,pm10,meteo
-14,-18.448776741100993,Guangdong,pm10,meteo
-13,-32.93918605690025,Guangdong,pm10,meteo
-12,-24.291043478283065,Guangdong,pm10,meteo
-11,-16.772930455288005,Guangdong,pm10,meteo
-10,-12.713542865173558,Guangdong,pm10,meteo
-9,-20.036391154502105,Guangdong,pm10,meteo
-8,-14.120187494192663,Guangdong,pm10,meteo
-7,-4.682045544970052,Guangdong,pm10,meteo
-6,18.722505794976993,Guangdong,pm10,meteo
-5,20.66032572979363,Guangdong,pm10,meteo
-4,25.478407244581565,Guangdong,pm10,meteo
-3,19.642126900805543,Guangdong,pm10,meteo
-2,13.122487468344495,Guangdong,pm10,meteo
-1,3.921738528335542,Guangdong,pm10,meteo
0,3.28018600667027,Guangdong,pm10,meteo
1,7.9077858577330975,Guangdong,pm10,meteo
2,24.394164291667796,Guangdong,pm10,meteo
3,25.427316967138633,Guangdong,pm10,meteo
4,28.042595490564526,Guangdong,pm10,meteo
5,25.74363106663907,Guangdong,pm10,meteo
6,18.807271338366604,Guangdong,pm10,meteo
7,25.10133995038852,Guangdong,pm10,meteo
8,30.316022311013327,Guangdong,pm10,meteo
9,28.83541814006275,Guangdong,pm10,meteo
10,13.485884427783931,Guangdong,pm10,meteo
11,17.13522184107012,Guangdong,pm10,meteo
12,19.970323036364455,Guangdong,pm10,meteo
13,31.94701617023349,Guangdong,pm10,meteo
14,26.392979940190774,Guangdong,pm10,meteo
15,20.44537164707746,Guangdong,pm10,meteo
16,33.76075523069023,Guangdong,pm10,meteo
17,32.72705543290488,Guangdong,pm10,meteo
18,27.78222964063711,Guangdong,pm10,meteo
19,6.428217493111065,Guangdong,pm10,meteo
20,-17.377487455127415,Guangdong,pm10,meteo
-21,2.1218490408122124,Guangdong,so2,nometeo
-20,1.0829062653123822,Guangdong,so2,nometeo
-19,1.00343929448196,Guangdong,so2,nometeo
-18,0.6741330434831114,Guangdong,so2,nometeo
-17,0.4114020729428356,Guangdong,so2,nometeo
-16,0.46041700252267104,Guangdong,so2,nometeo
-15,1.0415180630551966,Guangdong,so2,nometeo
-14,-0.9690537613715118,Guangdong,so2,nometeo
-13,-0.8615409476540206,Guangdong,so2,nometeo
-12,-0.3753254837555866,Guangdong,so2,nometeo
-11,-0.9305867983464144,Guangdong,so2,nometeo
-10,-1.688869669985546,Guangdong,so2,nometeo
-9,-1.7455613048056011,Guangdong,so2,nometeo
-8,-0.861832707214782,Guangdong,so2,nometeo
-7,0.12319018403941037,Guangdong,so2,nometeo
-6,-0.49723890189490483,Guangdong,so2,nometeo
-5,0.46509325009931934,Guangdong,so2,nometeo
-4,0.20924987555240493,Guangdong,so2,nometeo
-3,0.33681148272686423,Guangdong,so2,nometeo
-2,0.41260397682238986,Guangdong,so2,nometeo
-1,-0.18649773942929415,Guangdong,so2,nometeo
0,-0.14790938868694004,Guangdong,so2,nometeo
1,-0.22695648923901024,Guangdong,so2,nometeo
2,0.4491134737100526,Guangdong,so2,nometeo
3,1.2014595485009467,Guangdong,so2,nometeo
4,1.7789202401718625,Guangdong,so2,nometeo
5,2.1239388591399564,Guangdong,so2,nometeo
6,2.4113361884112554,Guangdong,so2,nometeo
7,1.7200859873582386,Guangdong,so2,nometeo
8,0.8787841619453394,Guangdong,so2,nometeo
9,0.6988519200667043,Guangdong,so2,nometeo
10,0.03280981900818081,Guangdong,so2,nometeo
11,-0.2218215662116758,Guangdong,so2,nometeo
12,0.6100929918610472,Guangdong,so2,nometeo
13,0.5439208213837318,Guangdong,so2,nometeo
14,0.02971336608163727,Guangdong,so2,nometeo
15,0.36169965400386156,Guangdong,so2,nometeo
16,1.3264063179966255,Guangdong,so2,nometeo
17,0.5690204981491347,Guangdong,so2,nometeo
18,1.0845512281313685,Guangdong,so2,nometeo
19,0.7146660821820863,Guangdong,so2,nometeo
20,-0.16972711328345635,Guangdong,so2,nometeo
-21,1.8222897514717014,Guangdong,so2,meteo
-20,1.3527799129753113,Guangdong,so2,meteo
-19,0.8479621459789118,Guangdong,so2,meteo
-18,-0.2673868674147162,Guangdong,so2,meteo
-17,0.6048341327107594,Guangdong,so2,meteo
-16,0.6217455266052577,Guangdong,so2,meteo
-15,0.5230088669315458,Guangdong,so2,meteo
-14,-0.7045055937362227,Guangdong,so2,meteo
-13,-0.6728898396903954,Guangdong,so2,meteo
-12,-0.7237523445758359,Guangdong,so2,meteo
-11,-1.0108342066311753,Guangdong,so2,meteo
-10,-0.9512392860935898,Guangdong,so2,meteo
-9,-1.789119995882515,Guangdong,so2,meteo
-8,-0.7355159971837678,Guangdong,so2,meteo
-7,-0.41343391564082654,Guangdong,so2,meteo
-6,-0.36474199093644166,Guangdong,so2,meteo
-5,0.4071117527236532,Guangdong,so2,meteo
-4,0.8472650103561563,Guangdong,so2,meteo
-3,0.6064229380321905,Guangdong,so2,meteo
-2,1.1843576156083395,Guangdong,so2,meteo
-1,0.5155706002500247,Guangdong,so2,meteo
0,0.5622195078721599,Guangdong,so2,meteo
1,0.8896240081671952,Guangdong,so2,meteo
2,0.9955842287491478,Guangdong,so2,meteo
3,0.8942621774159353,Guangdong,so2,meteo
4,0.6585793961734299,Guangdong,so2,meteo
5,0.46703393500369417,Guangdong,so2,meteo
6,0.5320644688674127,Guangdong,so2,meteo
7,1.3767854248567573,Guangdong,so2,meteo
8,1.1079896740249477,Guangdong,so2,meteo
9,0.7537474586235299,Guangdong,so2,meteo
10,0.8234898746303503,Guangdong,so2,meteo
11,0.5859767047429919,Guangdong,so2,meteo
12,0.6626129005610135,Guangdong,so2,meteo
13,0.8459849460042042,Guangdong,so2,meteo
14,0.430878608301021,Guangdong,so2,meteo
15,0.5365799575204582,Guangdong,so2,meteo
16,0.7076594022594264,Guangdong,so2,meteo
17,0.5705701730601693,Guangdong,so2,meteo
18,0.6047021742851878,Guangdong,so2,meteo
19,0.36895927750119006,Guangdong,so2,meteo
20,-0.3102496918518487,Guangdong,so2,meteo
-21,10.553234465837459,Guangdong,no2,nometeo
-20,7.157011722191908,Guangdong,no2,nometeo
-19,6.502201237982863,Guangdong,no2,nometeo
-18,5.474548400759618,Guangdong,no2,nometeo
-17,-9.01456368535942,Guangdong,no2,nometeo
-16,-2.022197296368228,Guangdong,no2,nometeo
-15,13.826040686275684,Guangdong,no2,nometeo
-14,5.68139582426689,Guangdong,no2,nometeo
-13,-11.598903293169927,Guangdong,no2,nometeo
-12,-9.241081517466094,Guangdong,no2,nometeo
-11,-11.413702993236281,Guangdong,no2,nometeo
-10,-1.5275166590596765,Guangdong,no2,nometeo
-9,-1.6937939510196252,Guangdong,no2,nometeo
-8,-7.499713058460076,Guangdong,no2,nometeo
-7,-7.293186202928316,Guangdong,no2,nometeo
-6,-2.707945866504865,Guangdong,no2,nometeo
-5,1.2644047261389852,Guangdong,no2,nometeo
-4,9.699175690905395,Guangdong,no2,nometeo
-3,3.854591769213716,Guangdong,no2,nometeo
-2,1.2852633714224506,Guangdong,no2,nometeo
-1,1.3689965492302782,Guangdong,no2,nometeo
0,2.14617074774272,Guangdong,no2,nometeo
1,0.9063637822231962,Guangdong,no2,nometeo
2,0.057172062470068674,Guangdong,no2,nometeo
3,-0.05390252991985234,Guangdong,no2,nometeo
4,-0.07550521257782439,Guangdong,no2,nometeo
5,0.04310419097455043,Guangdong,no2,nometeo
6,0.8826087444877722,Guangdong,no2,nometeo
7,-0.2120490155504342,Guangdong,no2,nometeo
8,-6.783980628395419,Guangdong,no2,nometeo
9,-3.111610264495159,Guangdong,no2,nometeo
10,-6.079176607311069,Guangdong,no2,nometeo
11,-6.695543403828379,Guangdong,no2,nometeo
12,-3.651553779248509,Guangdong,no2,nometeo
13,-6.25585539491418,Guangdong,no2,nometeo
14,-11.64201194216042,Guangdong,no2,nometeo
15,-10.489422394548226,Guangdong,no2,nometeo
16,-4.172119928455304,Guangdong,no2,nometeo
17,-0.6394342170718179,Guangdong,no2,nometeo
18,-1.7938738550427233,Guangdong,no2,nometeo
19,0.5815513833904085,Guangdong,no2,nometeo
20,-6.0997201055426995,Guangdong,no2,nometeo
-21,14.427323521977069,Guangdong,no2,meteo
-20,9.558953302545671,Guangdong,no2,meteo
-19,2.681541482272234,Guangdong,no2,meteo
-18,-2.9879256477445413,Guangdong,no2,meteo
-17,-1.9441866271356556,Guangdong,no2,meteo
-16,1.5414581629042665,Guangdong,no2,meteo
-15,3.4758217322071596,Guangdong,no2,meteo
-14,-3.441266438667407,Guangdong,no2,meteo
-13,-12.566111407424168,Guangdong,no2,meteo
-12,-10.357881562285025,Guangdong,no2,meteo
-11,-12.155939418722115,Guangdong,no2,meteo
-10,-5.19028419979187,Guangdong,no2,meteo
-9,-8.567010804432558,Guangdong,no2,meteo
-8,-3.1537677528595918,Guangdong,no2,meteo
-7,-6.699322205208992,Guangdong,no2,meteo
-6,3.740117190181742,Guangdong,no2,meteo
-5,8.792867526605653,Guangdong,no2,meteo
-4,13.087717766185687,Guangdong,no2,meteo
-3,9.757895379392421,Guangdong,no2,meteo
-2,9.833266401114528,Guangdong,no2,meteo
-1,7.741822225835387,Guangdong,no2,meteo
0,7.806236789519936,Guangdong,no2,meteo
1,12.698386155177959,Guangdong,no2,meteo
2,13.34675025622802,Guangdong,no2,meteo
3,12.050145554722002,Guangdong,no2,meteo
4,9.25696728480982,Guangdong,no2,meteo
5,3.39544773467835,Guangdong,no2,meteo
6,-3.3161671223862097,Guangdong,no2,meteo
7,1.3711771077295651,Guangdong,no2,meteo
8,0.1795297540347196,Guangdong,no2,meteo
9,1.4255702489063644,Guangdong,no2,meteo
10,2.170822576762614,Guangdong,no2,meteo
11,5.383572500556497,Guangdong,no2,meteo
12,2.8224578563122726,Guangdong,no2,meteo
13,10.772470440587178,Guangdong,no2,meteo
14,10.102485382735123,Guangdong,no2,meteo
15,9.763730727585852,Guangdong,no2,meteo
16,7.9349361526426545,Guangdong,no2,meteo
17,5.371469136323926,Guangdong,no2,meteo
18,2.0480490652103462,Guangdong,no2,meteo
19,-2.4404373392392333,Guangdong,no2,meteo
20,-12.360358286351689,Guangdong,no2,meteo
-21,87.35875676722077,Guangdong,o3,nometeo
-20,62.71916847721212,Guangdong,o3,nometeo
-19,5.073791673029158,Guangdong,o3,nometeo
-18,23.985821882881133,Guangdong,o3,nometeo
-17,30.9374286985407,Guangdong,o3,nometeo
-16,14.987164043866219,Guangdong,o3,nometeo
-15,25.962368534003573,Guangdong,o3,nometeo
-14,-22.0417764331662,Guangdong,o3,nometeo
-13,-36.477605048033816,Guangdong,o3,nometeo
-12,-34.22134531885864,Guangdong,o3,nometeo
-11,-29.38017697916289,Guangdong,o3,nometeo
-10,-12.482986568250888,Guangdong,o3,nometeo
-9,-34.42444601080524,Guangdong,o3,nometeo
-8,-35.46479294391783,Guangdong,o3,nometeo
-7,-32.53332886504961,Guangdong,o3,nometeo
-6,-45.01830429442949,Guangdong,o3,nometeo
-5,-5.5442806843984,Guangdong,o3,nometeo
-4,21.994250573575854,Guangdong,o3,nometeo
-3,14.570292495743479,Guangdong,o3,nometeo
-2,13.912326441622948,Guangdong,o3,nometeo
-1,0.3594571560775588,Guangdong,o3,nometeo
0,-11.297807467595353,Guangdong,o3,nometeo
1,-19.697361636024418,Guangdong,o3,nometeo
2,-0.5001138559133178,Guangdong,o3,nometeo
3,8.355455549771932,Guangdong,o3,nometeo
4,33.91620183364735,Guangdong,o3,nometeo
5,60.44586417875038,Guangdong,o3,nometeo
6,70.16058692893677,Guangdong,o3,nometeo
7,38.370788129206325,Guangdong,o3,nometeo
8,24.951529825687636,Guangdong,o3,nometeo
9,4.9177290492550245,Guangdong,o3,nometeo
10,1.456080489251793,Guangdong,o3,nometeo
11,-3.617348474398545,Guangdong,o3,nometeo
12,30.787489388972546,Guangdong,o3,nometeo
13,23.08128326741687,Guangdong,o3,nometeo
14,26.4960276037089,Guangdong,o3,nometeo
15,18.65049950227884,Guangdong,o3,nometeo
16,25.06964932135546,Guangdong,o3,nometeo
17,2.7615517902863065,Guangdong,o3,nometeo
18,38.05428084903761,Guangdong,o3,nometeo
19,26.12315498889157,Guangdong,o3,nometeo
20,21.910126036828053,Guangdong,o3,nometeo
-21,72.55568318425969,Guangdong,o3,meteo
-20,34.846167782521015,Guangdong,o3,meteo
-19,-7.283985638105361,Guangdong,o3,meteo
-18,15.085768053621017,Guangdong,o3,meteo
-17,-2.123515297576228,Guangdong,o3,meteo
-16,-4.982292962793872,Guangdong,o3,meteo
-15,17.77778865835329,Guangdong,o3,meteo
-14,-5.465202877763118,Guangdong,o3,meteo
-13,-12.450821545945992,Guangdong,o3,meteo
-12,-28.68289483000324,Guangdong,o3,meteo
-11,-16.41388003096283,Guangdong,o3,meteo
-10,7.5254047176556265,Guangdong,o3,meteo
-9,-16.047003925577563,Guangdong,o3,meteo
-8,-18.548586543453897,Guangdong,o3,meteo
-7,-19.314670433266613,Guangdong,o3,meteo
-6,-30.350154010366737,Guangdong,o3,meteo
-5,-2.961165296524787,Guangdong,o3,meteo
-4,18.691819150058425,Guangdong,o3,meteo
-3,-1.8584581541288427,Guangdong,o3,meteo
-2,-4.953125428409019,Guangdong,o3,meteo
-1,-8.05568343879531,Guangdong,o3,meteo
0,7.808031028687243,Guangdong,o3,meteo
1,21.901643348141917,Guangdong,o3,meteo
2,20.359934475431277,Guangdong,o3,meteo
3,20.440006273124734,Guangdong,o3,meteo
4,25.48348319632129,Guangdong,o3,meteo
5,33.13074051182613,Guangdong,o3,meteo
6,40.926231792919054,Guangdong,o3,meteo
7,28.615904088970318,Guangdong,o3,meteo
8,19.401367790586804,Guangdong,o3,meteo
9,17.142443395694922,Guangdong,o3,meteo
10,19.530747588363145,Guangdong,o3,meteo
11,-1.725105286568632,Guangdong,o3,meteo
12,19.765645177718476,Guangdong,o3,meteo
13,-16.784885537926698,Guangdong,o3,meteo
14,-6.759708400928454,Guangdong,o3,meteo
15,6.6576275712457464,Guangdong,o3,meteo
16,8.19207497802621,Guangdong,o3,meteo
17,-4.422836245576023,Guangdong,o3,meteo
18,-1.7058139970345214,Guangdong,o3,meteo
19,11.8778309546083,Guangdong,o3,meteo
20,23.73588226682406,Guangdong,o3,meteo
-21,-0.25475304544811644,Guangdong,co,nometeo
-20,-0.3894543404079664,Guangdong,co,nometeo
-19,-0.44887503302731485,Guangdong,co,nometeo
-18,-0.20683324454067437,Guangdong,co,nometeo
-17,-0.060227956702844136,Guangdong,co,nometeo
-16,-0.06909587653027305,Guangdong,co,nometeo
-15,-0.1304017002931616,Guangdong,co,nometeo
-14,-0.07618266119718062,Guangdong,co,nometeo
-13,0.09710299302937281,Guangdong,co,nometeo
-12,0.08079136106532805,Guangdong,co,nometeo
-11,0.04083892757426134,Guangdong,co,nometeo
-10,0.04178794300928727,Guangdong,co,nometeo
-9,0.11901914300056887,Guangdong,co,nometeo
-8,0.3643155562147292,Guangdong,co,nometeo
-7,0.3010936863082825,Guangdong,co,nometeo
-6,0.3500707312345008,Guangdong,co,nometeo
-5,0.20964268090083035,Guangdong,co,nometeo
-4,-0.011591635439473634,Guangdong,co,nometeo
-3,0.04275247124984403,Guangdong,co,nometeo
-2,0.07606388493423494,Guangdong,co,nometeo
-1,-0.07649408265988225,Guangdong,co,nometeo
0,0.04755614091628734,Guangdong,co,nometeo
1,0.27341722051421813,Guangdong,co,nometeo
2,0.17979617189830577,Guangdong,co,nometeo
3,0.14468994888249373,Guangdong,co,nometeo
4,0.18856730948161424,Guangdong,co,nometeo
5,0.029634168102382823,Guangdong,co,nometeo
6,-0.030802417094064442,Guangdong,co,nometeo
7,0.005612653624491967,Guangdong,co,nometeo
8,-0.06791145972631504,Guangdong,co,nometeo
9,0.058859425213157346,Guangdong,co,nometeo
10,0.13399013494517073,Guangdong,co,nometeo
11,0.01565053746783951,Guangdong,co,nometeo
12,-0.15922308718121936,Guangdong,co,nometeo
13,-0.04541522988052409,Guangdong,co,nometeo
14,-0.1486162385910001,Guangdong,co,nometeo
15,-0.10134472255071797,Guangdong,co,nometeo
16,0.03282503574295736,Guangdong,co,nometeo
17,-0.1583143460715036,Guangdong,co,nometeo
18,-0.17623673660173603,Guangdong,co,nometeo
19,-0.25433960729119487,Guangdong,co,nometeo
20,-0.3237918711654619,Guangdong,co,nometeo
-21,-0.15970473845373714,Guangdong,co,meteo
-20,-0.24643024912444508,Guangdong,co,meteo
-19,-0.4053657595730028,Guangdong,co,meteo
-18,-0.22362104898307852,Guangdong,co,meteo
-17,0.15790357284047965,Guangdong,co,meteo
-16,0.03765208005061377,Guangdong,co,meteo
-15,-0.20442021614528896,Guangdong,co,meteo
-14,-0.23056046950584155,Guangdong,co,meteo
-13,0.006133164035304145,Guangdong,co,meteo
-12,0.04590568295732754,Guangdong,co,meteo
-11,-0.01502451016721204,Guangdong,co,meteo
-10,-0.08631092524366382,Guangdong,co,meteo
-9,-0.016684449110972888,Guangdong,co,meteo
-8,0.34043844445898147,Guangdong,co,meteo
-7,0.23493628675302064,Guangdong,co,meteo
-6,0.3283991484794191,Guangdong,co,meteo
-5,0.24752887446850871,Guangdong,co,meteo
-4,0.024562640885594372,Guangdong,co,meteo
-3,0.16466247137799297,Guangdong,co,meteo
-2,0.2315003708456913,Guangdong,co,meteo
-1,0.012648205445391858,Guangdong,co,meteo
0,0.01219039354969359,Guangdong,co,meteo
1,0.1825600224250816,Guangdong,co,meteo
2,0.160554598456533,Guangdong,co,meteo
3,0.1487603202029925,Guangdong,co,meteo
4,0.26731263033554775,Guangdong,co,meteo
5,0.13850889676981784,Guangdong,co,meteo
6,0.00924290507310202,Guangdong,co,meteo
7,0.030478713311849537,Guangdong,co,meteo
8,-0.002675348428721497,Guangdong,co,meteo
9,0.026237563995668095,Guangdong,co,meteo
10,0.10199010984153299,Guangdong,co,meteo
11,0.0955431896729185,Guangdong,co,meteo
12,-0.06387211638607515,Guangdong,co,meteo
13,0.2824859244503357,Guangdong,co,meteo
14,0.2007298500885718,Guangdong,co,meteo
15,0.1166480562236825,Guangdong,co,meteo
16,0.18072607702268062,Guangdong,co,meteo
17,-0.08158610551273035,Guangdong,co,meteo
18,0.02459520181749772,Guangdong,co,meteo
19,-0.2083253496056641,Guangdong,co,meteo
20,-0.359642246575436,Guangdong,co,meteo
-21,-5.675275777683831,Jiangsu,pm2_5,nometeo
-20,27.197781062962584,Jiangsu,pm2_5,nometeo
-19,-35.54110412854372,Jiangsu,pm2_5,nometeo
-18,-68.1618724550812,Jiangsu,pm2_5,nometeo
-17,-70.22368773607596,Jiangsu,pm2_5,nometeo
-16,-43.06466289454496,Jiangsu,pm2_5,nometeo
-15,-37.02056369482259,Jiangsu,pm2_5,nometeo
-14,-35.51651867729277,Jiangsu,pm2_5,nometeo
-13,9.652264765429836,Jiangsu,pm2_5,nometeo
-12,27.37302901489747,Jiangsu,pm2_5,nometeo
-11,53.93204621829543,Jiangsu,pm2_5,nometeo
-10,28.786974543972427,Jiangsu,pm2_5,nometeo
-9,-16.469136926548188,Jiangsu,pm2_5,nometeo
-8,-19.38761008107739,Jiangsu,pm2_5,nometeo
-7,19.781542046931648,Jiangsu,pm2_5,nometeo
-6,49.76515587365565,Jiangsu,pm2_5,nometeo
-5,88.97320688942744,Jiangsu,pm2_5,nometeo
-4,34.18556606295693,Jiangsu,pm2_5,nometeo
-3,-8.587134106858818,Jiangsu,pm2_5,nometeo
-2,-60.11350564771946,Jiangsu,pm2_5,nometeo
-1,-45.648989075773116,Jiangsu,pm2_5,nometeo
0,-61.262287793992975,Jiangsu,pm2_5,nometeo
1,-50.39173369367317,Jiangsu,pm2_5,nometeo
2,-2.54658373566493,Jiangsu,pm2_5,nometeo
3,55.24298370055371,Jiangsu,pm2_5,nometeo
4,38.925291111537966,Jiangsu,pm2_5,nometeo
5,32.92145857278046,Jiangsu,pm2_5,nometeo
6,13.419130798962788,Jiangsu,pm2_5,nometeo
7,6.4600211249733075,Jiangsu,pm2_5,nometeo
8,4.049275781496851,Jiangsu,pm2_5,nometeo
9,20.008755531202077,Jiangsu,pm2_5,nometeo
10,-5.13111779177484,Jiangsu,pm2_5,nometeo
11,-13.8215193866983,Jiangsu,pm2_5,nometeo
12,-12.768275426462568,Jiangsu,pm2_5,nometeo
13,2.0697704433474495,Jiangsu,pm2_5,nometeo
14,7.40606886608869,Jiangsu,pm2_5,nometeo
15,-4.66410616314716,Jiangsu,pm2_5,nometeo
16,-37.84332682874718,Jiangsu,pm2_5,nometeo
17,-33.09308702741034,Jiangsu,pm2_5,nometeo
18,-78.72472353451592,Jiangsu,pm2_5,nometeo
19,-74.41811886742391,Jiangsu,pm2_5,nometeo
20,-78.02375650493589,Jiangsu,pm2_5,nometeo
-21,-17.716140701134353,Jiangsu,pm2_5,meteo
-20,36.6992350759984,Jiangsu,pm2_5,meteo
-19,-36.57620789017291,Jiangsu,pm2_5,meteo
-18,-62.67713336335743,Jiangsu,pm2_5,meteo
-17,-56.62894074840831,Jiangsu,pm2_5,meteo
-16,-31.020716296108052,Jiangsu,pm2_5,meteo
-15,-26.8433502767319,Jiangsu,pm2_5,meteo
-14,-29.277675214302885,Jiangsu,pm2_5,meteo
-13,13.753389593120286,Jiangsu,pm2_5,meteo
-12,28.618751596974487,Jiangsu,pm2_5,meteo
-11,46.730955515909855,Jiangsu,pm2_5,meteo
-10,35.0442078852475,Jiangsu,pm2_5,meteo
-9,-8.713232127949102,Jiangsu,pm2_5,meteo
-8,-22.853143999720714,Jiangsu,pm2_5,meteo
-7,7.208728576952165,Jiangsu,pm2_5,meteo
-6,34.54915638741488,Jiangsu,pm2_5,meteo
-5,67.83096616279192,Jiangsu,pm2_5,meteo
-4,48.30015234386585,Jiangsu,pm2_5,meteo
-3,-26.429002520389634,Jiangsu,pm2_5,meteo
-2,-52.61585291474661,Jiangsu,pm2_5,meteo
-1,-31.845690488477782,Jiangsu,pm2_5,meteo
0,-37.62394481301622,Jiangsu,pm2_5,meteo
1,-15.001723512144654,Jiangsu,pm2_5,meteo
2,-26.46556187409449,Jiangsu,pm2_5,meteo
3,24.699860976698897,Jiangsu,pm2_5,meteo
4,15.161122289380838,Jiangsu,pm2_5,meteo
5,14.48121172849969,Jiangsu,pm2_5,meteo
6,-0.4217801806092645,Jiangsu,pm2_5,meteo
7,-10.43554923742261,Jiangsu,pm2_5,meteo
8,-6.516158982020539,Jiangsu,pm2_5,meteo
9,9.092820929661375,Jiangsu,pm2_5,meteo
10,-10.70654081776549,Jiangsu,pm2_5,meteo
11,-10.702440831414927,Jiangsu,pm2_5,meteo
12,-0.4760546975442175,Jiangsu,pm2_5,meteo
13,-16.808948154680316,Jiangsu,pm2_5,meteo
14,-4.077119833191325,Jiangsu,pm2_5,meteo
15,-28.338219153765518,Jiangsu,pm2_5,meteo
16,-55.35213195546331,Jiangsu,pm2_5,meteo
17,-29.684279167802817,Jiangsu,pm2_5,meteo
18,-91.5391165815129,Jiangsu,pm2_5,meteo
19,-74.45524635851147,Jiangsu,pm2_5,meteo
20,-80.20021794726289,Jiangsu,pm2_5,meteo
-21,-4.484802277794005,Jiangsu,pm10,nometeo
-20,25.018542559814286,Jiangsu,pm10,nometeo
-19,-56.225984610811,Jiangsu,pm10,nometeo
-18,-91.46191884251623,Jiangsu,pm10,nometeo
-17,-85.17699545431027,Jiangsu,pm10,nometeo
-16,-52.807917940477736,Jiangsu,pm10,nometeo
-15,-47.95054393941575,Jiangsu,pm10,nometeo
-14,-49.8471070127395,Jiangsu,pm10,nometeo
-13,6.6838045643748725,Jiangsu,pm10,nometeo
-12,36.411474456865754,Jiangsu,pm10,nometeo
-11,58.82118712677595,Jiangsu,pm10,nometeo
-10,37.25379617680008,Jiangsu,pm10,nometeo
-9,-18.882138879858402,Jiangsu,pm10,nometeo
-8,-22.81140401253223,Jiangsu,pm10,nometeo
-7,10.008984919188935,Jiangsu,pm10,nometeo
-6,62.285124895858615,Jiangsu,pm10,nometeo
-5,122.82892044166931,Jiangsu,pm10,nometeo
-4,61.63138104011705,Jiangsu,pm10,nometeo
-3,8.705596788990276,Jiangsu,pm10,nometeo
-2,-52.279162976198386,Jiangsu,pm10,nometeo
-1,-65.98488966225923,Jiangsu,pm10,nometeo
0,-76.19680612269119,Jiangsu,pm10,nometeo
1,-48.28110163883641,Jiangsu,pm10,nometeo
2,0.03857953640017797,Jiangsu,pm10,nometeo
3,71.29345853130627,Jiangsu,pm10,nometeo
4,54.61572594087254,Jiangsu,pm10,nometeo
5,47.69957065814759,Jiangsu,pm10,nometeo
6,29.564727060938637,Jiangsu,pm10,nometeo
7,20.55252897176296,Jiangsu,pm10,nometeo
8,17.523177825351837,Jiangsu,pm10,nometeo
9,37.062726668878625,Jiangsu,pm10,nometeo
10,12.042739281850379,Jiangsu,pm10,nometeo
11,-3.9882958145718526,Jiangsu,pm10,nometeo
12,-5.10918124773422,Jiangsu,pm10,nometeo
13,17.05553090785839,Jiangsu,pm10,nometeo
14,25.5947613039448,Jiangsu,pm10,nometeo
15,9.601017544951274,Jiangsu,pm10,nometeo
16,-27.40249902606159,Jiangsu,pm10,nometeo
17,-22.774150373261854,Jiangsu,pm10,nometeo
18,-80.87764074553144,Jiangsu,pm10,nometeo
19,-84.89897145047163,Jiangsu,pm10,nometeo
20,-88.49662142146184,Jiangsu,pm10,nometeo
-21,-19.73859517680314,Jiangsu,pm10,meteo
-20,43.551657393585344,Jiangsu,pm10,meteo
-19,-51.21498000176125,Jiangsu,pm10,meteo
-18,-83.4533935189305,Jiangsu,pm10,meteo
-17,-76.79450090997304,Jiangsu,pm10,meteo
-16,-38.1589192169006,Jiangsu,pm10,meteo
-15,-29.871865486842037,Jiangsu,pm10,meteo
-14,-35.79168164451187,Jiangsu,pm10,meteo
-13,14.170687416988347,Jiangsu,pm10,meteo
-12,37.4081464393086,Jiangsu,pm10,meteo
-11,45.00079137468437,Jiangsu,pm10,meteo
-10,45.1604022414985,Jiangsu,pm10,meteo
-9,-3.0905665800967315,Jiangsu,pm10,meteo
-8,-26.28411694290681,Jiangsu,pm10,meteo
-7,-11.356664018858336,Jiangsu,pm10,meteo
-6,31.179172903085078,Jiangsu,pm10,meteo
-5,89.70615561068456,Jiangsu,pm10,meteo
-4,76.5101106237353,Jiangsu,pm10,meteo
-3,-6.931840505985858,Jiangsu,pm10,meteo
-2,-43.80243665034967,Jiangsu,pm10,meteo
-1,-44.2300791794394,Jiangsu,pm10,meteo
0,-46.094666803448995,Jiangsu,pm10,meteo
1,-5.720121621326787,Jiangsu,pm10,meteo
2,-29.73954120445544,Jiangsu,pm10,meteo
3,28.41169159701543,Jiangsu,pm10,meteo
4,14.671781869690708,Jiangsu,pm10,meteo
5,12.53650280972558,Jiangsu,pm10,meteo
6,0.45510329392201054,Jiangsu,pm10,meteo
7,-15.259596096988151,Jiangsu,pm10,meteo
8,-11.055460805200564,Jiangsu,pm10,meteo
9,13.198077701835519,Jiangsu,pm10,meteo
10,-7.1610566290139035,Jiangsu,pm10,meteo
11,0.6369659863005621,Jiangsu,pm10,meteo
12,14.111774553409258,Jiangsu,pm10,meteo
13,-4.352929776653657,Jiangsu,pm10,meteo
14,11.508295447166756,Jiangsu,pm10,meteo
15,-24.560110133860285,Jiangsu,pm10,meteo
16,-60.1604365078225,Jiangsu,pm10,meteo
17,-23.394532254162275,Jiangsu,pm10,meteo
18,-98.18807263142017,Jiangsu,pm10,meteo
19,-83.13976018635591,Jiangsu,pm10,meteo
20,-86.90579130613561,Jiangsu,pm10,meteo
-21,4.446827089387744,Jiangsu,so2,nometeo
-20,1.047261091722305,Jiangsu,so2,nometeo
-19,-2.8424035749326872,Jiangsu,so2,nometeo
-18,-5.542220040371304,Jiangsu,so2,nometeo
-17,-1.309473806553735,Jiangsu,so2,nometeo
-16,-0.680513306479166,Jiangsu,so2,nometeo
-15,-4.476110909449199,Jiangsu,so2,nometeo
-14,-6.4913255854814995,Jiangsu,so2,nometeo
-13,-5.341178921513944,Jiangsu,so2,nometeo
-12,-4.342902290758465,Jiangsu,so2,nometeo
-11,2.9291617140797013,Jiangsu,so2,nometeo
-10,3.6017609066121867,Jiangsu,so2,nometeo
-9,-0.6614654632890571,Jiangsu,so2,nometeo
-8,-0.6734369935844544,Jiangsu,so2,nometeo
-7,0.8658860225940991,Jiangsu,so2,nometeo
-6,5.193227412490615,Jiangsu,so2,nometeo
-5,7.95347343595272,Jiangsu,so2,nometeo
-4,4.9380787821962855,Jiangsu,so2,nometeo
-3,1.3853544373778544,Jiangsu,so2,nometeo
-2,1.583400845747252,Jiangsu,so2,nometeo
-1,0.3045794493524685,Jiangsu,so2,nometeo
0,0.7912582684978455,Jiangsu,so2,nometeo
1,1.3720866914889425,Jiangsu,so2,nometeo
2,3.067056847575894,Jiangsu,so2,nometeo
3,5.04247039319283,Jiangsu,so2,nometeo
4,5.404298344626623,Jiangsu,so2,nometeo
5,6.021315955595624,Jiangsu,so2,nometeo
6,5.031947922074741,Jiangsu,so2,nometeo
7,5.237004664906502,Jiangsu,so2,nometeo
8,5.826499546844243,Jiangsu,so2,nometeo
9,3.9986706116250654,Jiangsu,so2,nometeo
10,4.745782548445067,Jiangsu,so2,nometeo
11,1.7951002124530455,Jiangsu,so2,nometeo
12,-1.1272396233899684,Jiangsu,so2,nometeo
13,1.8562844285449245,Jiangsu,so2,nometeo
14,3.5429997884830184,Jiangsu,so2,nometeo
15,3.496441144765374,Jiangsu,so2,nometeo
16,3.164996393196287,Jiangsu,so2,nometeo
17,2.904381613446055,Jiangsu,so2,nometeo
18,-1.669623003470483,Jiangsu,so2,nometeo
19,-4.43426464197527,Jiangsu,so2,nometeo
20,-5.371962132329772,Jiangsu,so2,nometeo
-21,2.5464794736977545,Jiangsu,so2,meteo
-20,4.535438992567513,Jiangsu,so2,meteo
-19,-2.145192185861446,Jiangsu,so2,meteo
-18,-5.271392291759461,Jiangsu,so2,meteo
-17,-0.4189769967089214,Jiangsu,so2,meteo
-16,-1.426797060951647,Jiangsu,so2,meteo
-15,-3.2238480983726374,Jiangsu,so2,meteo
-14,-4.759930167092209,Jiangsu,so2,meteo
-13,-4.342191830622029,Jiangsu,so2,meteo
-12,-4.986188242891119,Jiangsu,so2,meteo
-11,1.3072029473336357,Jiangsu,so2,meteo
-10,2.562882597289838,Jiangsu,so2,meteo
-9,1.7797687319894457,Jiangsu,so2,meteo
-8,1.1857550259339602,Jiangsu,so2,meteo
-7,-0.9075951660723991,Jiangsu,so2,meteo
-6,2.076323696919145,Jiangsu,so2,meteo
-5,3.8457198089578704,Jiangsu,so2,meteo
-4,4.876771043791209,Jiangsu,so2,meteo
-3,2.7657697218515027,Jiangsu,so2,meteo
-2,3.0779718539769556,Jiangsu,so2,meteo
-1,4.410444656198349,Jiangsu,so2,meteo
0,5.520543782690721,Jiangsu,so2,meteo
1,6.6169471839707565,Jiangsu,so2,meteo
2,0.8430422127609125,Jiangsu,so2,meteo
3,2.191849262406244,Jiangsu,so2,meteo
4,1.2419348460465054,Jiangsu,so2,meteo
5,1.4447990272916469,Jiangsu,so2,meteo
6,0.6807685698762063,Jiangsu,so2,meteo
7,-0.022552131275025644,Jiangsu,so2,meteo
8,-0.1224801044536008,Jiangsu,so2,meteo
9,0.668438119076213,Jiangsu,so2,meteo
10,2.2640998666602234,Jiangsu,so2,meteo
11,4.198914587175202,Jiangsu,so2,meteo
12,3.1996639751012648,Jiangsu,so2,meteo
13,3.7352968478661914,Jiangsu,so2,meteo
14,5.4852665892258745,Jiangsu,so2,meteo
15,2.9648283878764854,Jiangsu,so2,meteo
16,0.13228080463726055,Jiangsu,so2,meteo
17,1.9937593038269723,Jiangsu,so2,meteo
18,-2.994361962080263,Jiangsu,so2,meteo
19,-3.247544903441355,Jiangsu,so2,meteo
20,-4.48585151800819,Jiangsu,so2,meteo
-21,14.674233421386038,Jiangsu,no2,nometeo
-20,11.423692391312837,Jiangsu,no2,nometeo
-19,-0.8061291726682169,Jiangsu,no2,nometeo
-18,-23.782016968522715,Jiangsu,no2,nometeo
-17,-21.005863261448738,Jiangsu,no2,nometeo
-16,3.1065012225991397,Jiangsu,no2,nometeo
-15,-16.4800736923684,Jiangsu,no2,nometeo
-14,-18.73226682254256,Jiangsu,no2,nometeo
-13,-16.740953562506515,Jiangsu,no2,nometeo
-12,-9.992636605324456,Jiangsu,no2,nometeo
-11,8.708898735398424,Jiangsu,no2,nometeo
-10,18.423657379283494,Jiangsu,no2,nometeo
-9,-7.994555273370682,Jiangsu,no2,nometeo
-8,-13.750109032400719,Jiangsu,no2,nometeo
-7,-1.483000662184213,Jiangsu,no2,nometeo
-6,11.717785106497868,Jiangsu,no2,nometeo
-5,33.81049497574758,Jiangsu,no2,nometeo
-4,21.678525614291562,Jiangsu,no2,nometeo
-3,7.223816206820271,Jiangsu,no2,nometeo
-2,-0.09963702134210095,Jiangsu,no2,nometeo
-1,-0.8654552422997162,Jiangsu,no2,nometeo
0,-0.3080424514218141,Jiangsu,no2,nometeo
1,-4.557407121027084,Jiangsu,no2,nometeo
2,9.05602571300244,Jiangsu,no2,nometeo
3,13.591560220003041,Jiangsu,no2,nometeo
4,10.002910550046723,Jiangsu,no2,nometeo
5,8.465480438092875,Jiangsu,no2,nometeo
6,7.726215327016424,Jiangsu,no2,nometeo
7,7.480233871681364,Jiangsu,no2,nometeo
8,11.192724887820802,Jiangsu,no2,nometeo
9,6.72334001841665,Jiangsu,no2,nometeo
10,1.5485014835240483,Jiangsu,no2,nometeo
11,0.2741183367344169,Jiangsu,no2,nometeo
12,-7.7184568906781506,Jiangsu,no2,nometeo
13,-10.423656161850765,Jiangsu,no2,nometeo
14,-4.696775268951735,Jiangsu,no2,nometeo
15,-3.541115178348794,Jiangsu,no2,nometeo
16,-4.755828231406276,Jiangsu,no2,nometeo
17,-3.326865117786922,Jiangsu,no2,nometeo
18,-22.68992619198095,Jiangsu,no2,nometeo
19,-23.99878551186745,Jiangsu,no2,nometeo
20,-29.71736712595163,Jiangsu,no2,nometeo
-21,10.80715006785434,Jiangsu,no2,meteo
-20,24.01461956645662,Jiangsu,no2,meteo
-19,7.056106516670476,Jiangsu,no2,meteo
-18,-19.09079209245331,Jiangsu,no2,meteo
-17,-20.107580511526038,Jiangsu,no2,meteo
-16,1.5603763374738877,Jiangsu,no2,meteo
-15,-12.0964199848597,Jiangsu,no2,meteo
-14,-15.742909703230364,Jiangsu,no2,meteo
-13,-17.296648392012195,Jiangsu,no2,meteo
-12,-13.301003269205228,Jiangsu,no2,meteo
-11,3.194903264063993,Jiangsu,no2,meteo
-10,17.306066334699384,Jiangsu,no2,meteo
-9,-3.332755146040939,Jiangsu,no2,meteo
-8,-13.041779488323296,Jiangsu,no2,meteo
-7,-8.002822969715211,Jiangsu,no2,meteo
-6,3.081253941174622,Jiangsu,no2,meteo
-5,24.21621038765848,Jiangsu,no2,meteo
-4,24.47314859036041,Jiangsu,no2,meteo
-3,6.302876550954061,Jiangsu,no2,meteo
-2,1.9042222536123736,Jiangsu,no2,meteo
-1,7.605402679964109,Jiangsu,no2,meteo
0,7.475009793851023,Jiangsu,no2,meteo
1,4.256424900805105,Jiangsu,no2,meteo
2,1.0517109001928402,Jiangsu,no2,meteo
3,7.934069368136201,Jiangsu,no2,meteo
4,4.090081107979551,Jiangsu,no2,meteo
5,1.5974637859855685,Jiangsu,no2,meteo
6,1.6412441533296667,Jiangsu,no2,meteo
7,-1.6897227855070076,Jiangsu,no2,meteo
8,1.236099273477902,Jiangsu,no2,meteo
9,0.4979557227598237,Jiangsu,no2,meteo
10,-2.3150764520306035,Jiangsu,no2,meteo
11,5.188676831875728,Jiangsu,no2,meteo
12,0.6698662189337812,Jiangsu,no2,meteo
13,-10.676953795792507,Jiangsu,no2,meteo
14,-4.357290052966879,Jiangsu,no2,meteo
15,-6.90015512507803,Jiangsu,no2,meteo
16,-9.259117612208232,Jiangsu,no2,meteo
17,-1.1105789513996234,Jiangsu,no2,meteo
18,-22.349817117236174,Jiangsu,no2,meteo
19,-17.780928757858025,Jiangsu,no2,meteo
20,-23.893424438424262,Jiangsu,no2,meteo
-21,3.875709051064903,Jiangsu,o3,nometeo
-20,12.305831558497317,Jiangsu,o3,nometeo
-19,-6.4428916337392526,Jiangsu,o3,nometeo
-18,-37.84700348497055,Jiangsu,o3,nometeo
-17,23.29789510547217,Jiangsu,o3,nometeo
-16,-10.37648694002853,Jiangsu,o3,nometeo
-15,-11.081876115873083,Jiangsu,o3,nometeo
-14,-15.022881640152638,Jiangsu,o3,nometeo
-13,-19.851216485184544,Jiangsu,o3,nometeo
-12,-39.51011854547261,Jiangsu,o3,nometeo
-11,-4.599742208062544,Jiangsu,o3,nometeo
-10,-2.832260935884381,Jiangsu,o3,nometeo
-9,-8.55003680978093,Jiangsu,o3,nometeo
-8,15.302968246455686,Jiangsu,o3,nometeo
-7,10.333728705641837,Jiangsu,o3,nometeo
-6,36.45090384604852,Jiangsu,o3,nometeo
-5,32.123891256182226,Jiangsu,o3,nometeo
-4,18.45570231354,Jiangsu,o3,nometeo
-3,3.967884716246401,Jiangsu,o3,nometeo
-2,30.723652880751974,Jiangsu,o3,nometeo
-1,3.3301205044992472,Jiangsu,o3,nometeo
0,-3.1677574931512553,Jiangsu,o3,nometeo
1,16.846457401789877,Jiangsu,o3,nometeo
2,6.261972573023785,Jiangsu,o3,nometeo
3,2.626616361820223,Jiangsu,o3,nometeo
4,28.28087971981359,Jiangsu,o3,nometeo
5,37.42486789725663,Jiangsu,o3,nometeo
6,36.98432747348145,Jiangsu,o3,nometeo
7,45.71163498913145,Jiangsu,o3,nometeo
8,28.402921712141815,Jiangsu,o3,nometeo
9,21.00589899708746,Jiangsu,o3,nometeo
10,52.731000315709565,Jiangsu,o3,nometeo
11,12.236785375001215,Jiangsu,o3,nometeo
12,-1.226351313684121,Jiangsu,o3,nometeo
13,13.79222946111633,Jiangsu,o3,nometeo
14,22.995898022603022,Jiangsu,o3,nometeo
15,24.28473946056137,Jiangsu,o3,nometeo
16,23.429078918045914,Jiangsu,o3,nometeo
17,2.7901657661795327,Jiangsu,o3,nometeo
18,-4.179653406583546,Jiangsu,o3,nometeo
19,-57.63281760221152,Jiangsu,o3,nometeo
20,-70.92114082853196,Jiangsu,o3,nometeo
-21,1.6847298734016118,Jiangsu,o3,meteo
-20,5.178717612039209,Jiangsu,o3,meteo
-19,-0.8594966522597486,Jiangsu,o3,meteo
-18,-28.307431044532088,Jiangsu,o3,meteo
-17,14.92206062829181,Jiangsu,o3,meteo
-16,0.12836864615418608,Jiangsu,o3,meteo
-15,-9.117534273013021,Jiangsu,o3,meteo
-14,-9.189440065734642,Jiangsu,o3,meteo
-13,-14.649349844551567,Jiangsu,o3,meteo
-12,-29.470300391496195,Jiangsu,o3,meteo
-11,-3.3936308163091695,Jiangsu,o3,meteo
-10,3.5719575134346364,Jiangsu,o3,meteo
-9,-5.823906049599456,Jiangsu,o3,meteo
-8,5.775598322326178,Jiangsu,o3,meteo
-7,4.306221850102576,Jiangsu,o3,meteo
-6,24.163521228510277,Jiangsu,o3,meteo
-5,24.00291290525812,Jiangsu,o3,meteo
-4,17.812110051760303,Jiangsu,o3,meteo
-3,-0.7351094937830266,Jiangsu,o3,meteo
-2,20.78538231792649,Jiangsu,o3,meteo
-1,1.1618656669256993,Jiangsu,o3,meteo
0,-0.7773077256712969,Jiangsu,o3,meteo
1,22.624394360744034,Jiangsu,o3,meteo
2,1.316513543035076,Jiangsu,o3,meteo
3,-17.7710809917734,Jiangsu,o3,meteo
4,8.740570246695947,Jiangsu,o3,meteo
5,19.97835249304952,Jiangsu,o3,meteo
6,24.91408678022869,Jiangsu,o3,meteo
7,29.63393764176071,Jiangsu,o3,meteo
8,22.72180491054648,Jiangsu,o3,meteo
9,9.285527974113531,Jiangsu,o3,meteo
10,32.9332857249305,Jiangsu,o3,meteo
11,-4.462923298749303,Jiangsu,o3,meteo
12,-13.247687585286995,Jiangsu,o3,meteo
13,-11.416650119688862,Jiangsu,o3,meteo
14,0.813037546523477,Jiangsu,o3,meteo
15,0.6009627484059202,Jiangsu,o3,meteo
16,3.077237505553362,Jiangsu,o3,meteo
17,-4.211727479096497,Jiangsu,o3,meteo
18,-15.412813934845214,Jiangsu,o3,meteo
19,-69.23913906579521,Jiangsu,o3,meteo
20,-73.29182383754546,Jiangsu,o3,meteo
-21,-0.13799880505507914,Jiangsu,co,nometeo
-20,0.12151187666868685,Jiangsu,co,nometeo
-19,-0.09046942568922853,Jiangsu,co,nometeo
-18,-0.045851738157536764,Jiangsu,co,nometeo
-17,-0.36533428654422795,Jiangsu,co,nometeo
-16,-0.23060840492520973,Jiangsu,co,nometeo
-15,-0.343198165990996,Jiangsu,co,nometeo
-14,-0.26170708794440967,Jiangsu,co,nometeo
-13,0.012971639430358728,Jiangsu,co,nometeo
-12,0.1800565024385613,Jiangsu,co,nometeo
-11,0.34019212076949146,Jiangsu,co,nometeo
-10,0.19342297990763146,Jiangsu,co,nometeo
-9,-0.10922478431015671,Jiangsu,co,nometeo
-8,-0.11362396001353103,Jiangsu,co,nometeo
-7,-0.0228803497014039,Jiangsu,co,nometeo
-6,0.2454486251418897,Jiangsu,co,nometeo
-5,0.5878025099606139,Jiangsu,co,nometeo
-4,0.1821477980834023,Jiangsu,co,nometeo
-3,-0.14265704406885682,Jiangsu,co,nometeo
-2,-0.7758025106173505,Jiangsu,co,nometeo
-1,-0.440466579109821,Jiangsu,co,nometeo
0,-0.43895532961087425,Jiangsu,co,nometeo
1,-0.5200424368112285,Jiangsu,co,nometeo
2,0.022624438839402683,Jiangsu,co,nometeo
3,0.40431639978087985,Jiangsu,co,nometeo
4,0.32789629961144806,Jiangsu,co,nometeo
5,0.35842083167598926,Jiangsu,co,nometeo
6,0.09115375396114223,Jiangsu,co,nometeo
7,0.023210747105809698,Jiangsu,co,nometeo
8,0.030815078223663223,Jiangsu,co,nometeo
9,0.04426465097771526,Jiangsu,co,nometeo
10,-0.09304754834262025,Jiangsu,co,nometeo
11,-0.17851259835002659,Jiangsu,co,nometeo
12,-0.2636219595981042,Jiangsu,co,nometeo
13,-0.12895933705887397,Jiangsu,co,nometeo
14,-0.11418897658935495,Jiangsu,co,nometeo
15,-0.14015295463941457,Jiangsu,co,nometeo
16,-0.23612315232465483,Jiangsu,co,nometeo
17,-0.1684551163730168,Jiangsu,co,nometeo
18,-0.43498787835612884,Jiangsu,co,nometeo
19,-0.3974087074351403,Jiangsu,co,nometeo
20,-0.4513181415733576,Jiangsu,co,nometeo
-21,-0.24981085232160766,Jiangsu,co,meteo
-20,0.27771510737037375,Jiangsu,co,meteo
-19,-0.06946911747236434,Jiangsu,co,meteo
-18,0.018702163125623672,Jiangsu,co,meteo
-17,-0.2437219018974363,Jiangsu,co,meteo
-16,-0.19891845254838697,Jiangsu,co,meteo
-15,-0.2662412861287036,Jiangsu,co,meteo
-14,-0.23027810859044948,Jiangsu,co,meteo
-13,0.03295751004152475,Jiangsu,co,meteo
-12,0.1406143052296312,Jiangsu,co,meteo
-11,0.2608554936927229,Jiangsu,co,meteo
-10,0.2134564652346136,Jiangsu,co,meteo
-9,-0.020970234659369286,Jiangsu,co,meteo
-8,-0.0867349501795345,Jiangsu,co,meteo
-7,-0.11897747597402919,Jiangsu,co,meteo
-6,0.12925480455285,Jiangsu,co,meteo
-5,0.3914254033983531,Jiangsu,co,meteo
-4,0.27511153855192527,Jiangsu,co,meteo
-3,-0.25497041142573695,Jiangsu,co,meteo
-2,-0.7183598317676553,Jiangsu,co,meteo
-1,-0.2789192427617294,Jiangsu,co,meteo
0,-0.22440086692734418,Jiangsu,co,meteo
1,-0.2218172928986299,Jiangsu,co,meteo
2,-0.1759355664069545,Jiangsu,co,meteo
3,0.22214090875172998,Jiangsu,co,meteo
4,0.19200072856944062,Jiangsu,co,meteo
5,0.2538721685085237,Jiangsu,co,meteo
6,0.00866049901124144,Jiangsu,co,meteo
7,-0.11835247039503305,Jiangsu,co,meteo
8,-0.10488363835308306,Jiangsu,co,meteo
9,-0.043203461661316556,Jiangsu,co,meteo
10,-0.11831446004915447,Jiangsu,co,meteo
11,-0.09063487798240161,Jiangsu,co,meteo
12,-0.09578674250590452,Jiangsu,co,meteo
13,-0.20155999653076767,Jiangsu,co,meteo
14,-0.15768795300480754,Jiangsu,co,meteo
15,-0.25390048467504117,Jiangsu,co,meteo
16,-0.3386249184930739,Jiangsu,co,meteo
17,-0.12709489605085206,Jiangsu,co,meteo
18,-0.49389512604148084,Jiangsu,co,meteo
19,-0.3301914169656799,Jiangsu,co,meteo
20,-0.4288392934996622,Jiangsu,co,meteo
-21,59.12391015156155,BTH,pm2_5,nometeo
-20,32.841885724284566,BTH,pm2_5,nometeo
-19,2.8730077605779827,BTH,pm2_5,nometeo
-18,-73.68022463348976,BTH,pm2_5,nometeo
-17,-44.34565079553089,BTH,pm2_5,nometeo
-16,26.395398249870738,BTH,pm2_5,nometeo
-15,21.437400861199833,BTH,pm2_5,nometeo
-14,-11.554433130696626,BTH,pm2_5,nometeo
-13,-13.2161538611551,BTH,pm2_5,nometeo
-12,-43.89751172191689,BTH,pm2_5,nometeo
-11,-0.8665777884167172,BTH,pm2_5,nometeo
-10,33.343192992209254,BTH,pm2_5,nometeo
-9,-0.5185224973701379,BTH,pm2_5,nometeo
-8,46.90413458927469,BTH,pm2_5,nometeo
-7,22.27072195203032,BTH,pm2_5,nometeo
-6,-40.61478383494401,BTH,pm2_5,nometeo
-5,-23.9610222828735,BTH,pm2_5,nometeo
-4,1.8931947834991507,BTH,pm2_5,nometeo
-3,5.572033481885515,BTH,pm2_5,nometeo
-2,22.41177960737824,BTH,pm2_5,nometeo
-1,-5.494908096805891,BTH,pm2_5,nometeo
0,1.0383896336176193,BTH,pm2_5,nometeo
1,73.84836228696983,BTH,pm2_5,nometeo
2,111.67946784184628,BTH,pm2_5,nometeo
3,80.49526561605653,BTH,pm2_5,nometeo
4,31.70875484160628,BTH,pm2_5,nometeo
5,-3.699714880871894,BTH,pm2_5,nometeo
6,-17.449503092646303,BTH,pm2_5,nometeo
7,-44.37311289322662,BTH,pm2_5,nometeo
8,-20.706940955793996,BTH,pm2_5,nometeo
9,-33.69247122338789,BTH,pm2_5,nometeo
10,-25.155785915655418,BTH,pm2_5,nometeo
11,-13.874734985719861,BTH,pm2_5,nometeo
12,-0.9654637525387519,BTH,pm2_5,nometeo
13,-4.708606480702907,BTH,pm2_5,nometeo
14,-56.0318785670295,BTH,pm2_5,nometeo
15,-59.63961349755594,BTH,pm2_5,nometeo
16,-48.10657042834128,BTH,pm2_5,nometeo
17,-57.67130483694497,BTH,pm2_5,nometeo
18,-18.01770196943208,BTH,pm2_5,nometeo
19,-23.391039040398336,BTH,pm2_5,nometeo
20,-68.76111034846537,BTH,pm2_5,nometeo
-21,21.91929538832705,BTH,pm2_5,meteo
-20,19.931435030036866,BTH,pm2_5,meteo
-19,-42.15703160310798,BTH,pm2_5,meteo
-18,-42.135942058382824,BTH,pm2_5,meteo
-17,-26.67368948686837,BTH,pm2_5,meteo
-16,-13.92580646908678,BTH,pm2_5,meteo
-15,5.067542101979967,BTH,pm2_5,meteo
-14,8.328159377375755,BTH,pm2_5,meteo
-13,-17.317807522904985,BTH,pm2_5,meteo
-12,1.0503509000368467,BTH,pm2_5,meteo
-11,-23.412206294676324,BTH,pm2_5,meteo
-10,10.311694485452477,BTH,pm2_5,meteo
-9,19.855298126370457,BTH,pm2_5,meteo
-8,24.32154951085495,BTH,pm2_5,meteo
-7,14.852999269015953,BTH,pm2_5,meteo
-6,-43.42775967515105,BTH,pm2_5,meteo
-5,-17.680496796542712,BTH,pm2_5,meteo
-4,20.588278079387244,BTH,pm2_5,meteo
-3,80.50413763788347,BTH,pm2_5,meteo
-2,50.40107870785519,BTH,pm2_5,meteo
-1,78.92693743988937,BTH,pm2_5,meteo
0,84.17902380090942,BTH,pm2_5,meteo
1,148.0583031791664,BTH,pm2_5,meteo
2,80.67440345748423,BTH,pm2_5,meteo
3,69.15188115364482,BTH,pm2_5,meteo
4,7.029658523400954,BTH,pm2_5,meteo
5,1.8138870251122086,BTH,pm2_5,meteo
6,1.141964895170716,BTH,pm2_5,meteo
7,13.642472945326787,BTH,pm2_5,meteo
8,-11.757687604728957,BTH,pm2_5,meteo
9,39.10964765652708,BTH,pm2_5,meteo
10,40.29429174919172,BTH,pm2_5,meteo
11,17.34803281305878,BTH,pm2_5,meteo
12,10.55625231283662,BTH,pm2_5,meteo
13,35.0119245254771,BTH,pm2_5,meteo
14,46.858325196363694,BTH,pm2_5,meteo
15,-27.565950364742577,BTH,pm2_5,meteo
16,-21.744460352015395,BTH,pm2_5,meteo
17,-39.16083875539958,BTH,pm2_5,meteo
18,-42.1106780288183,BTH,pm2_5,meteo
19,-59.24443574001762,BTH,pm2_5,meteo
20,-74.66956463295861,BTH,pm2_5,meteo
-21,54.17835840385691,BTH,pm10,nometeo
-20,34.308935600623805,BTH,pm10,nometeo
-19,-10.6654326238933,BTH,pm10,nometeo
-18,-97.1342002649525,BTH,pm10,nometeo
-17,-53.33963091905862,BTH,pm10,nometeo
-16,34.857165021070664,BTH,pm10,nometeo
-15,19.348688346123414,BTH,pm10,nometeo
-14,-19.267621267851453,BTH,pm10,nometeo
-13,-15.836329730096802,BTH,pm10,nometeo
-12,-49.684907091232134,BTH,pm10,nometeo
-11,6.706440064427866,BTH,pm10,nometeo
-10,44.48220878774871,BTH,pm10,nometeo
-9,-5.280515840809214,BTH,pm10,nometeo
-8,56.74214956399022,BTH,pm10,nometeo
-7,37.550844451422996,BTH,pm10,nometeo
-6,-37.53425274348946,BTH,pm10,nometeo
-5,-14.414153179308768,BTH,pm10,nometeo
-4,-0.45893151574210833,BTH,pm10,nometeo
-3,15.441184937169824,BTH,pm10,nometeo
-2,-20.193200566295765,BTH,pm10,nometeo
-1,-40.33963178077908,BTH,pm10,nometeo
0,-34.34595730876629,BTH,pm10,nometeo
1,69.7553526808211,BTH,pm10,nometeo
2,132.55522019625573,BTH,pm10,nometeo
3,99.35179765482015,BTH,pm10,nometeo
4,47.27883054082998,BTH,pm10,nometeo
5,9.98253037694615,BTH,pm10,nometeo
6,-8.351941114403841,BTH,pm10,nometeo
7,-40.14138117848674,BTH,pm10,nometeo
8,-10.484762841874025,BTH,pm10,nometeo
9,-20.114810321673858,BTH,pm10,nometeo
10,-14.538066132032677,BTH,pm10,nometeo
11,2.1366782352990636,BTH,pm10,nometeo
12,17.370039146974236,BTH,pm10,nometeo
13,13.653066740846713,BTH,pm10,nometeo
14,-46.69361758992471,BTH,pm10,nometeo
15,-57.314103518031445,BTH,pm10,nometeo
16,-47.748685238037254,BTH,pm10,nometeo
17,-57.08687318495954,BTH,pm10,nometeo
18,-11.779766463421657,BTH,pm10,nometeo
19,-17.181067661916494,BTH,pm10,nometeo
20,-72.30471735422277,BTH,pm10,nometeo
-21,17.979718436940715,BTH,pm10,meteo
-20,24.147564068154395,BTH,pm10,meteo
-19,-55.037620042780816,BTH,pm10,meteo
-18,-62.12934382949604,BTH,pm10,meteo
-17,-37.42293410211465,BTH,pm10,meteo
-16,-8.39244461099642,BTH,pm10,meteo
-15,1.2933812180506834,BTH,pm10,meteo
-14,0.7879564655658413,BTH,pm10,meteo
-13,-21.429017661941245,BTH,pm10,meteo
-12,-2.3675843346536993,BTH,pm10,meteo
-11,-19.105768924729674,BTH,pm10,meteo
-10,18.951398802065214,BTH,pm10,meteo
-9,13.60739186191941,BTH,pm10,meteo
-8,32.46471642636833,BTH,pm10,meteo
-7,27.507166527412693,BTH,pm10,meteo
-6,-41.54412805400969,BTH,pm10,meteo
-5,-6.662929206400747,BTH,pm10,meteo
-4,22.59085263692282,BTH,pm10,meteo
-3,94.76162432372271,BTH,pm10,meteo
-2,9.18058718678185,BTH,pm10,meteo
-1,49.928295219594716,BTH,pm10,meteo
0,54.163100234516335,BTH,pm10,meteo
1,149.52737036373622,BTH,pm10,meteo
2,103.9459550041607,BTH,pm10,meteo
3,90.40332385498736,BTH,pm10,meteo
4,25.31194099750857,BTH,pm10,meteo
5,18.433419705424114,BTH,pm10,meteo
6,14.750412994024003,BTH,pm10,meteo
7,26.318256550170844,BTH,pm10,meteo
8,2.683741986414219,BTH,pm10,meteo
9,59.29493666123645,BTH,pm10,meteo
10,59.04505348506752,BTH,pm10,meteo
11,36.66953229921738,BTH,pm10,meteo
12,29.52931910504614,BTH,pm10,meteo
13,52.84670711812236,BTH,pm10,meteo
14,62.92991719948583,BTH,pm10,meteo
15,-20.212123998902854,BTH,pm10,meteo
16,-15.59964992391346,BTH,pm10,meteo
17,-35.13278327954171,BTH,pm10,meteo
18,-35.46923103092385,BTH,pm10,meteo
19,-52.935073627211494,BTH,pm10,meteo
20,-77.02849111275253,BTH,pm10,meteo
-21,20.912705569616108,BTH,so2,nometeo
-20,-0.6069931620058711,BTH,so2,nometeo
-19,-15.28996366747617,BTH,so2,nometeo
-18,-16.510349351792954,BTH,so2,nometeo
-17,-3.3366401450515273,BTH,so2,nometeo
-16,5.438558832247261,BTH,so2,nometeo
-15,-3.2983240912490235,BTH,so2,nometeo
-14,-7.244715605157554,BTH,so2,nometeo
-13,-5.295533928071434,BTH,so2,nometeo
-12,-5.070364660638882,BTH,so2,nometeo
-11,7.529841773066942,BTH,so2,nometeo
-10,4.911481500033172,BTH,so2,nometeo
-9,0.0376581200063999,BTH,so2,nometeo
-8,4.3173781494012085,BTH,so2,nometeo
-7,-8.090449363169105,BTH,so2,nometeo
-6,1.1525537267533466,BTH,so2,nometeo
-5,5.794026324755135,BTH,so2,nometeo
-4,5.161193850197413,BTH,so2,nometeo
-3,9.487936128535514,BTH,so2,nometeo
-2,9.47959389198665,BTH,so2,nometeo
-1,3.001067170261388,BTH,so2,nometeo
0,6.872997800947091,BTH,so2,nometeo
1,11.302689364824516,BTH,so2,nometeo
2,13.841563231682903,BTH,so2,nometeo
3,8.159555212360015,BTH,so2,nometeo
4,6.264348642280201,BTH,so2,nometeo
5,3.752924095361669,BTH,so2,nometeo
6,3.840035849352815,BTH,so2,nometeo
7,4.322805840341156,BTH,so2,nometeo
8,2.364124383240201,BTH,so2,nometeo
9,4.4896985591762775,BTH,so2,nometeo
10,7.081261374368073,BTH,so2,nometeo
11,3.175750955113646,BTH,so2,nometeo
12,-0.8146714866251408,BTH,so2,nometeo
13,-4.450199780014277,BTH,so2,nometeo
14,5.441593768596584,BTH,so2,nometeo
15,3.96745861458286,BTH,so2,nometeo
16,2.5199198329964965,BTH,so2,nometeo
17,0.6629797170818961,BTH,so2,nometeo
18,-4.917941683687474,BTH,so2,nometeo
19,-7.02614204870739,BTH,so2,nometeo
20,-9.367736410371462,BTH,so2,nometeo
-21,21.010125610926238,BTH,so2,meteo
-20,6.750974331940395,BTH,so2,meteo
-19,-5.863308535641288,BTH,so2,meteo
-18,-10.774209987101752,BTH,so2,meteo
-17,-4.279139085393545,BTH,so2,meteo
-16,3.728440305629066,BTH,so2,meteo
-15,-2.4266260131489297,BTH,so2,meteo
-14,-8.403632877364476,BTH,so2,meteo
-13,-7.660798031897521,BTH,so2,meteo
-12,-9.469058533946878,BTH,so2,meteo
-11,1.729242220609824,BTH,so2,meteo
-10,2.877740068570187,BTH,so2,meteo
-9,-2.6521549804527815,BTH,so2,meteo
-8,4.9950258929791005,BTH,so2,meteo
-7,-7.6460012821426275,BTH,so2,meteo
-6,-2.548784179078897,BTH,so2,meteo
-5,5.251765456316955,BTH,so2,meteo
-4,6.702267539612966,BTH,so2,meteo
-3,8.678132079583975,BTH,so2,meteo
-2,9.317149119499431,BTH,so2,meteo
-1,4.903910757561585,BTH,so2,meteo
0,6.854704409818157,BTH,so2,meteo
1,11.450400592951173,BTH,so2,meteo
2,16.769504512541374,BTH,so2,meteo
3,13.702272491872229,BTH,so2,meteo
4,11.07052630482885,BTH,so2,meteo
5,5.638278339219431,BTH,so2,meteo
6,4.07732673331279,BTH,so2,meteo
7,1.5482488057034942,BTH,so2,meteo
8,2.640418497972016,BTH,so2,meteo
9,0.8917587482176863,BTH,so2,meteo
10,5.4880774658432605,BTH,so2,meteo
11,4.189298338706436,BTH,so2,meteo
12,0.5401307392855834,BTH,so2,meteo
13,-4.793382751022273,BTH,so2,meteo
14,3.024292599183454,BTH,so2,meteo
15,4.5682337621906655,BTH,so2,meteo
16,1.0657892136469833,BTH,so2,meteo
17,0.1318888433723231,BTH,so2,meteo
18,-5.045327862528495,BTH,so2,meteo
19,-4.722393766346711,BTH,so2,meteo
20,-1.7727011283754592,BTH,so2,meteo
-21,42.64377845457847,BTH,no2,nometeo
-20,9.9105298946437,BTH,no2,nometeo
-19,-14.164587435270267,BTH,no2,nometeo
-18,-39.74599046850031,BTH,no2,nometeo
-17,-13.604037853302835,BTH,no2,nometeo
-16,14.784695143289955,BTH,no2,nometeo
-15,3.591813166034448,BTH,no2,nometeo
-14,-10.75934664682313,BTH,no2,nometeo
-13,-8.794161588198424,BTH,no2,nometeo
-12,-23.805154667088335,BTH,no2,nometeo
-11,7.36721721178295,BTH,no2,nometeo
-10,9.878147235306653,BTH,no2,nometeo
-9,2.9122975901267427,BTH,no2,nometeo
-8,17.089767399573866,BTH,no2,nometeo
-7,-12.730934408694175,BTH,no2,nometeo
-6,-4.533098073478604,BTH,no2,nometeo
-5,5.285505805634592,BTH,no2,nometeo
-4,8.780265288058988,BTH,no2,nometeo
-3,5.893293952325711,BTH,no2,nometeo
-2,11.307325167499185,BTH,no2,nometeo
-1,-6.784841381377826,BTH,no2,nometeo
0,-1.6097550116660182,BTH,no2,nometeo
1,11.481417821493705,BTH,no2,nometeo
2,16.63181940698171,BTH,no2,nometeo
3,6.155471720672271,BTH,no2,nometeo
4,-0.02327953559984941,BTH,no2,nometeo
5,-6.09886068925124,BTH,no2,nometeo
6,-7.592493691441947,BTH,no2,nometeo
7,-11.84116329622185,BTH,no2,nometeo
8,-14.021459885711593,BTH,no2,nometeo
9,-12.966125606396727,BTH,no2,nometeo
10,-6.460269440614,BTH,no2,nometeo
11,-13.315295843209444,BTH,no2,nometeo
12,-21.637158119920244,BTH,no2,nometeo
13,-29.262401605524946,BTH,no2,nometeo
14,-14.565606144194362,BTH,no2,nometeo
15,-15.916409409444341,BTH,no2,nometeo
16,-19.988068978152246,BTH,no2,nometeo
17,-31.032894997293877,BTH,no2,nometeo
18,-32.57817939972267,BTH,no2,nometeo
19,-36.18355764074162,BTH,no2,nometeo
20,-43.90319377883613,BTH,no2,nometeo
-21,30.275508302911902,BTH,no2,meteo
-20,18.29182535644392,BTH,no2,meteo
-19,-8.786671132659222,BTH,no2,meteo
-18,-23.687632900906962,BTH,no2,meteo
-17,-9.658218200690534,BTH,no2,meteo
-16,2.5173448787247743,BTH,no2,meteo
-15,2.6041145595370523,BTH,no2,meteo
-14,-5.545424688423164,BTH,no2,meteo
-13,-12.462070912910761,BTH,no2,meteo
-12,-21.418092498651866,BTH,no2,meteo
-11,-7.961507293302397,BTH,no2,meteo
-10,0.7012516701614118,BTH,no2,meteo
-9,5.463209088733954,BTH,no2,meteo
-8,13.861283480635418,BTH,no2,meteo
-7,-12.452115100967113,BTH,no2,meteo
-6,-13.400415509874115,BTH,no2,meteo
-5,3.271055578089655,BTH,no2,meteo
-4,15.180597192534492,BTH,no2,meteo
-3,23.205958130613602,BTH,no2,meteo
-2,19.5181548968472,BTH,no2,meteo
-1,18.60228980502165,BTH,no2,meteo
0,20.648723679182176,BTH,no2,meteo
1,29.87258928371997,BTH,no2,meteo
2,9.860154171282648,BTH,no2,meteo
3,8.989126266271272,BTH,no2,meteo
4,-2.706359064292723,BTH,no2,meteo
5,-6.225434815690917,BTH,no2,meteo
6,-7.913066188765143,BTH,no2,meteo
7,-9.321653257654482,BTH,no2,meteo
8,-16.590931230262306,BTH,no2,meteo
9,-6.787561381862808,BTH,no2,meteo
10,2.1384906899399567,BTH,no2,meteo
11,-4.502815914180545,BTH,no2,meteo
12,-15.07750248857407,BTH,no2,meteo
13,-18.128654594363923,BTH,no2,meteo
14,5.741246567081298,BTH,no2,meteo
15,-10.783271215311068,BTH,no2,meteo
16,-22.219627444114977,BTH,no2,meteo
17,-31.602988729620122,BTH,no2,meteo
18,-42.31760773860184,BTH,no2,meteo
19,-44.03007613076942,BTH,no2,meteo
20,-32.66098009211199,BTH,no2,meteo
-21,-18.74319942382166,BTH,o3,nometeo
-20,-17.32784227387178,BTH,o3,nometeo
-19,-1.2267390275516261,BTH,o3,nometeo
-18,29.082686168519547,BTH,o3,nometeo
-17,11.654342345062009,BTH,o3,nometeo
-16,-10.861861264801469,BTH,o3,nometeo
-15,-0.08252246932392193,BTH,o3,nometeo
-14,5.240239921624187,BTH,o3,nometeo
-13,3.4918184544120408,BTH,o3,nometeo
-12,19.92662248306742,BTH,o3,nometeo
-11,-6.809818607605892,BTH,o3,nometeo
-10,-6.230202591471799,BTH,o3,nometeo
-9,-2.752501145343513,BTH,o3,nometeo
-8,-17.204916094963128,BTH,o3,nometeo
-7,-2.839814648464908,BTH,o3,nometeo
-6,8.47317504092811,BTH,o3,nometeo
-5,10.139477829382301,BTH,o3,nometeo
-4,-11.902893070676772,BTH,o3,nometeo
-3,7.973948374900842,BTH,o3,nometeo
-2,6.338413484986741,BTH,o3,nometeo
-1,7.940912584370196,BTH,o3,nometeo
0,20.629181706169696,BTH,o3,nometeo
1,25.15800016691539,BTH,o3,nometeo
2,19.42457957165516,BTH,o3,nometeo
3,25.29330162889213,BTH,o3,nometeo
4,25.033001041400478,BTH,o3,nometeo
5,28.077918726809934,BTH,o3,nometeo
6,24.56463322866717,BTH,o3,nometeo
7,28.22966831701741,BTH,o3,nometeo
8,18.712602009285174,BTH,o3,nometeo
9,25.252786200814455,BTH,o3,nometeo
10,0.33197311212310954,BTH,o3,nometeo
11,-8.131578272750161,BTH,o3,nometeo
12,-15.03165942382807,BTH,o3,nometeo
13,8.87870343915015,BTH,o3,nometeo
14,16.658399065061786,BTH,o3,nometeo
15,8.621701448866991,BTH,o3,nometeo
16,18.624741555670397,BTH,o3,nometeo
17,16.750659060406804,BTH,o3,nometeo
18,3.2029215740578607,BTH,o3,nometeo
19,-15.632442859220163,BTH,o3,nometeo
20,-14.705951236378809,BTH,o3,nometeo
-21,-14.761629043157658,BTH,o3,meteo
-20,-1.1911381883783854,BTH,o3,meteo
-19,22.42868153949216,BTH,o3,meteo
-18,23.152281398013557,BTH,o3,meteo
-17,-2.4634822370894947,BTH,o3,meteo
-16,-3.816376779493563,BTH,o3,meteo
-15,7.2346102413234625,BTH,o3,meteo
-14,11.533856783327952,BTH,o3,meteo
-13,6.178015363176728,BTH,o3,meteo
-12,6.527862008403503,BTH,o3,meteo
-11,-10.31293422149385,BTH,o3,meteo
-10,-8.88423382079177,BTH,o3,meteo
-9,-7.286575336193293,BTH,o3,meteo
-8,-9.896657774184066,BTH,o3,meteo
-7,-7.8902488360045275,BTH,o3,meteo
-6,-8.652292399494202,BTH,o3,meteo
-5,0.0013678151155822604,BTH,o3,meteo
-4,1.1889429800997418,BTH,o3,meteo
-3,-3.0900494926718753,BTH,o3,meteo
-2,8.69051976478899,BTH,o3,meteo
-1,5.81489768892482,BTH,o3,meteo
0,16.489251990734566,BTH,o3,meteo
1,17.78236504087571,BTH,o3,meteo
2,21.600075888242387,BTH,o3,meteo
3,21.25096816848719,BTH,o3,meteo
4,22.664970997054425,BTH,o3,meteo
5,14.773053155756047,BTH,o3,meteo
6,10.716235486006722,BTH,o3,meteo
7,9.821642405703347,BTH,o3,meteo
8,6.331072462650647,BTH,o3,meteo
9,-2.9031413932397214,BTH,o3,meteo
10,-7.332840094709956,BTH,o3,meteo
11,-4.818400721726295,BTH,o3,meteo
12,-8.139752626458852,BTH,o3,meteo
13,-3.3233892800805966,BTH,o3,meteo
14,1.1117773770896893,BTH,o3,meteo
15,-0.12248361334861002,BTH,o3,meteo
16,7.303216979997055,BTH,o3,meteo
17,5.861595354822496,BTH,o3,meteo
18,-1.4158459695650247,BTH,o3,meteo
19,-14.256073736482337,BTH,o3,meteo
20,-8.779064012681348,BTH,o3,meteo
-21,1.018932539338298,BTH,co,nometeo
-20,0.4514641918783979,BTH,co,nometeo
-19,-0.16737486827961778,BTH,co,nometeo
-18,-1.12929024654371,BTH,co,nometeo
-17,-0.4553852757858189,BTH,co,nometeo
-16,0.5991377128123366,BTH,co,nometeo
-15,0.24993537604176144,BTH,co,nometeo
-14,-0.3604095495423012,BTH,co,nometeo
-13,-0.33683535219838034,BTH,co,nometeo
-12,-0.7839746221896615,BTH,co,nometeo
-11,0.11130351414566707,BTH,co,nometeo
-10,0.28903893030487443,BTH,co,nometeo
-9,0.026179126099964825,BTH,co,nometeo
-8,0.6642507587177646,BTH,co,nometeo
-7,0.1578655486643955,BTH,co,nometeo
-6,-0.28378008155849377,BTH,co,nometeo
-5,-0.13615970975781294,BTH,co,nometeo
-4,-0.023318523157226156,BTH,co,nometeo
-3,0.10842053100956195,BTH,co,nometeo
-2,0.5145134497229131,BTH,co,nometeo
-1,-0.20160315094427794,BTH,co,nometeo
0,-0.2992056083418302,BTH,co,nometeo
1,0.3096687304748085,BTH,co,nometeo
2,0.9307839930393077,BTH,co,nometeo
3,0.7711953560638972,BTH,co,nometeo
4,0.41972290908480253,BTH,co,nometeo
5,0.06548691164129548,BTH,co,nometeo
6,-0.05871063343425273,BTH,co,nometeo
7,-0.44424133767091234,BTH,co,nometeo
8,-0.42458112271236415,BTH,co,nometeo
9,-0.44261351817731553,BTH,co,nometeo
10,-0.14677528284508728,BTH,co,nometeo
11,-0.2143179833044046,BTH,co,nometeo
12,-0.23380733428666556,BTH,co,nometeo
13,-0.23259863120462243,BTH,co,nometeo
14,-0.2956646606736407,BTH,co,nometeo
15,-0.231185915459723,BTH,co,nometeo
16,-0.36106320457490654,BTH,co,nometeo
17,-0.24182739296882427,BTH,co,nometeo
18,-0.21176591235550069,BTH,co,nometeo
19,-0.16014814773132913,BTH,co,nometeo
20,-0.7852170392368332,BTH,co,nometeo
-21,0.5798621502317162,BTH,co,meteo
-20,0.3862925159346965,BTH,co,meteo
-19,-0.4666700166201364,BTH,co,meteo
-18,-0.6436005499671943,BTH,co,meteo
-17,-0.2683758632974834,BTH,co,meteo
-16,0.15281183671949516,BTH,co,meteo
-15,0.08075685581100478,BTH,co,meteo
-14,-0.2330472203483792,BTH,co,meteo
-13,-0.3988895995234968,BTH,co,meteo
-12,-0.3357137105177582,BTH,co,meteo
-11,-0.17632386525418953,BTH,co,meteo
-10,0.08251300068706025,BTH,co,meteo
-9,0.11882117593977681,BTH,co,meteo
-8,0.4441914224192122,BTH,co,meteo
-7,0.144063160324425,BTH,co,meteo
-6,-0.2961107413046332,BTH,co,meteo
-5,-0.06625959952828409,BTH,co,meteo
-4,0.11783519238521434,BTH,co,meteo
-3,0.7778438559089519,BTH,co,meteo
-2,0.7220732200550452,BTH,co,meteo
-1,0.5827926717295576,BTH,co,meteo
0,0.39985987698134057,BTH,co,meteo
1,0.9255803041420296,BTH,co,meteo
2,0.6327652180399858,BTH,co,meteo
3,0.7683723833350721,BTH,co,meteo
4,0.28859729906690323,BTH,co,meteo
5,0.19653447834168625,BTH,co,meteo
6,0.1830433794816243,BTH,co,meteo
7,0.1233679409040378,BTH,co,meteo
8,-0.27418629001146544,BTH,co,meteo
9,0.2938835498355841,BTH,co,meteo
10,0.45128589481684095,BTH,co,meteo
11,0.0798740974411386,BTH,co,meteo
12,-0.1457527738778609,BTH,co,meteo
13,0.12554945514426952,BTH,co,meteo
14,0.6354413903487661,BTH,co,meteo
15,0.15475783893070227,BTH,co,meteo
16,-0.06438545058151268,BTH,co,meteo
17,0.0023120593312077053,BTH,co,meteo
18,-0.3648134094215235,BTH,co,meteo
19,-0.38844005764763,BTH,co,meteo
20,-0.5396430055666276,BTH,co,meteo
-21,-10.37488379442817,Xinjiang,pm2_5,nometeo
-20,-5.0803546115389775,Xinjiang,pm2_5,nometeo
-19,-4.991574594877948,Xinjiang,pm2_5,nometeo
-18,-6.981120215270915,Xinjiang,pm2_5,nometeo
-17,6.556900536840504,Xinjiang,pm2_5,nometeo
-16,17.096318958025964,Xinjiang,pm2_5,nometeo
-15,14.527587213815798,Xinjiang,pm2_5,nometeo
-14,6.984935019733273,Xinjiang,pm2_5,nometeo
-13,-2.973762312349118,Xinjiang,pm2_5,nometeo
-12,-24.193844500968495,Xinjiang,pm2_5,nometeo
-11,-6.838635785181873,Xinjiang,pm2_5,nometeo
-10,4.028323878367393,Xinjiang,pm2_5,nometeo
-9,4.6731259334919955,Xinjiang,pm2_5,nometeo
-8,-3.7542697506483567,Xinjiang,pm2_5,nometeo
-7,0.959278983457013,Xinjiang,pm2_5,nometeo
-6,0.2893407020813896,Xinjiang,pm2_5,nometeo
-5,-6.72206608845004,Xinjiang,pm2_5,nometeo
-4,3.02197343236792,Xinjiang,pm2_5,nometeo
-3,13.772726995532677,Xinjiang,pm2_5,nometeo
-2,-0.10338321627570579,Xinjiang,pm2_5,nometeo
-1,-13.984271911998436,Xinjiang,pm2_5,nometeo
0,-14.105738438222415,Xinjiang,pm2_5,nometeo
1,-11.751630495832758,Xinjiang,pm2_5,nometeo
2,-3.090097165183126,Xinjiang,pm2_5,nometeo
3,-4.346524915749493,Xinjiang,pm2_5,nometeo
4,-10.438383068749106,Xinjiang,pm2_5,nometeo
5,-10.271471536723672,Xinjiang,pm2_5,nometeo
6,-9.942598075564154,Xinjiang,pm2_5,nometeo
7,-21.12140775506026,Xinjiang,pm2_5,nometeo
8,-3.023591691521167,Xinjiang,pm2_5,nometeo
9,-4.571273800202187,Xinjiang,pm2_5,nometeo
10,-4.26836595846194,Xinjiang,pm2_5,nometeo
11,-7.279691195134761,Xinjiang,pm2_5,nometeo
12,-7.4120683027695105,Xinjiang,pm2_5,nometeo
13,-14.29945630327923,Xinjiang,pm2_5,nometeo
14,-16.288195920764657,Xinjiang,pm2_5,nometeo
15,-28.38486108545117,Xinjiang,pm2_5,nometeo
16,-18.573482797576354,Xinjiang,pm2_5,nometeo
17,-15.116187822043623,Xinjiang,pm2_5,nometeo
18,-27.635643911734725,Xinjiang,pm2_5,nometeo
19,-23.296559197066045,Xinjiang,pm2_5,nometeo
20,-23.927599358400663,Xinjiang,pm2_5,nometeo
-21,-9.61600179385897,Xinjiang,pm2_5,meteo
-20,13.970850560190822,Xinjiang,pm2_5,meteo
-19,0.7431085143465523,Xinjiang,pm2_5,meteo
-18,0.5566341379331803,Xinjiang,pm2_5,meteo
-17,-0.35285958106745596,Xinjiang,pm2_5,meteo
-16,0.22702335533513107,Xinjiang,pm2_5,meteo
-15,15.951675598138348,Xinjiang,pm2_5,meteo
-14,12.79814074989833,Xinjiang,pm2_5,meteo
-13,1.6444058707691553,Xinjiang,pm2_5,meteo
-12,-38.97836649330179,Xinjiang,pm2_5,meteo
-11,-31.140636669800806,Xinjiang,pm2_5,meteo
-10,-8.856030604960342,Xinjiang,pm2_5,meteo
-9,7.384030421475746,Xinjiang,pm2_5,meteo
-8,16.91026342539083,Xinjiang,pm2_5,meteo
-7,7.742022448467349,Xinjiang,pm2_5,meteo
-6,-16.436473819671793,Xinjiang,pm2_5,meteo
-5,-6.117466476782077,Xinjiang,pm2_5,meteo
-4,20.294374490122593,Xinjiang,pm2_5,meteo
-3,13.275305867375224,Xinjiang,pm2_5,meteo
-2,15.278087302930675,Xinjiang,pm2_5,meteo
-1,6.495306237775113,Xinjiang,pm2_5,meteo
0,9.097188539338937,Xinjiang,pm2_5,meteo
1,1.0097803575502358,Xinjiang,pm2_5,meteo
2,-4.357301300839509,Xinjiang,pm2_5,meteo
3,0.7109674800130357,Xinjiang,pm2_5,meteo
4,-0.5397933972060702,Xinjiang,pm2_5,meteo
5,9.238515394080586,Xinjiang,pm2_5,meteo
6,3.5776371333293397,Xinjiang,pm2_5,meteo
7,3.7487614322056473,Xinjiang,pm2_5,meteo
8,-1.6511541074764704,Xinjiang,pm2_5,meteo
9,-11.237868066910032,Xinjiang,pm2_5,meteo
10,-2.4790343748967043,Xinjiang,pm2_5,meteo
11,-6.524824191847436,Xinjiang,pm2_5,meteo
12,7.292296539043187,Xinjiang,pm2_5,meteo
13,27.983332367056793,Xinjiang,pm2_5,meteo
14,30.695864744870853,Xinjiang,pm2_5,meteo
15,-11.726700679582073,Xinjiang,pm2_5,meteo
16,-24.795586804270172,Xinjiang,pm2_5,meteo
17,-35.71674583269919,Xinjiang,pm2_5,meteo
18,-32.290315544429276,Xinjiang,pm2_5,meteo
19,-15.11909900706583,Xinjiang,pm2_5,meteo
20,1.9547925857332906,Xinjiang,pm2_5,meteo
-21,-5.956548613271041,Xinjiang,pm10,nometeo
-20,12.510060208669719,Xinjiang,pm10,nometeo
-19,10.592304107698853,Xinjiang,pm10,nometeo
-18,12.471782417598837,Xinjiang,pm10,nometeo
-17,18.54141148189513,Xinjiang,pm10,nometeo
-16,26.101416374596504,Xinjiang,pm10,nometeo
-15,29.657189930469997,Xinjiang,pm10,nometeo
-14,22.07026594483512,Xinjiang,pm10,nometeo
-13,9.850067708528975,Xinjiang,pm10,nometeo
-12,-16.293515202203658,Xinjiang,pm10,nometeo
-11,5.8018867408272286,Xinjiang,pm10,nometeo
-10,20.94801259154596,Xinjiang,pm10,nometeo
-9,21.49193928993289,Xinjiang,pm10,nometeo
-8,-7.632918407525336,Xinjiang,pm10,nometeo
-7,-1.708453451653237,Xinjiang,pm10,nometeo
-6,-62.17777095309472,Xinjiang,pm10,nometeo
-5,-60.4712635597493,Xinjiang,pm10,nometeo
-4,-32.2509332700005,Xinjiang,pm10,nometeo
-3,-3.544933339101392,Xinjiang,pm10,nometeo
-2,-25.794639712200084,Xinjiang,pm10,nometeo
-1,-34.86783784176887,Xinjiang,pm10,nometeo
0,-34.25885696206765,Xinjiang,pm10,nometeo
1,-40.39408218280464,Xinjiang,pm10,nometeo
2,-19.17866596733379,Xinjiang,pm10,nometeo
3,-6.338090016429769,Xinjiang,pm10,nometeo
4,-24.924163829647217,Xinjiang,pm10,nometeo
5,-29.84176348731285,Xinjiang,pm10,nometeo
6,-22.329971594260883,Xinjiang,pm10,nometeo
7,-27.698343927655692,Xinjiang,pm10,nometeo
8,-5.996517375745709,Xinjiang,pm10,nometeo
9,-18.617836937832482,Xinjiang,pm10,nometeo
10,-11.515369639435935,Xinjiang,pm10,nometeo
11,-17.607443930543795,Xinjiang,pm10,nometeo
12,-24.93000850457569,Xinjiang,pm10,nometeo
13,-29.94766758965517,Xinjiang,pm10,nometeo
14,-23.831338769787887,Xinjiang,pm10,nometeo
15,-32.3579316351771,Xinjiang,pm10,nometeo
16,-24.36710676341132,Xinjiang,pm10,nometeo
17,-1.7478807030920018,Xinjiang,pm10,nometeo
18,-12.203826115403999,Xinjiang,pm10,nometeo
19,9.602201129316196,Xinjiang,pm10,nometeo
20,8.153670997750725,Xinjiang,pm10,nometeo
-21,-5.018542547638015,Xinjiang,pm10,meteo
-20,58.243742295605905,Xinjiang,pm10,meteo
-19,37.947441590559265,Xinjiang,pm10,meteo
-18,38.53067658722005,Xinjiang,pm10,meteo
-17,21.825954745479144,Xinjiang,pm10,meteo
-16,12.780264107498551,Xinjiang,pm10,meteo
-15,48.60995421247442,Xinjiang,pm10,meteo
-14,58.56652618127048,Xinjiang,pm10,meteo
-13,28.08984854246848,Xinjiang,pm10,meteo
-12,-43.487978867622694,Xinjiang,pm10,meteo
-11,-53.64265810934445,Xinjiang,pm10,meteo
-10,-17.743643741129333,Xinjiang,pm10,meteo
-9,18.188502361650535,Xinjiang,pm10,meteo
-8,31.704358503406027,Xinjiang,pm10,meteo
-7,-14.19494768949171,Xinjiang,pm10,meteo
-6,-121.70493617562747,Xinjiang,pm10,meteo
-5,-83.3972428203727,Xinjiang,pm10,meteo
-4,-1.7891137620909703,Xinjiang,pm10,meteo
-3,-13.508205414315563,Xinjiang,pm10,meteo
-2,-9.710373327359793,Xinjiang,pm10,meteo
-1,-12.891493217054302,Xinjiang,pm10,meteo
0,3.071359884954303,Xinjiang,pm10,meteo
1,-6.81765928916883,Xinjiang,pm10,meteo
2,-28.810213801701984,Xinjiang,pm10,meteo
3,-31.47954311125568,Xinjiang,pm10,meteo
4,-31.57822147889994,Xinjiang,pm10,meteo
5,3.9999253831558494,Xinjiang,pm10,meteo
6,19.077775171906055,Xinjiang,pm10,meteo
7,44.26006675850481,Xinjiang,pm10,meteo
8,14.667770679357774,Xinjiang,pm10,meteo
9,-33.33180305599324,Xinjiang,pm10,meteo
10,-14.898347757873577,Xinjiang,pm10,meteo
11,-22.907683786083183,Xinjiang,pm10,meteo
12,-1.6355663510923506,Xinjiang,pm10,meteo
13,36.35866187867981,Xinjiang,pm10,meteo
14,58.78696894763373,Xinjiang,pm10,meteo
15,-11.868250424823723,Xinjiang,pm10,meteo
16,-46.47319014653596,Xinjiang,pm10,meteo
17,-60.37921984869678,Xinjiang,pm10,meteo
18,-25.88370219043921,Xinjiang,pm10,meteo
19,31.440603499713916,Xinjiang,pm10,meteo
20,62.523721089195426,Xinjiang,pm10,meteo
-21,1.8859883860900186,Xinjiang,so2,nometeo
-20,-0.05948078110994537,Xinjiang,so2,nometeo
-19,0.26808224996999175,Xinjiang,so2,nometeo
-18,0.5541122519364734,Xinjiang,so2,nometeo
-17,1.7148999076907647,Xinjiang,so2,nometeo
-16,2.3355801154324527,Xinjiang,so2,nometeo
-15,1.3579490094888687,Xinjiang,so2,nometeo
-14,0.8418984499216406,Xinjiang,so2,nometeo
-13,1.5622270342554747,Xinjiang,so2,nometeo
-12,1.712788012538617,Xinjiang,so2,nometeo
-11,3.2210945406340343,Xinjiang,so2,nometeo
-10,1.4333814883432043,Xinjiang,so2,nometeo
-9,0.6769114754379032,Xinjiang,so2,nometeo
-8,-2.260242025061409,Xinjiang,so2,nometeo
-7,-11.078001393392832,Xinjiang,so2,nometeo
-6,-1.187671870467378,Xinjiang,so2,nometeo
-5,0.9985573681794775,Xinjiang,so2,nometeo
-4,-5.521846715404895,Xinjiang,so2,nometeo
-3,1.5437724955175343,Xinjiang,so2,nometeo
-2,2.287933073694262,Xinjiang,so2,nometeo
-1,1.2993703848486433,Xinjiang,so2,nometeo
0,2.2363453869016245,Xinjiang,so2,nometeo
1,1.5201842337426772,Xinjiang,so2,nometeo
2,2.650140985532977,Xinjiang,so2,nometeo
3,1.0897979756865437,Xinjiang,so2,nometeo
4,-1.2659024661629381,Xinjiang,so2,nometeo
5,-1.2928172169023022,Xinjiang,so2,nometeo
6,-0.6148039977199744,Xinjiang,so2,nometeo
7,-1.0598877546214012,Xinjiang,so2,nometeo
8,-0.2169172840773994,Xinjiang,so2,nometeo
9,-0.05459059620593765,Xinjiang,so2,nometeo
10,0.5629415020235563,Xinjiang,so2,nometeo
11,0.15029222505734574,Xinjiang,so2,nometeo
12,-0.4659222403421106,Xinjiang,so2,nometeo
13,-0.923003511854712,Xinjiang,so2,nometeo
14,-0.6553344886596189,Xinjiang,so2,nometeo
15,-0.8375364296229102,Xinjiang,so2,nometeo
16,-0.40514864300218933,Xinjiang,so2,nometeo
17,0.5277856096292772,Xinjiang,so2,nometeo
18,0.7842136767628679,Xinjiang,so2,nometeo
19,0.6556365959508599,Xinjiang,so2,nometeo
20,-0.5754054133929056,Xinjiang,so2,nometeo
-21,2.1981465924906316,Xinjiang,so2,meteo
-20,2.263320017175003,Xinjiang,so2,meteo
-19,-1.4816926888147277,Xinjiang,so2,meteo
-18,-0.46836698739750515,Xinjiang,so2,meteo
-17,-1.076483016560223,Xinjiang,so2,meteo
-16,-1.8852746176196793,Xinjiang,so2,meteo
-15,0.7598243904562494,Xinjiang,so2,meteo
-14,-0.5187761820109098,Xinjiang,so2,meteo
-13,1.430625993572669,Xinjiang,so2,meteo
-12,-2.2862165193665134,Xinjiang,so2,meteo
-11,-1.697987839506491,Xinjiang,so2,meteo
-10,0.8212366281831447,Xinjiang,so2,meteo
-9,3.3123614818823066,Xinjiang,so2,meteo
-8,3.5605755401308654,Xinjiang,so2,meteo
-7,-7.871829022791049,Xinjiang,so2,meteo
-6,-1.3381049460099343,Xinjiang,so2,meteo
-5,3.55677054709754,Xinjiang,so2,meteo
-4,-1.3175216906712994,Xinjiang,so2,meteo
-3,2.039392319759918,Xinjiang,so2,meteo
-2,6.472691410423398,Xinjiang,so2,meteo
-1,6.047215869752783,Xinjiang,so2,meteo
0,6.481473852617471,Xinjiang,so2,meteo
1,4.355689684110258,Xinjiang,so2,meteo
2,3.0355787948801245,Xinjiang,so2,meteo
3,3.35868901834006,Xinjiang,so2,meteo
4,2.624480562377876,Xinjiang,so2,meteo
5,3.941194703709483,Xinjiang,so2,meteo
6,2.0187189750155254,Xinjiang,so2,meteo
7,1.4632653641713178,Xinjiang,so2,meteo
8,-1.7535787007044097,Xinjiang,so2,meteo
9,-1.8808463213742868,Xinjiang,so2,meteo
10,0.8413553651930119,Xinjiang,so2,meteo
11,-0.14815561061115945,Xinjiang,so2,meteo
12,3.2229296229706597,Xinjiang,so2,meteo
13,9.617215602745762,Xinjiang,so2,meteo
14,8.96995630733011,Xinjiang,so2,meteo
15,1.0388576501559768,Xinjiang,so2,meteo
16,-2.7583179692279205,Xinjiang,so2,meteo
17,-4.424912027602497,Xinjiang,so2,meteo
18,-1.4052691561329795,Xinjiang,so2,meteo
19,0.5378951830856564,Xinjiang,so2,meteo
20,4.203561845703566,Xinjiang,so2,meteo
-21,2.256291773987366,Xinjiang,no2,nometeo
-20,-1.7549801315877502,Xinjiang,no2,nometeo
-19,-4.322377793227028,Xinjiang,no2,nometeo
-18,1.8202303964484958,Xinjiang,no2,nometeo
-17,4.195891255983199,Xinjiang,no2,nometeo
-16,7.874018141482848,Xinjiang,no2,nometeo
-15,1.0292196406798837,Xinjiang,no2,nometeo
-14,-7.235471563604044,Xinjiang,no2,nometeo
-13,-7.503995002687468,Xinjiang,no2,nometeo
-12,-6.1904451528090565,Xinjiang,no2,nometeo
-11,-4.2032962764305015,Xinjiang,no2,nometeo
-10,-4.355508497638921,Xinjiang,no2,nometeo
-9,-1.9560619147256926,Xinjiang,no2,nometeo
-8,-3.41691928767451,Xinjiang,no2,nometeo
-7,3.0575687417941726,Xinjiang,no2,nometeo
-6,2.31124358754374,Xinjiang,no2,nometeo
-5,4.686171120782852,Xinjiang,no2,nometeo
-4,4.272024421452575,Xinjiang,no2,nometeo
-3,9.436396540229865,Xinjiang,no2,nometeo
-2,1.3763552184433525,Xinjiang,no2,nometeo
-1,-9.396703358861675,Xinjiang,no2,nometeo
0,-11.147319015613359,Xinjiang,no2,nometeo
1,-7.597537022686389,Xinjiang,no2,nometeo
2,0.02809644613716955,Xinjiang,no2,nometeo
3,-7.968854293529468,Xinjiang,no2,nometeo
4,-7.151067316684536,Xinjiang,no2,nometeo
5,-11.350276941855931,Xinjiang,no2,nometeo
6,-12.71061737316506,Xinjiang,no2,nometeo
7,-14.839531822633859,Xinjiang,no2,nometeo
8,-12.604630104983908,Xinjiang,no2,nometeo
9,-13.796927821658102,Xinjiang,no2,nometeo
10,-11.646349763138279,Xinjiang,no2,nometeo
11,-14.136815894710303,Xinjiang,no2,nometeo
12,-8.296534588724388,Xinjiang,no2,nometeo
13,-14.679092813772005,Xinjiang,no2,nometeo
14,-18.26562060978722,Xinjiang,no2,nometeo
15,-21.29566437423309,Xinjiang,no2,nometeo
16,-19.93413756311601,Xinjiang,no2,nometeo
17,-14.143777424437559,Xinjiang,no2,nometeo
18,-17.852418990151662,Xinjiang,no2,nometeo
19,-15.746820583881206,Xinjiang,no2,nometeo
20,-19.076279274549783,Xinjiang,no2,nometeo
-21,1.1455320680677286,Xinjiang,no2,meteo
-20,1.471403787746084,Xinjiang,no2,meteo
-19,-4.589443701285418,Xinjiang,no2,meteo
-18,1.2955078026038205,Xinjiang,no2,meteo
-17,0.611466068214618,Xinjiang,no2,meteo
-16,1.2869325718046163,Xinjiang,no2,meteo
-15,1.1915352740124305,Xinjiang,no2,meteo
-14,-6.369395051086974,Xinjiang,no2,meteo
-13,-5.7327076713561045,Xinjiang,no2,meteo
-12,-10.464700768907383,Xinjiang,no2,meteo
-11,-10.857932601913147,Xinjiang,no2,meteo
-10,-5.802781610770474,Xinjiang,no2,meteo
-9,1.4090737602136265,Xinjiang,no2,meteo
-8,3.9290191866941218,Xinjiang,no2,meteo
-7,6.069956868595613,Xinjiang,no2,meteo
-6,-0.1669349443290944,Xinjiang,no2,meteo
-5,6.242366483079454,Xinjiang,no2,meteo
-4,9.700226071104442,Xinjiang,no2,meteo
-3,9.630876407512046,Xinjiang,no2,meteo
-2,6.754739925984601,Xinjiang,no2,meteo
-1,-1.3812453785675967,Xinjiang,no2,meteo
0,-3.8586327204647954,Xinjiang,no2,meteo
1,-4.066650565836039,Xinjiang,no2,meteo
2,0.16417596387642597,Xinjiang,no2,meteo
3,-5.977076029735088,Xinjiang,no2,meteo
4,-3.0797682410413643,Xinjiang,no2,meteo
5,-4.763742473034297,Xinjiang,no2,meteo
6,-8.711813658329762,Xinjiang,no2,meteo
7,-10.083083771871477,Xinjiang,no2,meteo
8,-13.718345056339858,Xinjiang,no2,meteo
9,-15.707778241669745,Xinjiang,no2,meteo
10,-10.81661326877254,Xinjiang,no2,meteo
11,-13.833003985845279,Xinjiang,no2,meteo
12,-4.8029427633504085,Xinjiang,no2,meteo
13,-1.488023775682123,Xinjiang,no2,meteo
14,-4.208808979500565,Xinjiang,no2,meteo
15,-17.554506058315482,Xinjiang,no2,meteo
16,-22.87846459757558,Xinjiang,no2,meteo
17,-20.521109259359164,Xinjiang,no2,meteo
18,-19.687470484723875,Xinjiang,no2,meteo
19,-14.115673221579796,Xinjiang,no2,meteo
20,-11.343856488260437,Xinjiang,no2,meteo
-21,-1.2395493671584115,Xinjiang,o3,nometeo
-20,0.38760151965921086,Xinjiang,o3,nometeo
-19,-3.767284549540025,Xinjiang,o3,nometeo
-18,-8.752049102578507,Xinjiang,o3,nometeo
-17,-8.309641036814856,Xinjiang,o3,nometeo
-16,-8.93553409128737,Xinjiang,o3,nometeo
-15,-3.0952081133176543,Xinjiang,o3,nometeo
-14,-1.1100107141485518,Xinjiang,o3,nometeo
-13,3.2342954267612214,Xinjiang,o3,nometeo
-12,0.44544667625789014,Xinjiang,o3,nometeo
-11,-2.5222594147392803,Xinjiang,o3,nometeo
-10,0.960482795086552,Xinjiang,o3,nometeo
-9,0.8978356182213743,Xinjiang,o3,nometeo
-8,3.6548885194812506,Xinjiang,o3,nometeo
-7,2.353460384292534,Xinjiang,o3,nometeo
-6,4.348250248483711,Xinjiang,o3,nometeo
-5,6.885653062038356,Xinjiang,o3,nometeo
-4,8.62111692855956,Xinjiang,o3,nometeo
-3,5.942505210742994,Xinjiang,o3,nometeo
-2,4.585468504780112,Xinjiang,o3,nometeo
-1,9.533255978532075,Xinjiang,o3,nometeo
0,11.472414248732537,Xinjiang,o3,nometeo
1,12.070588917510218,Xinjiang,o3,nometeo
2,9.772458922649689,Xinjiang,o3,nometeo
3,15.610198691795347,Xinjiang,o3,nometeo
4,12.551541808572832,Xinjiang,o3,nometeo
5,10.929495933330571,Xinjiang,o3,nometeo
6,5.7293713503455965,Xinjiang,o3,nometeo
7,8.79510712424128,Xinjiang,o3,nometeo
8,4.467288951655792,Xinjiang,o3,nometeo
9,5.073412552226367,Xinjiang,o3,nometeo
10,4.916462975961055,Xinjiang,o3,nometeo
11,8.984140081320529,Xinjiang,o3,nometeo
12,6.53174000761166,Xinjiang,o3,nometeo
13,11.296036225610697,Xinjiang,o3,nometeo
14,7.907264781807255,Xinjiang,o3,nometeo
15,10.157361685545766,Xinjiang,o3,nometeo
16,11.865539478254943,Xinjiang,o3,nometeo
17,16.209010001672624,Xinjiang,o3,nometeo
18,5.653346027501535,Xinjiang,o3,nometeo
19,-0.8904775366167268,Xinjiang,o3,nometeo
20,-1.3841116241126157,Xinjiang,o3,nometeo
-21,-0.9670265527585258,Xinjiang,o3,meteo
-20,-2.9143934200012875,Xinjiang,o3,meteo
-19,-8.241570588501109,Xinjiang,o3,meteo
-18,-10.868192234529308,Xinjiang,o3,meteo
-17,-7.215621746769418,Xinjiang,o3,meteo
-16,-4.643124317110653,Xinjiang,o3,meteo
-15,-2.2323906384253167,Xinjiang,o3,meteo
-14,-4.2359406354771725,Xinjiang,o3,meteo
-13,2.3348773370414015,Xinjiang,o3,meteo
-12,0.18938892536313823,Xinjiang,o3,meteo
-11,-0.08450779430883415,Xinjiang,o3,meteo
-10,4.924125021514807,Xinjiang,o3,meteo
-9,3.9850446617973465,Xinjiang,o3,meteo
-8,2.9716200386679343,Xinjiang,o3,meteo
-7,3.455325076721592,Xinjiang,o3,meteo
-6,5.321080360821936,Xinjiang,o3,meteo
-5,6.104840172105725,Xinjiang,o3,meteo
-4,5.908399420109828,Xinjiang,o3,meteo
-3,6.2080669137379285,Xinjiang,o3,meteo
-2,2.6050338106583,Xinjiang,o3,meteo
-1,6.336239919230762,Xinjiang,o3,meteo
0,7.4739019627546215,Xinjiang,o3,meteo
1,12.16684331666023,Xinjiang,o3,meteo
2,9.184182615806227,Xinjiang,o3,meteo
3,13.388140820219434,Xinjiang,o3,meteo
4,10.696898094170088,Xinjiang,o3,meteo
5,10.152338355930286,Xinjiang,o3,meteo
6,4.604581413025306,Xinjiang,o3,meteo
7,4.173794503385788,Xinjiang,o3,meteo
8,3.069040828885734,Xinjiang,o3,meteo
9,4.523624455809358,Xinjiang,o3,meteo
10,3.992575977617128,Xinjiang,o3,meteo
11,6.51444797011263,Xinjiang,o3,meteo
12,5.729961179668831,Xinjiang,o3,meteo
13,11.451248027351088,Xinjiang,o3,meteo
14,3.18901648785034,Xinjiang,o3,meteo
15,4.912718308277336,Xinjiang,o3,meteo
16,10.286097247265394,Xinjiang,o3,meteo
17,15.387976973418882,Xinjiang,o3,meteo
18,4.123711912426517,Xinjiang,o3,meteo
19,-2.2713474457501253,Xinjiang,o3,meteo
20,-0.7834449236129064,Xinjiang,o3,meteo
-21,-0.06868725048082541,Xinjiang,co,nometeo
-20,0.07712411454684939,Xinjiang,co,nometeo
-19,-0.11773156556037018,Xinjiang,co,nometeo
-18,0.0803375024407817,Xinjiang,co,nometeo
-17,0.14222876743542465,Xinjiang,co,nometeo
-16,0.3003759380602632,Xinjiang,co,nometeo
-15,0.1423331389934554,Xinjiang,co,nometeo
-14,-0.08422441609040227,Xinjiang,co,nometeo
-13,-0.2538088222645295,Xinjiang,co,nometeo
-12,-0.07813412709278333,Xinjiang,co,nometeo
-11,-0.2709489963775956,Xinjiang,co,nometeo
-10,-0.20439680750191735,Xinjiang,co,nometeo
-9,-0.22624298099127627,Xinjiang,co,nometeo
-8,-0.20176740245555747,Xinjiang,co,nometeo
-7,-0.005850664356964574,Xinjiang,co,nometeo
-6,0.14190052297285724,Xinjiang,co,nometeo
-5,0.09654954846481917,Xinjiang,co,nometeo
-4,0.22183593060971382,Xinjiang,co,nometeo
-3,0.3091075696480581,Xinjiang,co,nometeo
-2,0.18073845988110177,Xinjiang,co,nometeo
-1,-0.2123462941868488,Xinjiang,co,nometeo
0,-0.3775438451538303,Xinjiang,co,nometeo
1,0.03930566456349932,Xinjiang,co,nometeo
2,0.32708075379261015,Xinjiang,co,nometeo
3,0.019289516894926972,Xinjiang,co,nometeo
4,-0.03170600071849666,Xinjiang,co,nometeo
5,-0.06894685836833792,Xinjiang,co,nometeo
6,-0.0498590937110871,Xinjiang,co,nometeo
7,-0.06565489846963812,Xinjiang,co,nometeo
8,0.01600901974487373,Xinjiang,co,nometeo
9,0.05665193184582151,Xinjiang,co,nometeo
10,0.21002466699596534,Xinjiang,co,nometeo
11,0.11792105565045499,Xinjiang,co,nometeo
12,0.1977339762325937,Xinjiang,co,nometeo
13,0.05076992795542068,Xinjiang,co,nometeo
14,0.01589023493357211,Xinjiang,co,nometeo
15,-0.2669730503440365,Xinjiang,co,nometeo
16,-0.13629506131848784,Xinjiang,co,nometeo
17,-0.0038018941070420142,Xinjiang,co,nometeo
18,-0.21227782051332444,Xinjiang,co,nometeo
19,-0.15081827794216662,Xinjiang,co,nometeo
20,-0.25660001536004173,Xinjiang,co,nometeo
-21,-0.11286557965746075,Xinjiang,co,meteo
-20,0.32368617017236173,Xinjiang,co,meteo
-19,-0.09705785073197731,Xinjiang,co,meteo
-18,0.12978415127340673,Xinjiang,co,meteo
-17,-0.00830974466471568,Xinjiang,co,meteo
-16,-0.015651412954372668,Xinjiang,co,meteo
-15,0.19363376689509343,Xinjiang,co,meteo
-14,-0.007993375893222687,Xinjiang,co,meteo
-13,-0.12970359966061157,Xinjiang,co,meteo
-12,-0.33761279264089655,Xinjiang,co,meteo
-11,-0.6826883565342883,Xinjiang,co,meteo
-10,-0.3319215254130589,Xinjiang,co,meteo
-9,-0.051035761310128935,Xinjiang,co,meteo
-8,0.20983873016189,Xinjiang,co,meteo
-7,0.16294596850043286,Xinjiang,co,meteo
-6,-0.13815112389816175,Xinjiang,co,meteo
-5,0.09069468999725963,Xinjiang,co,meteo
-4,0.4977780784485959,Xinjiang,co,meteo
-3,0.3046295679098547,Xinjiang,co,meteo
-2,0.4641405644882147,Xinjiang,co,meteo
-1,0.22135406104454064,Xinjiang,co,meteo
0,0.041993192905518284,Xinjiang,co,meteo
1,0.2727324970249083,Xinjiang,co,meteo
2,0.2828159887345988,Xinjiang,co,meteo
3,0.07552374813109858,Xinjiang,co,meteo
4,0.1483639841360212,Xinjiang,co,meteo
5,0.3115734266947941,Xinjiang,co,meteo
6,0.19981662092986696,Xinjiang,co,meteo
7,0.280719047351368,Xinjiang,co,meteo
8,-0.006512313629075062,Xinjiang,co,meteo
9,-0.07301907923186912,Xinjiang,co,meteo
10,0.2436684965803545,Xinjiang,co,meteo
11,0.10435713723132523,Xinjiang,co,meteo
12,0.4270197259021693,Xinjiang,co,meteo
13,0.8927906825316991,Xinjiang,co,meteo
14,0.8847614376864477,Xinjiang,co,meteo
15,-0.040262354616734164,Xinjiang,co,meteo
16,-0.32126931388689,Xinjiang,co,meteo
17,-0.40547966879036706,Xinjiang,co,meteo
18,-0.31721344412895186,Xinjiang,co,meteo
19,0.0047742127465429385,Xinjiang,co,meteo
20,0.29187664584504414,Xinjiang,co,meteo
-21,15.73944786684725,Jilin,pm2_5,nometeo
-20,13.79552471820336,Jilin,pm2_5,nometeo
-19,-4.519011451929799,Jilin,pm2_5,nometeo
-18,12.779573252583255,Jilin,pm2_5,nometeo
-17,-31.55276752786419,Jilin,pm2_5,nometeo
-16,3.8894764196583935,Jilin,pm2_5,nometeo
-15,7.8051787207366985,Jilin,pm2_5,nometeo
-14,-5.252624086509364,Jilin,pm2_5,nometeo
-13,16.566470106811337,Jilin,pm2_5,nometeo
-12,-27.118429894320556,Jilin,pm2_5,nometeo
-11,22.19523978185707,Jilin,pm2_5,nometeo
-10,6.623310017524233,Jilin,pm2_5,nometeo
-9,12.359029435584098,Jilin,pm2_5,nometeo
-8,23.47285175361114,Jilin,pm2_5,nometeo
-7,7.755500435451168,Jilin,pm2_5,nometeo
-6,34.86027005015188,Jilin,pm2_5,nometeo
-5,-3.094742517502226,Jilin,pm2_5,nometeo
-4,-62.41534285445887,Jilin,pm2_5,nometeo
-3,-43.88895422643502,Jilin,pm2_5,nometeo
-2,-46.580409533512785,Jilin,pm2_5,nometeo
-1,-18.43397616567718,Jilin,pm2_5,nometeo
0,56.075851520047834,Jilin,pm2_5,nometeo
1,15.373587987033453,Jilin,pm2_5,nometeo
2,26.214060706409455,Jilin,pm2_5,nometeo
3,38.220776696262305,Jilin,pm2_5,nometeo
4,-21.006448958747974,Jilin,pm2_5,nometeo
5,-32.395269720418895,Jilin,pm2_5,nometeo
6,-2.3379017647350864,Jilin,pm2_5,nometeo
7,-27.538318650226152,Jilin,pm2_5,nometeo
8,-61.753998593361274,Jilin,pm2_5,nometeo
9,-79.09839688050062,Jilin,pm2_5,nometeo
10,-105.45311104700959,Jilin,pm2_5,nometeo
11,-47.78747968701205,Jilin,pm2_5,nometeo
12,-23.384984375915952,Jilin,pm2_5,nometeo
13,-33.29101313492448,Jilin,pm2_5,nometeo
14,-76.95744745432225,Jilin,pm2_5,nometeo
15,-98.6215889934819,Jilin,pm2_5,nometeo
16,-36.55229110778338,Jilin,pm2_5,nometeo
17,-49.942469908455706,Jilin,pm2_5,nometeo
18,-54.1998731537795,Jilin,pm2_5,nometeo
19,-39.20473764645237,Jilin,pm2_5,nometeo
20,-70.17407633226577,Jilin,pm2_5,nometeo
-21,10.762730895689405,Jilin,pm2_5,meteo
-20,28.69851676119998,Jilin,pm2_5,meteo
-19,23.79623190719698,Jilin,pm2_5,meteo
-18,22.777716032258883,Jilin,pm2_5,meteo
-17,-18.565541081372636,Jilin,pm2_5,meteo
-16,3.7012954470103487,Jilin,pm2_5,meteo
-15,18.47924535182447,Jilin,pm2_5,meteo
-14,2.093978770082426,Jilin,pm2_5,meteo
-13,1.9948128101378053,Jilin,pm2_5,meteo
-12,-33.953355149422435,Jilin,pm2_5,meteo
-11,5.216376521665499,Jilin,pm2_5,meteo
-10,1.713169063216089,Jilin,pm2_5,meteo
-9,8.182164703167846,Jilin,pm2_5,meteo
-8,24.051921817905427,Jilin,pm2_5,meteo
-7,-8.656889873742013,Jilin,pm2_5,meteo
-6,-14.140102628161674,Jilin,pm2_5,meteo
-5,-17.729637249466215,Jilin,pm2_5,meteo
-4,-27.46021296846324,Jilin,pm2_5,meteo
-3,-30.962421130726906,Jilin,pm2_5,meteo
-2,-25.086451000700556,Jilin,pm2_5,meteo
-1,12.520867370806261,Jilin,pm2_5,meteo
0,79.55732823140208,Jilin,pm2_5,meteo
1,35.85967440855846,Jilin,pm2_5,meteo
2,18.37546233197678,Jilin,pm2_5,meteo
3,46.67021893382035,Jilin,pm2_5,meteo
4,-9.932622773128053,Jilin,pm2_5,meteo
5,-41.518788136898685,Jilin,pm2_5,meteo
6,-29.99765627505128,Jilin,pm2_5,meteo
7,-39.60095513784227,Jilin,pm2_5,meteo
8,-70.72970832678983,Jilin,pm2_5,meteo
9,-88.1888543823677,Jilin,pm2_5,meteo
10,-78.67719973611699,Jilin,pm2_5,meteo
11,-18.310985569638227,Jilin,pm2_5,meteo
12,-3.5658113978453017,Jilin,pm2_5,meteo
13,-28.85672741889877,Jilin,pm2_5,meteo
14,-61.508813642984094,Jilin,pm2_5,meteo
15,-88.73402362789818,Jilin,pm2_5,meteo
16,-45.07529524334811,Jilin,pm2_5,meteo
17,-25.620442569760897,Jilin,pm2_5,meteo
18,-57.521327634352204,Jilin,pm2_5,meteo
19,-44.913396107272845,Jilin,pm2_5,meteo
20,-26.116794931262557,Jilin,pm2_5,meteo
-21,17.609011735608483,Jilin,pm10,nometeo
-20,16.14629557735416,Jilin,pm10,nometeo
-19,7.55536944250094,Jilin,pm10,nometeo
-18,21.373046497660177,Jilin,pm10,nometeo
-17,-30.52285498332505,Jilin,pm10,nometeo
-16,7.494008236697674,Jilin,pm10,nometeo
-15,8.485213586416656,Jilin,pm10,nometeo
-14,-0.9708991272664917,Jilin,pm10,nometeo
-13,26.129370623632475,Jilin,pm10,nometeo
-12,-21.174881892685995,Jilin,pm10,nometeo
-11,37.600932587383305,Jilin,pm10,nometeo
-10,20.46500808291838,Jilin,pm10,nometeo
-9,-4.641270080377659,Jilin,pm10,nometeo
-8,30.766234286251013,Jilin,pm10,nometeo
-7,2.767721064399659,Jilin,pm10,nometeo
-6,-5.63771187787232,Jilin,pm10,nometeo
-5,-1.6446578523352215,Jilin,pm10,nometeo
-4,-73.28074368967424,Jilin,pm10,nometeo
-3,-58.51919221728627,Jilin,pm10,nometeo
-2,-49.66759888634466,Jilin,pm10,nometeo
-1,-8.093411063721781,Jilin,pm10,nometeo
0,77.31711059504838,Jilin,pm10,nometeo
1,35.494636031916734,Jilin,pm10,nometeo
2,47.536610438786944,Jilin,pm10,nometeo
3,60.92967022531972,Jilin,pm10,nometeo
4,-3.7117638572228557,Jilin,pm10,nometeo
5,-18.164390278566742,Jilin,pm10,nometeo
6,16.381708743244083,Jilin,pm10,nometeo
7,-9.339561260119076,Jilin,pm10,nometeo
8,-49.9794401087103,Jilin,pm10,nometeo
9,-71.36031393849655,Jilin,pm10,nometeo
10,-102.44538053574956,Jilin,pm10,nometeo
11,-34.671237327527265,Jilin,pm10,nometeo
12,-12.719228336329358,Jilin,pm10,nometeo
13,-21.517889378942435,Jilin,pm10,nometeo
14,-74.43573055038368,Jilin,pm10,nometeo
15,-87.79174867638011,Jilin,pm10,nometeo
16,-22.44499774950924,Jilin,pm10,nometeo
17,-37.835167883478306,Jilin,pm10,nometeo
18,-50.63062507149854,Jilin,pm10,nometeo
19,-41.97219837326931,Jilin,pm10,nometeo
20,-67.16317621906867,Jilin,pm10,nometeo
-21,11.093843832242861,Jilin,pm10,meteo
-20,44.83163726954617,Jilin,pm10,meteo
-19,43.35842955569414,Jilin,pm10,meteo
-18,29.04346828451586,Jilin,pm10,meteo
-17,-22.78562052379416,Jilin,pm10,meteo
-16,12.85131018479477,Jilin,pm10,meteo
-15,23.832562791814226,Jilin,pm10,meteo
-14,12.27359978230168,Jilin,pm10,meteo
-13,6.186485734831969,Jilin,pm10,meteo
-12,-42.46557356271079,Jilin,pm10,meteo
-11,12.274542980789015,Jilin,pm10,meteo
-10,5.225591309340842,Jilin,pm10,meteo
-9,2.503799232518837,Jilin,pm10,meteo
-8,33.93162495766084,Jilin,pm10,meteo
-7,-18.04578403591882,Jilin,pm10,meteo
-6,-64.55296833020154,Jilin,pm10,meteo
-5,-23.050052421117133,Jilin,pm10,meteo
-4,-30.783517103561046,Jilin,pm10,meteo
-3,-35.72337993874773,Jilin,pm10,meteo
-2,-24.2176388615081,Jilin,pm10,meteo
-1,36.1488413286804,Jilin,pm10,meteo
0,111.01334335517387,Jilin,pm10,meteo
1,64.28187671999865,Jilin,pm10,meteo
2,38.33452183965867,Jilin,pm10,meteo
3,62.15777265694776,Jilin,pm10,meteo
4,-4.4844399907103,Jilin,pm10,meteo
5,-45.774453554335636,Jilin,pm10,meteo
6,-26.906098549147373,Jilin,pm10,meteo
7,-41.33755614879354,Jilin,pm10,meteo
8,-77.11716395714063,Jilin,pm10,meteo
9,-101.16653138104755,Jilin,pm10,meteo
10,-87.3266604341544,Jilin,pm10,meteo
11,-2.2406147947824877,Jilin,pm10,meteo
12,10.341672445716966,Jilin,pm10,meteo
13,-18.46978800342425,Jilin,pm10,meteo
14,-63.60784068515416,Jilin,pm10,meteo
15,-99.88918995974657,Jilin,pm10,meteo
16,-40.554014146914376,Jilin,pm10,meteo
17,-31.218817023054523,Jilin,pm10,meteo
18,-68.37895294404208,Jilin,pm10,meteo
19,-50.57963986789544,Jilin,pm10,meteo
20,-16.674378194654135,Jilin,pm10,meteo
-21,8.362787485914478,Jilin,so2,nometeo
-20,3.96670743432545,Jilin,so2,nometeo
-19,2.4636073716213804,Jilin,so2,nometeo
-18,-5.46089268297648,Jilin,so2,nometeo
-17,-1.7377926861712898,Jilin,so2,nometeo
-16,1.3145374089291542,Jilin,so2,nometeo
-15,-2.315872675127734,Jilin,so2,nometeo
-14,-4.846752720160217,Jilin,so2,nometeo
-13,-0.7200226174781149,Jilin,so2,nometeo
-12,-5.09513273062202,Jilin,so2,nometeo
-11,3.18790742021109,Jilin,so2,nometeo
-10,0.0028773571064379944,Jilin,so2,nometeo
-9,-0.8225826238105234,Jilin,so2,nometeo
-8,4.927647469620966,Jilin,so2,nometeo
-7,0.833517373805285,Jilin,so2,nometeo
-6,6.284637514810831,Jilin,so2,nometeo
-5,-2.0131626558730487,Jilin,so2,nometeo
-4,-6.780012781281227,Jilin,so2,nometeo
-3,-1.5520026628444175,Jilin,so2,nometeo
-2,-2.7372926794955394,Jilin,so2,nometeo
-1,-0.7012726660201364,Jilin,so2,nometeo
0,9.229537520318287,Jilin,so2,nometeo
1,0.8067173890164168,Jilin,so2,nometeo
2,10.033957537298495,Jilin,so2,nometeo
3,5.341897460799539,Jilin,so2,nometeo
4,2.3203274434139973,Jilin,so2,nometeo
5,-0.652022635264156,Jilin,so2,nometeo
6,-0.8330126470992212,Jilin,so2,nometeo
7,-3.9681626851985237,Jilin,so2,nometeo
8,-6.951942781824803,Jilin,so2,nometeo
9,-10.764312836808882,Jilin,so2,nometeo
10,-8.403932791228048,Jilin,so2,nometeo
11,-4.102962712425901,Jilin,so2,nometeo
12,-1.4242126355121134,Jilin,so2,nometeo
13,-4.801802710122805,Jilin,so2,nometeo
14,-8.811792757029263,Jilin,so2,nometeo
15,-2.404792645687788,Jilin,so2,nometeo
16,-3.747032691664417,Jilin,so2,nometeo
17,-5.589912727017165,Jilin,so2,nometeo
18,-5.270082752985738,Jilin,so2,nometeo
19,-3.6930526886889568,Jilin,so2,nometeo
20,-5.02447270445319,Jilin,so2,nometeo
-21,5.176879699780153,Jilin,so2,meteo
-20,5.763752482792084,Jilin,so2,meteo
-19,2.2843135389901565,Jilin,so2,meteo
-18,-1.3483916406582706,Jilin,so2,meteo
-17,2.0907507977557627,Jilin,so2,meteo
-16,0.35616722963417335,Jilin,so2,meteo
-15,-0.5645218590762104,Jilin,so2,meteo
-14,-2.4712781384274605,Jilin,so2,meteo
-13,-3.335985050424231,Jilin,so2,meteo
-12,-4.598313053862982,Jilin,so2,meteo
-11,0.3212174309341844,Jilin,so2,meteo
-10,-1.6066928585816027,Jilin,so2,meteo
-9,-0.8729367211792511,Jilin,so2,meteo
-8,3.477250761685421,Jilin,so2,meteo
-7,-2.0598462311014503,Jilin,so2,meteo
-6,1.6033134693730118,Jilin,so2,meteo
-5,-0.9126547240112238,Jilin,so2,meteo
-4,-2.517223158540701,Jilin,so2,meteo
-3,-0.7858019750815639,Jilin,so2,meteo
-2,-1.4950054134594777,Jilin,so2,meteo
-1,2.2767085886270815,Jilin,so2,meteo
0,9.853353912385835,Jilin,so2,meteo
1,3.5960989158890406,Jilin,so2,meteo
2,8.343348047285867,Jilin,so2,meteo
3,7.017157419458099,Jilin,so2,meteo
4,5.832854406741044,Jilin,so2,meteo
5,1.5428642341736947,Jilin,so2,meteo
6,-2.461144129941185,Jilin,so2,meteo
7,-4.591611143405421,Jilin,so2,meteo
8,-7.695892104494194,Jilin,so2,meteo
9,-10.364339977880535,Jilin,so2,meteo
10,-6.510127838545574,Jilin,so2,meteo
11,-3.2274398704135683,Jilin,so2,meteo
12,-0.08965302330729918,Jilin,so2,meteo
13,-2.8563408579912695,Jilin,so2,meteo
14,-4.5301059639127645,Jilin,so2,meteo
15,-2.9007377029707078,Jilin,so2,meteo
16,-5.093979116414772,Jilin,so2,meteo
17,-3.5370052078651453,Jilin,so2,meteo
18,-4.322892148108101,Jilin,so2,meteo
19,-1.9291810465757668,Jilin,so2,meteo
20,-1.8529864573027213,Jilin,so2,meteo
-21,13.407709149968658,Jilin,no2,nometeo
-20,5.56641901892422,Jilin,no2,nometeo
-19,5.044449036633997,Jilin,no2,nometeo
-18,-13.354161246979247,Jilin,no2,nometeo
-17,-14.887731324923045,Jilin,no2,nometeo
-16,2.885729008424338,Jilin,no2,nometeo
-15,0.25707894681687726,Jilin,no2,nometeo
-14,-7.251671251976548,Jilin,no2,nometeo
-13,0.6410689524054636,Jilin,no2,nometeo
-12,-4.548041121017858,Jilin,no2,nometeo
-11,7.964639124000028,Jilin,no2,nometeo
-10,0.6733189517854932,Jilin,no2,nometeo
-9,0.3470590181708948,Jilin,no2,nometeo
-8,9.391169096171877,Jilin,no2,nometeo
-7,-0.3267110445142576,Jilin,no2,nometeo
-6,13.224229210507906,Jilin,no2,nometeo
-5,-0.25512106062171647,Jilin,no2,nometeo
-4,-11.861561265110943,Jilin,no2,nometeo
-3,-6.91787119866615,Jilin,no2,nometeo
-2,-5.799191204273649,Jilin,no2,nometeo
-1,-4.1585411230682165,Jilin,no2,nometeo
0,1.6477689664960185,Jilin,no2,nometeo
1,-5.100291147816134,Jilin,no2,nometeo
2,7.5200690654874,Jilin,no2,nometeo
3,0.5554489356876724,Jilin,no2,nometeo
4,-11.37872126280072,Jilin,no2,nometeo
5,-11.320921251738067,Jilin,no2,nometeo
6,-4.70084111987347,Jilin,no2,nometeo
7,-11.5131412651181,Jilin,no2,nometeo
8,-19.512531412017324,Jilin,no2,nometeo
9,-21.884751422417185,Jilin,no2,nometeo
10,-26.557541485989127,Jilin,no2,nometeo
11,-16.648401343548283,Jilin,no2,nometeo
12,-14.875361319553862,Jilin,no2,nometeo
13,-20.86548140245676,Jilin,no2,nometeo
14,-27.322441559612713,Jilin,no2,nometeo
15,-18.340721353447393,Jilin,no2,nometeo
16,-20.158451420032954,Jilin,no2,nometeo
17,-27.588231559956085,Jilin,no2,nometeo
18,-20.446121390450045,Jilin,no2,nometeo
19,-15.647551288664323,Jilin,no2,nometeo
20,-22.01436144620174,Jilin,no2,nometeo
-21,12.36091819412906,Jilin,no2,meteo
-20,9.278311139925378,Jilin,no2,meteo
-19,11.91317393157154,Jilin,no2,meteo
-18,-9.052385821069914,Jilin,no2,meteo
-17,-9.788401961023439,Jilin,no2,meteo
-16,2.926289659786699,Jilin,no2,meteo
-15,2.668659983195482,Jilin,no2,meteo
-14,-5.417425972213669,Jilin,no2,meteo
-13,-4.42133511689865,Jilin,no2,meteo
-12,-5.673640745541535,Jilin,no2,meteo
-11,3.0258363904241397,Jilin,no2,meteo
-10,-1.0042604153316037,Jilin,no2,meteo
-9,-1.2102526748496123,Jilin,no2,meteo
-8,8.276019186285994,Jilin,no2,meteo
-7,-4.7212612617815655,Jilin,no2,meteo
-6,0.270091376391957,Jilin,no2,meteo
-5,-3.6899009379859273,Jilin,no2,meteo
-4,-2.6656299610552465,Jilin,no2,meteo
-3,-3.074804993959098,Jilin,no2,meteo
-2,0.6938942471654452,Jilin,no2,meteo
-1,4.913147224714709,Jilin,no2,meteo
0,8.135450916451614,Jilin,no2,meteo
1,1.5664324445395867,Jilin,no2,meteo
2,6.785436606281447,Jilin,no2,meteo
3,5.075058269995017,Jilin,no2,meteo
4,-6.676673143646857,Jilin,no2,meteo
5,-12.09938702002401,Jilin,no2,meteo
6,-11.441081643341006,Jilin,no2,meteo
7,-13.145107663734702,Jilin,no2,meteo
8,-20.08324434929112,Jilin,no2,meteo
9,-22.59820561789079,Jilin,no2,meteo
10,-17.65189388243317,Jilin,no2,meteo
11,-8.724282061022421,Jilin,no2,meteo
12,-10.506458695828805,Jilin,no2,meteo
13,-19.669186736386028,Jilin,no2,meteo
14,-22.321179457716415,Jilin,no2,meteo
15,-15.03785117193352,Jilin,no2,meteo
16,-23.185961056434657,Jilin,no2,meteo
17,-21.364447553393838,Jilin,no2,meteo
18,-20.752967612955977,Jilin,no2,meteo
19,-18.51064560337388,Jilin,no2,meteo
20,-12.018705009783428,Jilin,no2,meteo
-21,1.769987161956772,Jilin,o3,nometeo
-20,2.8331945083435155,Jilin,o3,nometeo
-19,-9.35866272458802,Jilin,o3,nometeo
-18,2.61322351879128,Jilin,o3,nometeo
-17,0.5762515918764848,Jilin,o3,nometeo
-16,-1.1472541929376465,Jilin,o3,nometeo
-15,-2.487864300933621,Jilin,o3,nometeo
-14,-4.041136522969349,Jilin,o3,nometeo
-13,-9.66084447271138,Jilin,o3,nometeo
-12,-5.855861093995622,Jilin,o3,nometeo
-11,-4.12562840458615,Jilin,o3,nometeo
-10,-1.860268636761882,Jilin,o3,nometeo
-9,-1.994993580711295,Jilin,o3,nometeo
-8,4.900904715363247,Jilin,o3,nometeo
-7,5.047717083601615,Jilin,o3,nometeo
-6,12.293525040838858,Jilin,o3,nometeo
-5,11.712834077587342,Jilin,o3,nometeo
-4,9.73638210213037,Jilin,o3,nometeo
-3,-10.951505870294554,Jilin,o3,nometeo
-2,7.7590483222819415,Jilin,o3,nometeo
-1,3.5766074858021746,Jilin,o3,nometeo
0,9.316680939048542,Jilin,o3,nometeo
1,18.98905529017262,Jilin,o3,nometeo
2,21.966773001576385,Jilin,o3,nometeo
3,29.916794326904522,Jilin,o3,nometeo
4,13.843848519412148,Jilin,o3,nometeo
5,9.126782050584385,Jilin,o3,nometeo
6,14.056216525724608,Jilin,o3,nometeo
7,4.257405393491624,Jilin,o3,nometeo
8,-8.819412708383798,Jilin,o3,nometeo
9,-10.905005547081021,Jilin,o3,nometeo
10,-9.05790040575452,Jilin,o3,nometeo
11,-14.684069388348702,Jilin,o3,nometeo
12,-6.693182957783178,Jilin,o3,nometeo
13,-0.7744520531456462,Jilin,o3,nometeo
14,5.066239893447772,Jilin,o3,nometeo
15,5.355677955810425,Jilin,o3,nometeo
16,4.507544964865787,Jilin,o3,nometeo
17,14.116629652739622,Jilin,o3,nometeo
18,4.322403196990615,Jilin,o3,nometeo
19,-19.63927633522139,Jilin,o3,nometeo
20,-22.474282971526243,Jilin,o3,nometeo
-21,1.8568100305695534,Jilin,o3,meteo
-20,1.0470459967782624,Jilin,o3,meteo
-19,-15.353962484774595,Jilin,o3,meteo
-18,-4.562982661295644,Jilin,o3,meteo
-17,-4.297447940045299,Jilin,o3,meteo
-16,-1.5849982530565008,Jilin,o3,meteo
-15,-2.895616850719918,Jilin,o3,meteo
-14,-2.7533068367936693,Jilin,o3,meteo
-13,-5.883098031017612,Jilin,o3,meteo
-12,-6.187572138877916,Jilin,o3,meteo
-11,-0.45424921968552034,Jilin,o3,meteo
-10,-0.008643761571294206,Jilin,o3,meteo
-9,2.3862264693661395,Jilin,o3,meteo
-8,8.104361581171197,Jilin,o3,meteo
-7,8.77853639143806,Jilin,o3,meteo
-6,18.105983801809774,Jilin,o3,meteo
-5,11.166148625103215,Jilin,o3,meteo
-4,4.307441913887011,Jilin,o3,meteo
-3,-11.770676632285284,Jilin,o3,meteo
-2,4.220907235785855,Jilin,o3,meteo
-1,-0.3409016264316538,Jilin,o3,meteo
0,6.409271449644475,Jilin,o3,meteo
1,13.974986185789007,Jilin,o3,meteo
2,20.156159553235547,Jilin,o3,meteo
3,24.16325729074258,Jilin,o3,meteo
4,8.529041451049604,Jilin,o3,meteo
5,7.588091365039887,Jilin,o3,meteo
6,16.851863719788447,Jilin,o3,meteo
7,1.5380792935966134,Jilin,o3,meteo
8,-10.997750703440165,Jilin,o3,meteo
9,-12.639757468217013,Jilin,o3,meteo
10,-12.217067768742721,Jilin,o3,meteo
11,-15.399425155563243,Jilin,o3,meteo
12,-5.018555712624551,Jilin,o3,meteo
13,0.5158440755350657,Jilin,o3,meteo
14,5.982109638992732,Jilin,o3,meteo
15,4.112180156967167,Jilin,o3,meteo
16,7.465633006131956,Jilin,o3,meteo
17,7.824005126476546,Jilin,o3,meteo
18,0.8705056329450471,Jilin,o3,meteo
19,-20.107547138280893,Jilin,o3,meteo
20,-25.930467576169573,Jilin,o3,meteo
-21,0.26978715153509,Jilin,co,nometeo
-20,0.046959156818924375,Jilin,co,nometeo
-19,0.2118931508766974,Jilin,co,nometeo
-18,-0.12125983607894361,Jilin,co,nometeo
-17,-0.45453783231502987,Jilin,co,nometeo
-16,0.01735815705531535,Jilin,co,nometeo
-15,0.008449157946046504,Jilin,co,nometeo
-14,-0.13409383691078663,Jilin,co,nometeo
-13,-0.07541884011155653,Jilin,co,nometeo
-12,-0.3056908374918122,Jilin,co,nometeo
-11,0.2329331541317064,Jilin,co,nometeo
-10,0.0949811578589041,Jilin,co,nometeo
-9,0.049509157304701346,Jilin,co,nometeo
-8,0.3496611491429176,Jilin,co,nometeo
-7,0.10015015619271517,Jilin,co,nometeo
-6,0.5481171451913693,Jilin,co,nometeo
-5,0.0029811565356829828,Jilin,co,nometeo
-4,-0.5042048322809365,Jilin,co,nometeo
-3,-0.33757383540100455,Jilin,co,nometeo
-2,-0.26799083275622376,Jilin,co,nometeo
-1,-0.12207583843892852,Jilin,co,nometeo
0,0.21451415406936175,Jilin,co,nometeo
1,0.2369661532151081,Jilin,co,nometeo
2,0.48660214690440756,Jilin,co,nometeo
3,0.5222631467806707,Jilin,co,nometeo
4,-0.13354284025556243,Jilin,co,nometeo
5,-0.2296798375440277,Jilin,co,nometeo
6,0.12754315512651054,Jilin,co,nometeo
7,-0.17015983785218233,Jilin,co,nometeo
8,-0.5137218311560776,Jilin,co,nometeo
9,-0.6230608282519017,Jilin,co,nometeo
10,-0.7755258267504611,Jilin,co,nometeo
11,-0.4242138321635751,Jilin,co,nometeo
12,-0.19212683741128747,Jilin,co,nometeo
13,-0.3198788371426495,Jilin,co,nometeo
14,-0.6997458273810768,Jilin,co,nometeo
15,-0.7131648296696567,Jilin,co,nometeo
16,-0.3155848365051174,Jilin,co,nometeo
17,-0.45841383000737745,Jilin,co,nometeo
18,-0.33164883417016705,Jilin,co,nometeo
19,-0.12262283973819268,Jilin,co,nometeo
20,-0.5811578279910103,Jilin,co,nometeo
-21,0.24657267836700777,Jilin,co,meteo
-20,0.2245093009002279,Jilin,co,meteo
-19,0.514643597972472,Jilin,co,meteo
-18,0.007458624188020513,Jilin,co,meteo
-17,-0.3529703281599583,Jilin,co,meteo
-16,0.05750047292423063,Jilin,co,meteo
-15,0.08845888357379803,Jilin,co,meteo
-14,-0.0724567903759103,Jilin,co,meteo
-13,-0.2445944703827733,Jilin,co,meteo
-12,-0.43925098292829345,Jilin,co,meteo
-11,0.02989825225112258,Jilin,co,meteo
-10,-0.022759497703042614,Jilin,co,meteo
-9,0.056366114414063806,Jilin,co,meteo
-8,0.3274257144544541,Jilin,co,meteo
-7,-0.046292902716733225,Jilin,co,meteo
-6,0.13967251094582653,Jilin,co,meteo
-5,-0.13564930073102238,Jilin,co,meteo
-4,-0.19716620582330696,Jilin,co,meteo
-3,-0.1813656711701828,Jilin,co,meteo
-2,-0.08570627974025088,Jilin,co,meteo
-1,0.18627702965197881,Jilin,co,meteo
0,0.45606357806551956,Jilin,co,meteo
1,0.45441041558637807,Jilin,co,meteo
2,0.4278058245424031,Jilin,co,meteo
3,0.584191161174222,Jilin,co,meteo
4,-0.09709603489450977,Jilin,co,meteo
5,-0.4077654710415558,Jilin,co,meteo
6,-0.1835611775514309,Jilin,co,meteo
7,-0.33993193883266387,Jilin,co,meteo
8,-0.6551377075225692,Jilin,co,meteo
9,-0.7841913846508897,Jilin,co,meteo
10,-0.6434739462051657,Jilin,co,meteo
11,-0.20016960987065613,Jilin,co,meteo
12,-0.08078718915140126,Jilin,co,meteo
13,-0.3064553078389439,Jilin,co,meteo
14,-0.6837491127245579,Jilin,co,meteo
15,-0.7837215871550617,Jilin,co,meteo
16,-0.4545437160815393,Jilin,co,meteo
17,-0.36530824740114154,Jilin,co,meteo
18,-0.4003155777974637,Jilin,co,meteo
19,-0.17887599059215317,Jilin,co,meteo
20,-0.22848504151904528,Jilin,co,meteo
-21,29.306447172003868,Guangzhou,pm2_5,nometeo
-20,36.2932316518215,Guangzhou,pm2_5,nometeo
-19,16.785558459025015,Guangzhou,pm2_5,nometeo
-18,7.906267421942671,Guangzhou,pm2_5,nometeo
-17,-14.614798617052717,Guangzhou,pm2_5,nometeo
-16,-6.545365934630386,Guangzhou,pm2_5,nometeo
-15,16.894847855608386,Guangzhou,pm2_5,nometeo
-14,-9.943213314166027,Guangzhou,pm2_5,nometeo
-13,-24.587587401739466,Guangzhou,pm2_5,nometeo
-12,-20.61112855946349,Guangzhou,pm2_5,nometeo
-11,-21.628831774279266,Guangzhou,pm2_5,nometeo
-10,-0.8285397844821762,Guangzhou,pm2_5,nometeo
-9,-11.91495510777407,Guangzhou,pm2_5,nometeo
-8,-32.8491785956122,Guangzhou,pm2_5,nometeo
-7,-15.735814043938593,Guangzhou,pm2_5,nometeo
-6,1.3317533442167946,Guangzhou,pm2_5,nometeo
-5,10.35341398664699,Guangzhou,pm2_5,nometeo
-4,26.773951976032446,Guangzhou,pm2_5,nometeo
-3,13.613941265840712,Guangzhou,pm2_5,nometeo
-2,10.473276669730543,Guangzhou,pm2_5,nometeo
-1,-0.4566937409670526,Guangzhou,pm2_5,nometeo
0,-0.10676036690637325,Guangzhou,pm2_5,nometeo
1,-11.111645634980086,Guangzhou,pm2_5,nometeo
2,0.6294992112570768,Guangzhou,pm2_5,nometeo
3,4.967121923708772,Guangzhou,pm2_5,nometeo
4,13.42795680521838,Guangzhou,pm2_5,nometeo
5,24.022051795896125,Guangzhou,pm2_5,nometeo
6,31.306025850261925,Guangzhou,pm2_5,nometeo
7,26.66293496695002,Guangzhou,pm2_5,nometeo
8,18.8018134754854,Guangzhou,pm2_5,nometeo
9,24.60925386132064,Guangzhou,pm2_5,nometeo
10,-6.088645322979797,Guangzhou,pm2_5,nometeo
11,0.2123367315074347,Guangzhou,pm2_5,nometeo
12,7.046474797221469,Guangzhou,pm2_5,nometeo
13,11.686037791758515,Guangzhou,pm2_5,nometeo
14,1.4499205813369898,Guangzhou,pm2_5,nometeo
15,-2.0748217470010157,Guangzhou,pm2_5,nometeo
16,18.22627820433962,Guangzhou,pm2_5,nometeo
17,38.69552937373024,Guangzhou,pm2_5,nometeo
18,34.39282946457965,Guangzhou,pm2_5,nometeo
19,23.69813470886227,Guangzhou,pm2_5,nometeo
20,4.114271636236126,Guangzhou,pm2_5,nometeo
-21,25.89701408460345,Guangzhou,pm2_5,meteo
-20,20.403452482359427,Guangzhou,pm2_5,meteo
-19,2.9990686632576917,Guangzhou,pm2_5,meteo
-18,-2.247479005762166,Guangzhou,pm2_5,meteo
-17,-5.689198308839577,Guangzhou,pm2_5,meteo
-16,-12.743812564619228,Guangzhou,pm2_5,meteo
-15,-6.124453690941452,Guangzhou,pm2_5,meteo
-14,-20.963482500520847,Guangzhou,pm2_5,meteo
-13,-12.817721231311362,Guangzhou,pm2_5,meteo
-12,-15.987337514951191,Guangzhou,pm2_5,meteo
-11,-16.006069410653488,Guangzhou,pm2_5,meteo
-10,-5.86318689974391,Guangzhou,pm2_5,meteo
-9,-11.934268983413014,Guangzhou,pm2_5,meteo
-8,-10.785369207968893,Guangzhou,pm2_5,meteo
-7,-0.9827719612524266,Guangzhou,pm2_5,meteo
-6,20.49308979521804,Guangzhou,pm2_5,meteo
-5,21.374559071107793,Guangzhou,pm2_5,meteo
-4,19.836941082826208,Guangzhou,pm2_5,meteo
-3,11.14102610060496,Guangzhou,pm2_5,meteo
-2,14.953838377826784,Guangzhou,pm2_5,meteo
-1,2.239407901507443,Guangzhou,pm2_5,meteo
0,14.481564771037096,Guangzhou,pm2_5,meteo
1,17.214194113993692,Guangzhou,pm2_5,meteo
2,30.488432451118314,Guangzhou,pm2_5,meteo
3,33.8520166192646,Guangzhou,pm2_5,meteo
4,37.43823875531078,Guangzhou,pm2_5,meteo
5,37.56005662823067,Guangzhou,pm2_5,meteo
6,26.896040350411575,Guangzhou,pm2_5,meteo
7,33.555645187249446,Guangzhou,pm2_5,meteo
8,29.4360365988625,Guangzhou,pm2_5,meteo
9,39.748435600437546,Guangzhou,pm2_5,meteo
10,11.819869861104163,Guangzhou,pm2_5,meteo
11,14.986759529658777,Guangzhou,pm2_5,meteo
12,9.560341988367819,Guangzhou,pm2_5,meteo
13,22.00847251975113,Guangzhou,pm2_5,meteo
14,28.368195982627356,Guangzhou,pm2_5,meteo
15,28.55563809636226,Guangzhou,pm2_5,meteo
16,31.657822574873137,Guangzhou,pm2_5,meteo
17,32.62228124097928,Guangzhou,pm2_5,meteo
18,19.015071989573784,Guangzhou,pm2_5,meteo
19,11.655793897439912,Guangzhou,pm2_5,meteo
20,-5.088372276033477,Guangzhou,pm2_5,meteo
-21,45.12258659100218,Guangzhou,pm10,nometeo
-20,52.61187339402613,Guangzhou,pm10,nometeo
-19,35.122139791758144,Guangzhou,pm10,nometeo
-18,13.338155914379158,Guangzhou,pm10,nometeo
-17,-18.634808160454703,Guangzhou,pm10,nometeo
-16,-0.3477109022559457,Guangzhou,pm10,nometeo
-15,28.080900077934142,Guangzhou,pm10,nometeo
-14,-3.012145803011144,Guangzhou,pm10,nometeo
-13,-38.285767727689056,Guangzhou,pm10,nometeo
-12,-30.47951276424815,Guangzhou,pm10,nometeo
-11,-24.179197739137642,Guangzhou,pm10,nometeo
-10,-3.843235900761229,Guangzhou,pm10,nometeo
-9,-14.578386620188233,Guangzhou,pm10,nometeo
-8,-47.66374132770273,Guangzhou,pm10,nometeo
-7,-28.789604498715548,Guangzhou,pm10,nometeo
-6,-5.762870408722412,Guangzhou,pm10,nometeo
-5,3.9193791240186924,Guangzhou,pm10,nometeo
-4,27.937614381826496,Guangzhou,pm10,nometeo
-3,9.444332577941822,Guangzhou,pm10,nometeo
-2,2.8250772649328963,Guangzhou,pm10,nometeo
-1,-9.153236768784751,Guangzhou,pm10,nometeo
0,-6.7990801734585595,Guangzhou,pm10,nometeo
1,-22.972037425375312,Guangzhou,pm10,nometeo
2,-9.67862220664021,Guangzhou,pm10,nometeo
3,-7.401623005565391,Guangzhou,pm10,nometeo
4,2.250954562237201,Guangzhou,pm10,nometeo
5,14.69004897290845,Guangzhou,pm10,nometeo
6,26.221526030486192,Guangzhou,pm10,nometeo
7,19.83532265934029,Guangzhou,pm10,nometeo
8,9.635661706047163,Guangzhou,pm10,nometeo
9,17.717696969552055,Guangzhou,pm10,nometeo
10,-20.02365999137332,Guangzhou,pm10,nometeo
11,-13.049503487977436,Guangzhou,pm10,nometeo
12,0.04242035550340262,Guangzhou,pm10,nometeo
13,5.378210274808883,Guangzhou,pm10,nometeo
14,-8.172420241636058,Guangzhou,pm10,nometeo
15,-19.206247130196537,Guangzhou,pm10,nometeo
16,10.9606001926139,Guangzhou,pm10,nometeo
17,34.38926514628791,Guangzhou,pm10,nometeo
18,38.636891913599115,Guangzhou,pm10,nometeo
19,23.009117272550554,Guangzhou,pm10,nometeo
20,-5.586716180001487,Guangzhou,pm10,nometeo
-21,51.1108886131263,Guangzhou,pm10,meteo
-20,31.86315609814049,Guangzhou,pm10,meteo
-19,12.591057566366437,Guangzhou,pm10,meteo
-18,-9.103663480389383,Guangzhou,pm10,meteo
-17,-0.48561700611944403,Guangzhou,pm10,meteo
-16,-7.246048579373031,Guangzhou,pm10,meteo
-15,-19.327621134243913,Guangzhou,pm10,meteo
-14,-34.85355804221287,Guangzhou,pm10,meteo
-13,-23.582463030591185,Guangzhou,pm10,meteo
-12,-23.99136569829919,Guangzhou,pm10,meteo
-11,-15.458783430556764,Guangzhou,pm10,meteo
-10,-22.24912118137253,Guangzhou,pm10,meteo
-9,-24.377615841286044,Guangzhou,pm10,meteo
-8,-10.957588236050466,Guangzhou,pm10,meteo
-7,-4.8508585596535525,Guangzhou,pm10,meteo
-6,30.34902342664016,Guangzhou,pm10,meteo
-5,34.44778725121735,Guangzhou,pm10,meteo
-4,21.659204894514055,Guangzhou,pm10,meteo
-3,14.46318637014356,Guangzhou,pm10,meteo
-2,14.451020259350047,Guangzhou,pm10,meteo
-1,-1.068448106137506,Guangzhou,pm10,meteo
0,18.576644265374476,Guangzhou,pm10,meteo
1,30.872434344063496,Guangzhou,pm10,meteo
2,45.740551328142026,Guangzhou,pm10,meteo
3,53.605023663724324,Guangzhou,pm10,meteo
4,56.162981353392475,Guangzhou,pm10,meteo
5,43.46952569971584,Guangzhou,pm10,meteo
6,18.564704513554787,Guangzhou,pm10,meteo
7,28.50234312515785,Guangzhou,pm10,meteo
8,30.812817016323553,Guangzhou,pm10,meteo
9,45.778738791468754,Guangzhou,pm10,meteo
10,12.930847547275018,Guangzhou,pm10,meteo
11,21.0009810920444,Guangzhou,pm10,meteo
12,14.96692558265598,Guangzhou,pm10,meteo
13,45.9455659496852,Guangzhou,pm10,meteo
14,61.90346393473719,Guangzhou,pm10,meteo
15,56.004096721395655,Guangzhou,pm10,meteo
16,56.561138239993014,Guangzhou,pm10,meteo
17,38.71133029100194,Guangzhou,pm10,meteo
18,27.00149898371315,Guangzhou,pm10,meteo
19,4.526046245613795,Guangzhou,pm10,meteo
20,-26.282311564718867,Guangzhou,pm10,meteo
-21,2.10823552358065,Guangzhou,so2,nometeo
-20,2.103216545095106,Guangzhou,so2,nometeo
-19,1.9895362699617698,Guangzhou,so2,nometeo
-18,0.434104368522135,Guangzhou,so2,nometeo
-17,-0.5009093791302239,Guangzhou,so2,nometeo
-16,1.7260136194115925,Guangzhou,so2,nometeo
-15,1.8465594205182116,Guangzhou,so2,nometeo
-14,-0.7410685302777085,Guangzhou,so2,nometeo
-13,-1.168324816198261,Guangzhou,so2,nometeo
-12,-1.4156701806459948,Guangzhou,so2,nometeo
-11,-0.07103046752926073,Guangzhou,so2,nometeo
-10,-0.6575567065064589,Guangzhou,so2,nometeo
-9,-2.536042452331124,Guangzhou,so2,nometeo
-8,-2.072737006011597,Guangzhou,so2,nometeo
-7,-0.7602279581072716,Guangzhou,so2,nometeo
-6,-1.3769982331374993,Guangzhou,so2,nometeo
-5,0.8627954929930155,Guangzhou,so2,nometeo
-4,0.6062001537343304,Guangzhou,so2,nometeo
-3,-0.37609566394141175,Guangzhou,so2,nometeo
-2,-0.08322449164137041,Guangzhou,so2,nometeo
-1,-0.4875625298221394,Guangzhou,so2,nometeo
0,-0.28483634332567004,Guangzhou,so2,nometeo
1,-1.150062159448195,Guangzhou,so2,nometeo
2,-0.22509556823487836,Guangzhou,so2,nometeo
3,0.4178669774813913,Guangzhou,so2,nometeo
4,0.9572208585415962,Guangzhou,so2,nometeo
5,1.7569567753943833,Guangzhou,so2,nometeo
6,2.8003618844909717,Guangzhou,so2,nometeo
7,1.70183581488825,Guangzhou,so2,nometeo
8,0.9064864541815745,Guangzhou,so2,nometeo
9,0.40339956388503323,Guangzhou,so2,nometeo
10,-0.7227655032961202,Guangzhou,so2,nometeo
11,-0.6399372240789762,Guangzhou,so2,nometeo
12,0.2386588006273806,Guangzhou,so2,nometeo
13,0.07669150767946059,Guangzhou,so2,nometeo
14,-0.5940683048109152,Guangzhou,so2,nometeo
15,-0.22120833493944747,Guangzhou,so2,nometeo
16,0.6401693248282188,Guangzhou,so2,nometeo
17,0.2453854355398995,Guangzhou,so2,nometeo
18,1.120371014674766,Guangzhou,so2,nometeo
19,0.4742374185879558,Guangzhou,so2,nometeo
20,-0.17590724420544207,Guangzhou,so2,nometeo
-21,-0.4161691363840294,Guangzhou,so2,meteo
-20,0.759395749914344,Guangzhou,so2,meteo
-19,2.8636173955690842,Guangzhou,so2,meteo
-18,2.452426659293286,Guangzhou,so2,meteo
-17,-1.3093369237286592,Guangzhou,so2,meteo
-16,-0.25730097703523036,Guangzhou,so2,meteo
-15,3.159708269350937,Guangzhou,so2,meteo
-14,2.5359980619068723,Guangzhou,so2,meteo
-13,0.7794382885224471,Guangzhou,so2,meteo
-12,-1.407898722424437,Guangzhou,so2,meteo
-11,0.2871498967296695,Guangzhou,so2,meteo
-10,1.2113775829981637,Guangzhou,so2,meteo
-9,0.19338389517988785,Guangzhou,so2,meteo
-8,-1.506641638137032,Guangzhou,so2,meteo
-7,-1.2551729213614107,Guangzhou,so2,meteo
-6,-2.8314688815855726,Guangzhou,so2,meteo
-5,-2.5076716675638107,Guangzhou,so2,meteo
-4,-0.4598076525694079,Guangzhou,so2,meteo
-3,-2.2910272786750894,Guangzhou,so2,meteo
-2,-1.2452246048128672,Guangzhou,so2,meteo
-1,-1.4905933145661199,Guangzhou,so2,meteo
0,-0.5414488486805769,Guangzhou,so2,meteo
1,-3.2465511612665416,Guangzhou,so2,meteo
2,-3.8102758216036436,Guangzhou,so2,meteo
3,-4.802143862928588,Guangzhou,so2,meteo
4,-3.991540982394273,Guangzhou,so2,meteo
5,-1.8201214885750352,Guangzhou,so2,meteo
6,0.06602530809361262,Guangzhou,so2,meteo
7,0.3783059996336968,Guangzhou,so2,meteo
8,-1.4712659312507168,Guangzhou,so2,meteo
9,-0.9275485785184641,Guangzhou,so2,meteo
10,-2.0958369221552076,Guangzhou,so2,meteo
11,-3.5184384885159634,Guangzhou,so2,meteo
12,-2.234505605704942,Guangzhou,so2,meteo
13,-4.622787028520447,Guangzhou,so2,meteo
14,-5.815473906130944,Guangzhou,so2,meteo
15,-6.224535883178673,Guangzhou,so2,meteo
16,-5.777965376919429,Guangzhou,so2,meteo
17,-3.0301715074893716,Guangzhou,so2,meteo
18,-2.101774402764076,Guangzhou,so2,meteo
19,0.5247874394829322,Guangzhou,so2,meteo
20,2.1913345262971267,Guangzhou,so2,meteo
-21,22.506813809379796,Guangzhou,no2,nometeo
-20,21.934081988277445,Guangzhou,no2,nometeo
-19,18.976223592821817,Guangzhou,no2,nometeo
-18,4.937850400421027,Guangzhou,no2,nometeo
-17,-17.368118559658,Guangzhou,no2,nometeo
-16,9.058388610408034,Guangzhou,no2,nometeo
-15,29.351473789386674,Guangzhou,no2,nometeo
-14,8.043415149725996,Guangzhou,no2,nometeo
-13,-19.301294283058304,Guangzhou,no2,nometeo
-12,-17.52480108592286,Guangzhou,no2,nometeo
-11,-16.04009812065798,Guangzhou,no2,nometeo
-10,4.102197920671832,Guangzhou,no2,nometeo
-9,-3.9787971284614447,Guangzhou,no2,nometeo
-8,-19.665474838997024,Guangzhou,no2,nometeo
-7,-22.568616984630744,Guangzhou,no2,nometeo
-6,-13.508708306337512,Guangzhou,no2,nometeo
-5,-2.4045594766161646,Guangzhou,no2,nometeo
-4,13.812602280450385,Guangzhou,no2,nometeo
-3,-0.36257875720297844,Guangzhou,no2,nometeo
-2,-0.7403109474621428,Guangzhou,no2,nometeo
-1,0.00888845655599052,Guangzhou,no2,nometeo
0,-2.1035786999225325,Guangzhou,no2,nometeo
1,-1.8980646580831917,Guangzhou,no2,nometeo
2,-3.325738692296188,Guangzhou,no2,nometeo
3,-6.021194142210016,Guangzhou,no2,nometeo
4,-5.689641907397574,Guangzhou,no2,nometeo
5,-5.042159608974238,Guangzhou,no2,nometeo
6,-0.1641719186967941,Guangzhou,no2,nometeo
7,-3.5573290604334518,Guangzhou,no2,nometeo
8,-16.518855874759115,Guangzhou,no2,nometeo
9,-10.928370953204688,Guangzhou,no2,nometeo
10,-16.921548659866716,Guangzhou,no2,nometeo
11,-14.0097766674913,Guangzhou,no2,nometeo
12,-9.487791369034891,Guangzhou,no2,nometeo
13,-16.4398564711165,Guangzhou,no2,nometeo
14,-23.598183552439608,Guangzhou,no2,nometeo
15,-19.489423558009218,Guangzhou,no2,nometeo
16,-11.723486590833549,Guangzhou,no2,nometeo
17,2.053228969422627,Guangzhou,no2,nometeo
18,0.5200391759947587,Guangzhou,no2,nometeo
19,1.3492023278359873,Guangzhou,no2,nometeo
20,-5.409628613006756,Guangzhou,no2,nometeo
-21,18.189989913421513,Guangzhou,no2,meteo
-20,-3.079957404040808,Guangzhou,no2,meteo
-19,0.2861869733848259,Guangzhou,no2,meteo
-18,-8.2569755674585,Guangzhou,no2,meteo
-17,2.6232463994983473,Guangzhou,no2,meteo
-16,2.4053547560085544,Guangzhou,no2,meteo
-15,-5.743120137466571,Guangzhou,no2,meteo
-14,-13.678496460013081,Guangzhou,no2,meteo
-13,-2.4056284080362236,Guangzhou,no2,meteo
-12,-9.30759573852868,Guangzhou,no2,meteo
-11,-3.596551308007095,Guangzhou,no2,meteo
-10,-8.15968945483839,Guangzhou,no2,meteo
-9,-6.665089194169775,Guangzhou,no2,meteo
-8,13.924650545240945,Guangzhou,no2,meteo
-7,0.4787865645930278,Guangzhou,no2,meteo
-6,12.328825449900114,Guangzhou,no2,meteo
-5,15.559050738691292,Guangzhou,no2,meteo
-4,-0.0746004535875695,Guangzhou,no2,meteo
-3,-4.8283872145919435,Guangzhou,no2,meteo
-2,6.892610516325503,Guangzhou,no2,meteo
-1,0.7578064182476165,Guangzhou,no2,meteo
0,16.155463828459013,Guangzhou,no2,meteo
1,33.53197593057491,Guangzhou,no2,meteo
2,38.37161472794022,Guangzhou,no2,meteo
3,37.00353386317121,Guangzhou,no2,meteo
4,35.71488519803533,Guangzhou,no2,meteo
5,26.304709045584005,Guangzhou,no2,meteo
6,5.038910503738739,Guangzhou,no2,meteo
7,10.564980906045095,Guangzhou,no2,meteo
8,1.739155362063518,Guangzhou,no2,meteo
9,10.129020154629973,Guangzhou,no2,meteo
10,3.7489074268708293,Guangzhou,no2,meteo
11,3.9356397338177516,Guangzhou,no2,meteo
12,-5.976006095215922,Guangzhou,no2,meteo
13,0.29674883931675833,Guangzhou,no2,meteo
14,21.55168316774823,Guangzhou,no2,meteo
15,28.163846636867717,Guangzhou,no2,meteo
16,12.516386990176512,Guangzhou,no2,meteo
17,-10.511624987534919,Guangzhou,no2,meteo
18,-19.773526466982553,Guangzhou,no2,meteo
19,-17.19924805523949,Guangzhou,no2,meteo
20,-15.943256819518846,Guangzhou,no2,meteo
-21,131.77780260359012,Guangzhou,o3,nometeo
-20,82.90842598733049,Guangzhou,o3,nometeo
-19,-5.203361364315342,Guangzhou,o3,nometeo
-18,36.120900524056125,Guangzhou,o3,nometeo
-17,34.05926531644679,Guangzhou,o3,nometeo
-16,26.07010814483563,Guangzhou,o3,nometeo
-15,19.08874740824277,Guangzhou,o3,nometeo
-14,-37.90219487394755,Guangzhou,o3,nometeo
-13,-22.48451773104517,Guangzhou,o3,nometeo
-12,-45.338412044904416,Guangzhou,o3,nometeo
-11,-47.24754099431743,Guangzhou,o3,nometeo
-10,-1.0408932056383087,Guangzhou,o3,nometeo
-9,-44.82251052589977,Guangzhou,o3,nometeo
-8,-43.43301318573313,Guangzhou,o3,nometeo
-7,-49.74946293993774,Guangzhou,o3,nometeo
-6,-69.33776937638066,Guangzhou,o3,nometeo
-5,-19.519812351139866,Guangzhou,o3,nometeo
-4,37.161963366696945,Guangzhou,o3,nometeo
-3,18.892275242060524,Guangzhou,o3,nometeo
-2,22.019029312169145,Guangzhou,o3,nometeo
-1,-2.750310200153777,Guangzhou,o3,nometeo
0,-23.56792449083029,Guangzhou,o3,nometeo
1,-22.640861407516045,Guangzhou,o3,nometeo
2,0.8960048853840838,Guangzhou,o3,nometeo
3,9.402522372985866,Guangzhou,o3,nometeo
4,43.127896154715486,Guangzhou,o3,nometeo
5,87.93941790971331,Guangzhou,o3,nometeo
6,87.82946231673954,Guangzhou,o3,nometeo
7,45.72890335526058,Guangzhou,o3,nometeo
8,26.412074162428247,Guangzhou,o3,nometeo
9,-7.6151796500901945,Guangzhou,o3,nometeo
10,9.948840855110177,Guangzhou,o3,nometeo
11,-15.640436075317947,Guangzhou,o3,nometeo
12,50.71762075669015,Guangzhou,o3,nometeo
13,26.792529024899995,Guangzhou,o3,nometeo
14,36.032488344728236,Guangzhou,o3,nometeo
15,24.295495210327346,Guangzhou,o3,nometeo
16,32.28241597002404,Guangzhou,o3,nometeo
17,-7.045389152971207,Guangzhou,o3,nometeo
18,39.00618027467809,Guangzhou,o3,nometeo
19,26.275138607258484,Guangzhou,o3,nometeo
20,26.319037269072574,Guangzhou,o3,nometeo
-21,152.43972370809797,Guangzhou,o3,meteo
-20,68.07836782599448,Guangzhou,o3,meteo
-19,-18.82013614867844,Guangzhou,o3,meteo
-18,10.873113691112923,Guangzhou,o3,meteo
-17,29.009049423415735,Guangzhou,o3,meteo
-16,15.640313806095723,Guangzhou,o3,meteo
-15,-29.34447412639663,Guangzhou,o3,meteo
-14,-70.9677189870325,Guangzhou,o3,meteo
-13,-10.670057988787864,Guangzhou,o3,meteo
-12,-42.93924288567645,Guangzhou,o3,meteo
-11,-34.42810424840535,Guangzhou,o3,meteo
-10,-20.576197183825716,Guangzhou,o3,meteo
-9,-58.16304934980987,Guangzhou,o3,meteo
-8,-14.794500708992803,Guangzhou,o3,meteo
-7,-31.085813944066803,Guangzhou,o3,meteo
-6,-34.35484397975641,Guangzhou,o3,meteo
-5,22.322275987797447,Guangzhou,o3,meteo
-4,39.88926754274008,Guangzhou,o3,meteo
-3,27.892027566174445,Guangzhou,o3,meteo
-2,22.734867959656263,Guangzhou,o3,meteo
-1,3.8026920435694294,Guangzhou,o3,meteo
0,3.127495383886856,Guangzhou,o3,meteo
1,36.073810961081115,Guangzhou,o3,meteo
2,42.71493110071567,Guangzhou,o3,meteo
3,67.92849825180573,Guangzhou,o3,meteo
4,88.83985186970236,Guangzhou,o3,meteo
5,92.17879694585315,Guangzhou,o3,meteo
6,59.62810230727857,Guangzhou,o3,meteo
7,32.55037566085101,Guangzhou,o3,meteo
8,35.891050238897925,Guangzhou,o3,meteo
9,19.960171179547704,Guangzhou,o3,meteo
10,39.07810341053375,Guangzhou,o3,meteo
11,18.2193789320566,Guangzhou,o3,meteo
12,70.9116177898146,Guangzhou,o3,meteo
13,70.22002434951452,Guangzhou,o3,meteo
14,104.37659951524842,Guangzhou,o3,meteo
15,104.32876257239192,Guangzhou,o3,meteo
16,88.85483166304867,Guangzhou,o3,meteo
17,22.43518010953664,Guangzhou,o3,meteo
18,36.601351812498336,Guangzhou,o3,meteo
19,11.742110800167769,Guangzhou,o3,meteo
20,5.852601115220299,Guangzhou,o3,meteo
-21,-0.22602113704960403,Guangzhou,co,nometeo
-20,-0.3123442633244943,Guangzhou,co,nometeo
-19,-0.3867594983904103,Guangzhou,co,nometeo
-18,-0.18187605068197477,Guangzhou,co,nometeo
-17,-0.19049944125340074,Guangzhou,co,nometeo
-16,-0.1500465562743933,Guangzhou,co,nometeo
-15,-0.014000175098215644,Guangzhou,co,nometeo
-14,0.02144698772427711,Guangzhou,co,nometeo
-13,0.15171752075333214,Guangzhou,co,nometeo
-12,0.056144294109115436,Guangzhou,co,nometeo
-11,0.02343109661034424,Guangzhou,co,nometeo
-10,0.09558724382278691,Guangzhou,co,nometeo
-9,0.10557587695558028,Guangzhou,co,nometeo
-8,0.3045112009030719,Guangzhou,co,nometeo
-7,0.21289979613094884,Guangzhou,co,nometeo
-6,0.2946730145997693,Guangzhou,co,nometeo
-5,0.18596561812356927,Guangzhou,co,nometeo
-4,0.024710768716004028,Guangzhou,co,nometeo
-3,-0.01511629637630636,Guangzhou,co,nometeo
-2,0.10953513203955056,Guangzhou,co,nometeo
-1,-0.05333685737783182,Guangzhou,co,nometeo
0,0.20215043440673763,Guangzhou,co,nometeo
1,0.32658810636514707,Guangzhou,co,nometeo
2,0.22212042513316002,Guangzhou,co,nometeo
3,0.08656519160885338,Guangzhou,co,nometeo
4,0.052580837740695385,Guangzhou,co,nometeo
5,-0.14163284562454978,Guangzhou,co,nometeo
6,-0.07484436198809961,Guangzhou,co,nometeo
7,-0.02179839061628512,Guangzhou,co,nometeo
8,-0.10495407142886641,Guangzhou,co,nometeo
9,0.0655147505745595,Guangzhou,co,nometeo
10,0.0658523816797725,Guangzhou,co,nometeo
11,-0.035212835988929825,Guangzhou,co,nometeo
12,-0.31344045870480824,Guangzhou,co,nometeo
13,-0.14249040685470232,Guangzhou,co,nometeo
14,-0.3005700823816659,Guangzhou,co,nometeo
15,-0.35375016033845225,Guangzhou,co,nometeo
16,0.00995835965256764,Guangzhou,co,nometeo
17,-0.18070778291452771,Guangzhou,co,nometeo
18,-0.14095299521787324,Guangzhou,co,nometeo
19,-0.22917340093305097,Guangzhou,co,nometeo
20,-0.2726210160228943,Guangzhou,co,nometeo
-21,-0.4584931362522514,Guangzhou,co,meteo
-20,-0.42859826534813505,Guangzhou,co,meteo
-19,-0.40863928657948045,Guangzhou,co,meteo
-18,-0.053096458184251516,Guangzhou,co,meteo
-17,-0.03481731847841303,Guangzhou,co,meteo
-16,-0.19027620956204847,Guangzhou,co,meteo
-15,0.07815714469450644,Guangzhou,co,meteo
-14,0.16039684930592482,Guangzhou,co,meteo
-13,0.24921294706772693,Guangzhou,co,meteo
-12,0.09513043028456636,Guangzhou,co,meteo
-11,0.05663581763104722,Guangzhou,co,meteo
-10,0.1745870766548651,Guangzhou,co,meteo
-9,0.23709654928058435,Guangzhou,co,meteo
-8,0.3814572257426291,Guangzhou,co,meteo
-7,0.25394925144272584,Guangzhou,co,meteo
-6,0.21861705777590199,Guangzhou,co,meteo
-5,-0.04909028965206122,Guangzhou,co,meteo
-4,-0.13450146843767827,Guangzhou,co,meteo
-3,-0.14772791738615862,Guangzhou,co,meteo
-2,0.12872483485430722,Guangzhou,co,meteo
-1,-0.11894208727214454,Guangzhou,co,meteo
0,0.16367268507253094,Guangzhou,co,meteo
1,0.14120446818551172,Guangzhou,co,meteo
2,0.15571451124100996,Guangzhou,co,meteo
3,-0.11303589259330354,Guangzhou,co,meteo
4,-0.07826608036694857,Guangzhou,co,meteo
5,-0.04399775523827379,Guangzhou,co,meteo
6,0.07041659308220655,Guangzhou,co,meteo
7,0.12380520668503639,Guangzhou,co,meteo
8,-0.09399436648071732,Guangzhou,co,meteo
9,0.015408312190817536,Guangzhou,co,meteo
10,-0.014250329356585906,Guangzhou,co,meteo
11,-0.19245252293566714,Guangzhou,co,meteo
12,-0.4934745554056166,Guangzhou,co,meteo
13,-0.4192883659727852,Guangzhou,co,meteo
14,-0.5520066377003202,Guangzhou,co,meteo
15,-0.6786281351997557,Guangzhou,co,meteo
16,-0.3451844002709616,Guangzhou,co,meteo
17,-0.5406582399910922,Guangzhou,co,meteo
18,-0.34395461107366265,Guangzhou,co,meteo
19,-0.2663602509044013,Guangzhou,co,meteo
20,-0.14995239943328584,Guangzhou,co,meteo
-21,10.303244329227383,Wuhan,pm2_5,nometeo
-20,41.58828414185491,Wuhan,pm2_5,nometeo
-19,-35.25400035054423,Wuhan,pm2_5,nometeo
-18,-32.284037411398344,Wuhan,pm2_5,nometeo
-17,-18.422431825508625,Wuhan,pm2_5,nometeo
-16,-66.21721242137943,Wuhan,pm2_5,nometeo
-15,-51.58560616550619,Wuhan,pm2_5,nometeo
-14,-23.048014145336964,Wuhan,pm2_5,nometeo
-13,16.395629024819527,Wuhan,pm2_5,nometeo
-12,2.413711919099825,Wuhan,pm2_5,nometeo
-11,-2.3030763567705677,Wuhan,pm2_5,nometeo
-10,-14.5499497025855,Wuhan,pm2_5,nometeo
-9,8.925073785589461,Wuhan,pm2_5,nometeo
-8,-39.09858998047062,Wuhan,pm2_5,nometeo
-7,0.07400664476718788,Wuhan,pm2_5,nometeo
-6,65.03452215354078,Wuhan,pm2_5,nometeo
-5,50.09058632495791,Wuhan,pm2_5,nometeo
-4,43.288024535631166,Wuhan,pm2_5,nometeo
-3,44.64983550001239,Wuhan,pm2_5,nometeo
-2,27.14174062018369,Wuhan,pm2_5,nometeo
-1,-38.75732884904588,Wuhan,pm2_5,nometeo
0,-41.370881273585226,Wuhan,pm2_5,nometeo
1,4.23273372029346,Wuhan,pm2_5,nometeo
2,-15.505612581665119,Wuhan,pm2_5,nometeo
3,71.70588643536126,Wuhan,pm2_5,nometeo
4,57.40749136914707,Wuhan,pm2_5,nometeo
5,35.187087744044675,Wuhan,pm2_5,nometeo
6,35.046785811635345,Wuhan,pm2_5,nometeo
7,51.47755859748187,Wuhan,pm2_5,nometeo
8,57.695092653488814,Wuhan,pm2_5,nometeo
9,73.46634112660809,Wuhan,pm2_5,nometeo
10,53.31817999507109,Wuhan,pm2_5,nometeo
11,45.0424727878734,Wuhan,pm2_5,nometeo
12,4.58347055011123,Wuhan,pm2_5,nometeo
13,9.933244141010583,Wuhan,pm2_5,nometeo
14,5.874098740504408,Wuhan,pm2_5,nometeo
15,-6.495675244872608,Wuhan,pm2_5,nometeo
16,0.9759046725130673,Wuhan,pm2_5,nometeo
17,12.540340087395286,Wuhan,pm2_5,nometeo
18,4.361612947412539,Wuhan,pm2_5,nometeo
19,-3.961651162171357,Wuhan,pm2_5,nometeo
20,-17.236257284349584,Wuhan,pm2_5,nometeo
-21,20.518181603777975,Wuhan,pm2_5,meteo
-20,121.22942552878351,Wuhan,pm2_5,meteo
-19,83.48099512497024,Wuhan,pm2_5,meteo
-18,-16.836976155739073,Wuhan,pm2_5,meteo
-17,-61.608873047031416,Wuhan,pm2_5,meteo
-16,-26.472349809956945,Wuhan,pm2_5,meteo
-15,2.5213136357301664,Wuhan,pm2_5,meteo
-14,-12.620414518912206,Wuhan,pm2_5,meteo
-13,-13.251557068918828,Wuhan,pm2_5,meteo
-12,-32.170041401737926,Wuhan,pm2_5,meteo
-11,-33.809447736339834,Wuhan,pm2_5,meteo
-10,43.53180199696965,Wuhan,pm2_5,meteo
-9,-13.870284605650852,Wuhan,pm2_5,meteo
-8,-111.99392280623464,Wuhan,pm2_5,meteo
-7,-42.20886895800249,Wuhan,pm2_5,meteo
-6,-10.33285748680849,Wuhan,pm2_5,meteo
-5,48.2854684453373,Wuhan,pm2_5,meteo
-4,87.0248554870669,Wuhan,pm2_5,meteo
-3,-31.41644822730302,Wuhan,pm2_5,meteo
-2,-4.0119991839133,Wuhan,pm2_5,meteo
-1,-48.78144853908151,Wuhan,pm2_5,meteo
0,-97.87441660953154,Wuhan,pm2_5,meteo
1,-105.8584958237126,Wuhan,pm2_5,meteo
2,-119.23515606746852,Wuhan,pm2_5,meteo
3,4.06571147197787,Wuhan,pm2_5,meteo
4,15.002289613870872,Wuhan,pm2_5,meteo
5,20.66501094742197,Wuhan,pm2_5,meteo
6,46.753958769123145,Wuhan,pm2_5,meteo
7,55.99132904444613,Wuhan,pm2_5,meteo
8,68.24146068197493,Wuhan,pm2_5,meteo
9,50.064853150046886,Wuhan,pm2_5,meteo
10,16.77658648895183,Wuhan,pm2_5,meteo
11,26.413134034115217,Wuhan,pm2_5,meteo
12,3.12582130126232,Wuhan,pm2_5,meteo
13,-87.56307374633928,Wuhan,pm2_5,meteo
14,-91.78902265644444,Wuhan,pm2_5,meteo
15,-104.46140344125226,Wuhan,pm2_5,meteo
16,-10.19862627543893,Wuhan,pm2_5,meteo
17,51.6447391899989,Wuhan,pm2_5,meteo
18,18.34196167569759,Wuhan,pm2_5,meteo
19,58.31321120622454,Wuhan,pm2_5,meteo
20,51.588789528432784,Wuhan,pm2_5,meteo
-21,22.574537545856288,Wuhan,pm10,nometeo
-20,36.942012988690585,Wuhan,pm10,nometeo
-19,-59.31702328331284,Wuhan,pm10,nometeo
-18,-49.964040330789864,Wuhan,pm10,nometeo
-17,-18.889287164532284,Wuhan,pm10,nometeo
-16,-76.8036219123941,Wuhan,pm10,nometeo
-15,-67.6112839522145,Wuhan,pm10,nometeo
-14,-28.74413931858114,Wuhan,pm10,nometeo
-13,8.038592989312534,Wuhan,pm10,nometeo
-12,-2.3449174512035427,Wuhan,pm10,nometeo
-11,-3.924979423896282,Wuhan,pm10,nometeo
-10,-12.672075283650578,Wuhan,pm10,nometeo
-9,5.781490139009833,Wuhan,pm10,nometeo
-8,-38.71367238833522,Wuhan,pm10,nometeo
-7,9.97034258177625,Wuhan,pm10,nometeo
-6,88.87142649232028,Wuhan,pm10,nometeo
-5,70.0726761417186,Wuhan,pm10,nometeo
-4,61.89991071019725,Wuhan,pm10,nometeo
-3,54.83405092002884,Wuhan,pm10,nometeo
-2,16.88075456215835,Wuhan,pm10,nometeo
-1,-54.7097432446514,Wuhan,pm10,nometeo
0,-51.60055191228461,Wuhan,pm10,nometeo
1,8.008208440828554,Wuhan,pm10,nometeo
2,-18.35517867611116,Wuhan,pm10,nometeo
3,86.09584666385719,Wuhan,pm10,nometeo
4,69.32282496935066,Wuhan,pm10,nometeo
5,43.855321300919506,Wuhan,pm10,nometeo
6,46.097145361376576,Wuhan,pm10,nometeo
7,66.75318466568041,Wuhan,pm10,nometeo
8,68.53145783801962,Wuhan,pm10,nometeo
9,91.9857910572101,Wuhan,pm10,nometeo
10,71.39948830652364,Wuhan,pm10,nometeo
11,56.01726292646784,Wuhan,pm10,nometeo
12,12.374675607285397,Wuhan,pm10,nometeo
13,13.037470149809884,Wuhan,pm10,nometeo
14,11.205583228003945,Wuhan,pm10,nometeo
15,-9.154416065602689,Wuhan,pm10,nometeo
16,9.174481504219024,Wuhan,pm10,nometeo
17,22.007697676890267,Wuhan,pm10,nometeo
18,5.416430566426207,Wuhan,pm10,nometeo
19,-2.102496000922379,Wuhan,pm10,nometeo
20,-26.267855929662026,Wuhan,pm10,nometeo
-21,35.70276254711084,Wuhan,pm10,meteo
-20,137.23533721354104,Wuhan,pm10,meteo
-19,81.84383063280255,Wuhan,pm10,meteo
-18,-28.92233140512642,Wuhan,pm10,meteo
-17,-61.930379915409176,Wuhan,pm10,meteo
-16,-40.26159995642803,Wuhan,pm10,meteo
-15,-9.578424646166056,Wuhan,pm10,meteo
-14,-7.981993327787342,Wuhan,pm10,meteo
-13,-19.150043451681295,Wuhan,pm10,meteo
-12,-36.35983317756727,Wuhan,pm10,meteo
-11,-45.942216923609465,Wuhan,pm10,meteo
-10,36.997096258460594,Wuhan,pm10,meteo
-9,-15.060188055775203,Wuhan,pm10,meteo
-8,-122.42007608487376,Wuhan,pm10,meteo
-7,-50.243371693570836,Wuhan,pm10,meteo
-6,-5.125266475724028,Wuhan,pm10,meteo
-5,49.48155595369748,Wuhan,pm10,meteo
-4,108.0436646280927,Wuhan,pm10,meteo
-3,-6.328522119986309,Wuhan,pm10,meteo
-2,-7.019218642242136,Wuhan,pm10,meteo
-1,-43.17785226454074,Wuhan,pm10,meteo
0,-74.27443801312273,Wuhan,pm10,meteo
1,-83.15531590268928,Wuhan,pm10,meteo
2,-142.60419107410652,Wuhan,pm10,meteo
3,-5.605374729661203,Wuhan,pm10,meteo
4,0.0981019770746423,Wuhan,pm10,meteo
5,-2.499941583279438,Wuhan,pm10,meteo
6,27.988668974428798,Wuhan,pm10,meteo
7,42.99527736031358,Wuhan,pm10,meteo
8,66.73896321764741,Wuhan,pm10,meteo
9,58.885541879562844,Wuhan,pm10,meteo
10,6.783658474241499,Wuhan,pm10,meteo
11,17.141404488102722,Wuhan,pm10,meteo
12,14.798363118020326,Wuhan,pm10,meteo
13,-77.87174198431067,Wuhan,pm10,meteo
14,-72.45730212872138,Wuhan,pm10,meteo
15,-115.13941376325364,Wuhan,pm10,meteo
16,-12.713340294835547,Wuhan,pm10,meteo
17,63.20960935016853,Wuhan,pm10,meteo
18,1.0640080275468131,Wuhan,pm10,meteo
19,53.03710662670137,Wuhan,pm10,meteo
20,45.6098784265301,Wuhan,pm10,meteo
-21,3.23948846982153,Wuhan,so2,nometeo
-20,0.22760843957095767,Wuhan,so2,nometeo
-19,-2.8344316303905686,Wuhan,so2,nometeo
-18,-0.4419516130146188,Wuhan,so2,nometeo
-17,3.2752884753528626,Wuhan,so2,nometeo
-16,-0.9029116076168158,Wuhan,so2,nometeo
-15,-5.3078716398891626,Wuhan,so2,nometeo
-14,-5.20119164072841,Wuhan,so2,nometeo
-13,-1.6455116074261,Wuhan,so2,nometeo
-12,-5.157911664074367,Wuhan,so2,nometeo
-11,-2.5706316088375325,Wuhan,so2,nometeo
-10,-0.8687116274532485,Wuhan,so2,nometeo
-9,-5.162951642292436,Wuhan,so2,nometeo
-8,0.9500883982959623,Wuhan,so2,nometeo
-7,5.250328499061187,Wuhan,so2,nometeo
-6,6.946848565227096,Wuhan,so2,nometeo
-5,8.105408557921978,Wuhan,so2,nometeo
-4,3.765288509875864,Wuhan,so2,nometeo
-3,-1.6662716334041805,Wuhan,so2,nometeo
-2,-0.2424716139492158,Wuhan,so2,nometeo
-1,-2.300511626881035,Wuhan,so2,nometeo
0,-3.3781116421398316,Wuhan,so2,nometeo
1,-1.13887159621089,Wuhan,so2,nometeo
2,3.1827284738841595,Wuhan,so2,nometeo
3,5.345248484355524,Wuhan,so2,nometeo
4,6.604448535949301,Wuhan,so2,nometeo
5,6.084568514377198,Wuhan,so2,nometeo
6,7.526408567649424,Wuhan,so2,nometeo
7,8.328088560134471,Wuhan,so2,nometeo
8,7.6536485566440255,Wuhan,so2,nometeo
9,5.995808500606148,Wuhan,so2,nometeo
10,7.154568549377025,Wuhan,so2,nometeo
11,5.907328537780351,Wuhan,so2,nometeo
12,-0.5979516103443279,Wuhan,so2,nometeo
13,2.9259284697833747,Wuhan,so2,nometeo
14,2.688568457442841,Wuhan,so2,nometeo
15,3.851728487521714,Wuhan,so2,nometeo
16,5.479848495036661,Wuhan,so2,nometeo
17,3.450928480845998,Wuhan,so2,nometeo
18,2.1844084443393355,Wuhan,so2,nometeo
19,1.8340084552112252,Wuhan,so2,nometeo
20,-1.1677516188320556,Wuhan,so2,nometeo
-21,7.852511930152495,Wuhan,so2,meteo
-20,13.50979122156609,Wuhan,so2,meteo
-19,8.1940705022615,Wuhan,so2,meteo
-18,-2.2927573914925183,Wuhan,so2,meteo
-17,-4.653168567318742,Wuhan,so2,meteo
-16,6.4236631660106625,Wuhan,so2,meteo
-15,2.2428669883659627,Wuhan,so2,meteo
-14,-3.941509093998242,Wuhan,so2,meteo
-13,-3.688085319806005,Wuhan,so2,meteo
-12,-8.157480174707395,Wuhan,so2,meteo
-11,-4.986604443553982,Wuhan,so2,meteo
-10,6.164939440379843,Wuhan,so2,meteo
-9,-9.094868675413997,Wuhan,so2,meteo
-8,-7.437653142130893,Wuhan,so2,meteo
-7,-1.4546697414533138,Wuhan,so2,meteo
-6,-4.870508540185401,Wuhan,so2,meteo
-5,9.903054377699718,Wuhan,so2,meteo
-4,7.130341727984462,Wuhan,so2,meteo
-3,-10.843934264360247,Wuhan,so2,meteo
-2,-3.236922391629915,Wuhan,so2,meteo
-1,-5.521812076983708,Wuhan,so2,meteo
0,-15.039401050949028,Wuhan,so2,meteo
1,-18.543690103604447,Wuhan,so2,meteo
2,-6.546514430654707,Wuhan,so2,meteo
3,-1.425881924723356,Wuhan,so2,meteo
4,3.7025589216198043,Wuhan,so2,meteo
5,5.636445954057468,Wuhan,so2,meteo
6,6.783430270340997,Wuhan,so2,meteo
7,5.54026322309857,Wuhan,so2,meteo
8,6.987519972679696,Wuhan,so2,meteo
9,2.1350671286200793,Wuhan,so2,meteo
10,3.117782205364886,Wuhan,so2,meteo
11,2.8533699733065987,Wuhan,so2,meteo
12,-0.9663438934229003,Wuhan,so2,meteo
13,-10.337859558467077,Wuhan,so2,meteo
14,-10.940746732933142,Wuhan,so2,meteo
15,-8.038872031291723,Wuhan,so2,meteo
16,3.720468665435618,Wuhan,so2,meteo
17,8.220762901519645,Wuhan,so2,meteo
18,4.9592503763621245,Wuhan,so2,meteo
19,8.71505640492963,Wuhan,so2,meteo
20,6.525450852176583,Wuhan,so2,meteo
-21,16.310360120994197,Wuhan,no2,nometeo
-20,3.9518801657024922,Wuhan,no2,nometeo
-19,-5.171840117805896,Wuhan,no2,nometeo
-18,-9.243799969643023,Wuhan,no2,nometeo
-17,-5.117999994057108,Wuhan,no2,nometeo
-16,-3.605679995506668,Wuhan,no2,nometeo
-15,-15.101000226753577,Wuhan,no2,nometeo
-14,-14.720560234611954,Wuhan,no2,nometeo
-13,-6.734760304420941,Wuhan,no2,nometeo
-12,-11.50852022187092,Wuhan,no2,nometeo
-11,-18.92928039109083,Wuhan,no2,nometeo
-10,2.0018400595013026,Wuhan,no2,nometeo
-9,-17.4684402238545,Wuhan,no2,nometeo
-8,-4.792959996193305,Wuhan,no2,nometeo
-7,14.05548013518489,Wuhan,no2,nometeo
-6,18.326880338508168,Wuhan,no2,nometeo
-5,36.11260053160825,Wuhan,no2,nometeo
-4,21.056640363914074,Wuhan,no2,nometeo
-3,0.5791599603953492,Wuhan,no2,nometeo
-2,6.175600159293772,Wuhan,no2,nometeo
-1,-6.769000149315259,Wuhan,no2,nometeo
0,-4.33600005223124,Wuhan,no2,nometeo
1,-2.6897600543674987,Wuhan,no2,nometeo
2,6.840920155364538,Wuhan,no2,nometeo
3,11.024560212070082,Wuhan,no2,nometeo
4,11.246960235053608,Wuhan,no2,nometeo
5,14.645560217506029,Wuhan,no2,nometeo
6,11.036280217582263,Wuhan,no2,nometeo
7,13.109960243445922,Wuhan,no2,nometeo
8,13.170160203773035,Wuhan,no2,nometeo
9,7.750800117141329,Wuhan,no2,nometeo
10,7.499960130530836,Wuhan,no2,nometeo
11,7.6516801744762155,Wuhan,no2,nometeo
12,-10.740920327728693,Wuhan,no2,nometeo
13,-6.0603600910839415,Wuhan,no2,nometeo
14,-2.7069601411518165,Wuhan,no2,nometeo
15,-4.117840115326345,Wuhan,no2,nometeo
16,1.6290400270762908,Wuhan,no2,nometeo
17,-0.10195994870037983,Wuhan,no2,nometeo
18,-13.700360241478391,Wuhan,no2,nometeo
19,-19.47316024262285,Wuhan,no2,nometeo
20,-28.24100050370073,Wuhan,no2,nometeo
-21,24.21151167634934,Wuhan,no2,meteo
-20,21.358244252265322,Wuhan,no2,meteo
-19,31.60688630478338,Wuhan,no2,meteo
-18,0.9913172860693269,Wuhan,no2,meteo
-17,-7.865690704695645,Wuhan,no2,meteo
-16,-2.555516768949703,Wuhan,no2,meteo
-15,-12.113504690072947,Wuhan,no2,meteo
-14,-10.635113283193375,Wuhan,no2,meteo
-13,-14.901363722988526,Wuhan,no2,meteo
-12,-21.427146103403132,Wuhan,no2,meteo
-11,-34.48691654517934,Wuhan,no2,meteo
-10,3.051657925986772,Wuhan,no2,meteo
-9,-29.523054477541784,Wuhan,no2,meteo
-8,-25.998663975500342,Wuhan,no2,meteo
-7,6.3556563900777245,Wuhan,no2,meteo
-6,5.565472219759693,Wuhan,no2,meteo
-5,36.38871069508623,Wuhan,no2,meteo
-4,38.57462155555069,Wuhan,no2,meteo
-3,-8.597108034403655,Wuhan,no2,meteo
-2,2.9724824530330007,Wuhan,no2,meteo
-1,-0.9471782329080352,Wuhan,no2,meteo
0,2.9021713611438624,Wuhan,no2,meteo
1,-9.175978096025675,Wuhan,no2,meteo
2,-16.825805478861092,Wuhan,no2,meteo
3,-1.0240849962991287,Wuhan,no2,meteo
4,-0.9791002382045768,Wuhan,no2,meteo
5,9.062616199712489,Wuhan,no2,meteo
6,13.569115298632445,Wuhan,no2,meteo
7,22.364191237217945,Wuhan,no2,meteo
8,26.940391253747507,Wuhan,no2,meteo
9,11.475606608077063,Wuhan,no2,meteo
10,2.6058882626099464,Wuhan,no2,meteo
11,6.407944985756098,Wuhan,no2,meteo
12,-14.134149178305103,Wuhan,no2,meteo
13,-12.788451729858814,Wuhan,no2,meteo
14,-6.183672464135702,Wuhan,no2,meteo
15,-18.61663078275349,Wuhan,no2,meteo
16,4.471291185931882,Wuhan,no2,meteo
17,14.824613857125454,Wuhan,no2,meteo
18,-14.705435832231474,Wuhan,no2,meteo
19,-9.06881706827514,Wuhan,no2,meteo
20,-16.42549862562472,Wuhan,no2,meteo
-21,-13.645785231454498,Wuhan,o3,nometeo
-20,-26.3364660931613,Wuhan,o3,nometeo
-19,-26.71509478932076,Wuhan,o3,nometeo
-18,21.158031011150477,Wuhan,o3,nometeo
-17,27.448489790355538,Wuhan,o3,nometeo
-16,-14.822338128871499,Wuhan,o3,nometeo
-15,-28.918814858400694,Wuhan,o3,nometeo
-14,-41.8274380158825,Wuhan,o3,nometeo
-13,-37.489831528782645,Wuhan,o3,nometeo
-12,-27.05780006404747,Wuhan,o3,nometeo
-11,7.979400927803649,Wuhan,o3,nometeo
-10,10.379147285294966,Wuhan,o3,nometeo
-9,2.207154874538019,Wuhan,o3,nometeo
-8,25.634812310700575,Wuhan,o3,nometeo
-7,40.01322068080084,Wuhan,o3,nometeo
-6,67.60999418705124,Wuhan,o3,nometeo
-5,33.056100800136285,Wuhan,o3,nometeo
-4,-27.39064528919384,Wuhan,o3,nometeo
-3,8.717862131283633,Wuhan,o3,nometeo
-2,-9.160290513521849,Wuhan,o3,nometeo
-1,16.690650801158974,Wuhan,o3,nometeo
0,-15.569892271634684,Wuhan,o3,nometeo
1,29.16287627832095,Wuhan,o3,nometeo
2,31.843583504348132,Wuhan,o3,nometeo
3,34.468574744415314,Wuhan,o3,nometeo
4,48.22892265644253,Wuhan,o3,nometeo
5,55.98392186256373,Wuhan,o3,nometeo
6,61.92874788875149,Wuhan,o3,nometeo
7,65.94461643312142,Wuhan,o3,nometeo
8,46.32299963971234,Wuhan,o3,nometeo
9,74.62946092528223,Wuhan,o3,nometeo
10,82.82858320059253,Wuhan,o3,nometeo
11,65.64652490857564,Wuhan,o3,nometeo
12,7.627101640506314,Wuhan,o3,nometeo
13,14.17743357195739,Wuhan,o3,nometeo
14,18.167374639023254,Wuhan,o3,nometeo
15,44.24536878546175,Wuhan,o3,nometeo
16,12.678755853728584,Wuhan,o3,nometeo
17,-16.936590434653496,Wuhan,o3,nometeo
18,6.043304808254986,Wuhan,o3,nometeo
19,-15.531195805581019,Wuhan,o3,nometeo
20,-7.356508606105779,Wuhan,o3,nometeo
-21,-5.451979545879798,Wuhan,o3,meteo
-20,23.243331481849538,Wuhan,o3,meteo
-19,7.35903010095231,Wuhan,o3,meteo
-18,8.866237450324618,Wuhan,o3,meteo
-17,-4.980487364430523,Wuhan,o3,meteo
-16,18.499864689964696,Wuhan,o3,meteo
-15,9.544984771669863,Wuhan,o3,meteo
-14,-32.10523021931223,Wuhan,o3,meteo
-13,-37.80185437096743,Wuhan,o3,meteo
-12,-30.419803691229404,Wuhan,o3,meteo
-11,6.632006751742711,Wuhan,o3,meteo
-10,43.54920087518711,Wuhan,o3,meteo
-9,0.008802515051932858,Wuhan,o3,meteo
-8,-0.6804997935855646,Wuhan,o3,meteo
-7,5.3334724637122015,Wuhan,o3,meteo
-6,11.819929333476491,Wuhan,o3,meteo
-5,23.401002380316378,Wuhan,o3,meteo
-4,-27.84717246797052,Wuhan,o3,meteo
-3,-18.970835360872343,Wuhan,o3,meteo
-2,-17.821242784246003,Wuhan,o3,meteo
-1,8.698730181839704,Wuhan,o3,meteo
0,-53.44194752472612,Wuhan,o3,meteo
1,-29.78567358749785,Wuhan,o3,meteo
2,-10.798564831927077,Wuhan,o3,meteo
3,-9.892549304752201,Wuhan,o3,meteo
4,19.785967631048024,Wuhan,o3,meteo
5,29.348714434832353,Wuhan,o3,meteo
6,31.93167335984792,Wuhan,o3,meteo
7,20.28089940451906,Wuhan,o3,meteo
8,14.994630897138755,Wuhan,o3,meteo
9,39.747488909171466,Wuhan,o3,meteo
10,41.5786137267923,Wuhan,o3,meteo
11,33.42709422576487,Wuhan,o3,meteo
12,7.913468651142463,Wuhan,o3,meteo
13,-45.45212562584854,Wuhan,o3,meteo
14,-41.80091391599875,Wuhan,o3,meteo
15,-11.221199929843024,Wuhan,o3,meteo
16,-10.471631693154322,Wuhan,o3,meteo
17,-13.499868007867654,Wuhan,o3,meteo
18,1.0849736305600572,Wuhan,o3,meteo
19,-2.7599228071302377,Wuhan,o3,meteo
20,16.30419747791457,Wuhan,o3,meteo
-21,-0.1810961928944829,Wuhan,co,nometeo
-20,0.37256377791354334,Wuhan,co,nometeo
-19,0.11805578035304437,Wuhan,co,nometeo
-18,-0.054124191008115774,Wuhan,co,nometeo
-17,-0.1819682003360035,Wuhan,co,nometeo
-16,-0.5032881939511541,Wuhan,co,nometeo
-15,-0.39127619925549123,Wuhan,co,nometeo
-14,-0.12455221210529899,Wuhan,co,nometeo
-13,0.20311177801081887,Wuhan,co,nometeo
-12,0.035983789386246995,Wuhan,co,nometeo
-11,0.1157557860035636,Wuhan,co,nometeo
-10,0.07603977457473154,Wuhan,co,nometeo
-9,0.06092779020259241,Wuhan,co,nometeo
-8,-0.019048217235113078,Wuhan,co,nometeo
-7,0.10580778554866138,Wuhan,co,nometeo
-6,0.07891978284308712,Wuhan,co,nometeo
-5,0.22987577830741449,Wuhan,co,nometeo
-4,0.08701979452559935,Wuhan,co,nometeo
-3,-0.028708210883643812,Wuhan,co,nometeo
-2,0.21099577926585714,Wuhan,co,nometeo
-1,-0.5138002134185081,Wuhan,co,nometeo
0,-0.29106820975353864,Wuhan,co,nometeo
1,-0.2844322003107323,Wuhan,co,nometeo
2,-0.0470162235122,Wuhan,co,nometeo
3,0.29647577742526426,Wuhan,co,nometeo
4,0.3228397775311209,Wuhan,co,nometeo
5,0.187967784299348,Wuhan,co,nometeo
6,0.25733177982756933,Wuhan,co,nometeo
7,0.27046377858111686,Wuhan,co,nometeo
8,0.22366778518149724,Wuhan,co,nometeo
9,0.22549577948043306,Wuhan,co,nometeo
10,0.08850379046389963,Wuhan,co,nometeo
11,0.2345357808251127,Wuhan,co,nometeo
12,0.11189578300902828,Wuhan,co,nometeo
13,0.057275786675905105,Wuhan,co,nometeo
14,-0.058528209672475906,Wuhan,co,nometeo
15,0.012887788118813335,Wuhan,co,nometeo
16,0.29236377850959117,Wuhan,co,nometeo
17,0.2729277825016721,Wuhan,co,nometeo
18,0.18378378340193985,Wuhan,co,nometeo
19,0.174483780803178,Wuhan,co,nometeo
20,0.021367789449189514,Wuhan,co,nometeo
-21,-0.04443433581271128,Wuhan,co,meteo
-20,0.8925853650176944,Wuhan,co,meteo
-19,1.2771671021914552,Wuhan,co,meteo
-18,0.11204473109394342,Wuhan,co,meteo
-17,-0.538439000367984,Wuhan,co,meteo
-16,-0.08864380933525862,Wuhan,co,meteo
-15,0.10702461517399697,Wuhan,co,meteo
-14,-0.004408128106637377,Wuhan,co,meteo
-13,-0.06883362914879287,Wuhan,co,meteo
-12,-0.26939042192750484,Wuhan,co,meteo
-11,-0.1781444778760245,Wuhan,co,meteo
-10,0.6822281453925484,Wuhan,co,meteo
-9,-0.2781367410369894,Wuhan,co,meteo
-8,-0.7662304655562215,Wuhan,co,meteo
-7,-0.2439272332626803,Wuhan,co,meteo
-6,-0.597197230109026,Wuhan,co,meteo
-5,0.27567868881411994,Wuhan,co,meteo
-4,0.5421041557700333,Wuhan,co,meteo
-3,-0.811047330913962,Wuhan,co,meteo
-2,-0.09423023501631012,Wuhan,co,meteo
-1,-0.7213397424002159,Wuhan,co,meteo
0,-0.8368269256362204,Wuhan,co,meteo
1,-1.1727467730278263,Wuhan,co,meteo
2,-0.98704396484216,Wuhan,co,meteo
3,-0.33269111278567803,Wuhan,co,meteo
4,-0.17335818033299366,Wuhan,co,meteo
5,-0.011078570558065493,Wuhan,co,meteo
6,0.27264115170110503,Wuhan,co,meteo
7,0.3260402844959268,Wuhan,co,meteo
8,0.31079868991864157,Wuhan,co,meteo
9,-0.051609048516014,Wuhan,co,meteo
10,-0.3291872874062156,Wuhan,co,meteo
11,-0.031732436655953045,Wuhan,co,meteo
12,-0.15389592135621566,Wuhan,co,meteo
13,-1.0055320862421002,Wuhan,co,meteo
14,-1.1286030563609444,Wuhan,co,meteo
15,-1.0439181487480087,Wuhan,co,meteo
16,0.12565301743501134,Wuhan,co,meteo
17,0.5707824228071469,Wuhan,co,meteo
18,0.14054246940216653,Wuhan,co,meteo
19,0.5212969799759554,Wuhan,co,meteo
20,0.4656801840946688,Wuhan,co,meteo
-21,-28.71504680720574,Shanghai,pm2_5,nometeo
-20,5.709929518085124,Shanghai,pm2_5,nometeo
-19,-42.676786532934315,Shanghai,pm2_5,nometeo
-18,-37.490385605564256,Shanghai,pm2_5,nometeo
-17,-31.959342812328526,Shanghai,pm2_5,nometeo
-16,-58.454636499047254,Shanghai,pm2_5,nometeo
-15,-23.456579260517035,Shanghai,pm2_5,nometeo
-14,-49.807045705137526,Shanghai,pm2_5,nometeo
-13,-4.286804465057937,Shanghai,pm2_5,nometeo
-12,-1.390587365152907,Shanghai,pm2_5,nometeo
-11,72.9439002514158,Shanghai,pm2_5,nometeo
-10,26.086956205099316,Shanghai,pm2_5,nometeo
-9,-1.043023099682081,Shanghai,pm2_5,nometeo
-8,-13.310852132177711,Shanghai,pm2_5,nometeo
-7,24.138920614745935,Shanghai,pm2_5,nometeo
-6,41.69348657073854,Shanghai,pm2_5,nometeo
-5,80.36105258475916,Shanghai,pm2_5,nometeo
-4,24.15019780640523,Shanghai,pm2_5,nometeo
-3,17.50664673355619,Shanghai,pm2_5,nometeo
-2,-25.063560894842507,Shanghai,pm2_5,nometeo
-1,-13.953809083335052,Shanghai,pm2_5,nometeo
0,-15.149285380179006,Shanghai,pm2_5,nometeo
1,-23.89559622118117,Shanghai,pm2_5,nometeo
2,7.9095876255031445,Shanghai,pm2_5,nometeo
3,61.72370052522224,Shanghai,pm2_5,nometeo
4,55.640352212385494,Shanghai,pm2_5,nometeo
5,42.53580450549971,Shanghai,pm2_5,nometeo
6,24.467074453107085,Shanghai,pm2_5,nometeo
7,12.71612026436198,Shanghai,pm2_5,nometeo
8,16.64115181856223,Shanghai,pm2_5,nometeo
9,21.57276659957289,Shanghai,pm2_5,nometeo
10,12.500262698879821,Shanghai,pm2_5,nometeo
11,-4.560023957470047,Shanghai,pm2_5,nometeo
12,1.903300326516403,Shanghai,pm2_5,nometeo
13,12.323737188881282,Shanghai,pm2_5,nometeo
14,18.749050318728738,Shanghai,pm2_5,nometeo
15,44.73106802139604,Shanghai,pm2_5,nometeo
16,4.008801382211573,Shanghai,pm2_5,nometeo
17,-13.490179119044129,Shanghai,pm2_5,nometeo
18,-49.921166441314284,Shanghai,pm2_5,nometeo
19,-58.29209902733868,Shanghai,pm2_5,nometeo
20,-42.28151425986225,Shanghai,pm2_5,nometeo
-21,-24.509936513778523,Shanghai,pm2_5,meteo
-20,15.092606074355597,Shanghai,pm2_5,meteo
-19,-35.40150633658267,Shanghai,pm2_5,meteo
-18,-40.23370183351298,Shanghai,pm2_5,meteo
-17,-36.90143073767355,Shanghai,pm2_5,meteo
-16,-58.10190125695394,Shanghai,pm2_5,meteo
-15,-18.637233184378342,Shanghai,pm2_5,meteo
-14,-46.76539075332036,Shanghai,pm2_5,meteo
-13,-6.561106419755749,Shanghai,pm2_5,meteo
-12,-9.690833358257578,Shanghai,pm2_5,meteo
-11,66.37000270368483,Shanghai,pm2_5,meteo
-10,28.68375271997427,Shanghai,pm2_5,meteo
-9,-2.9838430122354787,Shanghai,pm2_5,meteo
-8,-12.947761665990829,Shanghai,pm2_5,meteo
-7,19.02144685146431,Shanghai,pm2_5,meteo
-6,33.95395124597054,Shanghai,pm2_5,meteo
-5,83.58977177859168,Shanghai,pm2_5,meteo
-4,29.598923097497092,Shanghai,pm2_5,meteo
-3,16.4241906009017,Shanghai,pm2_5,meteo
-2,-20.904331949928913,Shanghai,pm2_5,meteo
-1,-16.51070313772775,Shanghai,pm2_5,meteo
0,-19.330386200178356,Shanghai,pm2_5,meteo
1,-34.164436849659396,Shanghai,pm2_5,meteo
2,7.8608497866842395,Shanghai,pm2_5,meteo
3,64.22483997320508,Shanghai,pm2_5,meteo
4,57.31201639701381,Shanghai,pm2_5,meteo
5,40.21926646487292,Shanghai,pm2_5,meteo
6,24.708002733853387,Shanghai,pm2_5,meteo
7,15.639706198116256,Shanghai,pm2_5,meteo
8,20.444583397735236,Shanghai,pm2_5,meteo
9,25.876769052556632,Shanghai,pm2_5,meteo
10,17.752426956075617,Shanghai,pm2_5,meteo
11,5.647097926670357,Shanghai,pm2_5,meteo
12,6.242827728038797,Shanghai,pm2_5,meteo
13,18.802448403571372,Shanghai,pm2_5,meteo
14,26.444152466106786,Shanghai,pm2_5,meteo
15,51.25522953022657,Shanghai,pm2_5,meteo
16,9.100449426985751,Shanghai,pm2_5,meteo
17,-10.96409162517191,Shanghai,pm2_5,meteo
18,-46.25845859121027,Shanghai,pm2_5,meteo
19,-55.03481690957277,Shanghai,pm2_5,meteo
20,-37.39006668706459,Shanghai,pm2_5,meteo
-21,-28.251620910718277,Shanghai,pm10,nometeo
-20,1.7634585449000149,Shanghai,pm10,nometeo
-19,-60.646243649351916,Shanghai,pm10,nometeo
-18,-44.30732125341342,Shanghai,pm10,nometeo
-17,-32.45644226243725,Shanghai,pm10,nometeo
-16,-73.81789411344819,Shanghai,pm10,nometeo
-15,-33.89624065220899,Shanghai,pm10,nometeo
-14,-66.61848471831235,Shanghai,pm10,nometeo
-13,-6.618967467639056,Shanghai,pm10,nometeo
-12,2.636261143470552,Shanghai,pm10,nometeo
-11,87.70757312481288,Shanghai,pm10,nometeo
-10,33.69201856814634,Shanghai,pm10,nometeo
-9,-3.794828089516333,Shanghai,pm10,nometeo
-8,-15.429776272572187,Shanghai,pm10,nometeo
-7,24.222575071194207,Shanghai,pm10,nometeo
-6,47.95764459640972,Shanghai,pm10,nometeo
-5,97.44086472977372,Shanghai,pm10,nometeo
-4,44.079046690563146,Shanghai,pm10,nometeo
-3,26.338376920347446,Shanghai,pm10,nometeo
-2,-18.698245010138027,Shanghai,pm10,nometeo
-1,-24.285431615406875,Shanghai,pm10,nometeo
0,-29.08247277030483,Shanghai,pm10,nometeo
1,-25.656019429601105,Shanghai,pm10,nometeo
2,7.793937851582108,Shanghai,pm10,nometeo
3,74.94164580049917,Shanghai,pm10,nometeo
4,69.3755389303871,Shanghai,pm10,nometeo
5,54.27682806419903,Shanghai,pm10,nometeo
6,36.784651740669496,Shanghai,pm10,nometeo
7,20.803977248883943,Shanghai,pm10,nometeo
8,28.317276354814005,Shanghai,pm10,nometeo
9,34.13225847949568,Shanghai,pm10,nometeo
10,28.681196541264,Shanghai,pm10,nometeo
11,-0.5256221106462782,Shanghai,pm10,nometeo
12,8.927783031329785,Shanghai,pm10,nometeo
13,23.600021622776186,Shanghai,pm10,nometeo
14,31.93577873248053,Shanghai,pm10,nometeo
15,61.83634159101125,Shanghai,pm10,nometeo
16,16.955804282222246,Shanghai,pm10,nometeo
17,-2.981216283553678,Shanghai,pm10,nometeo
18,-41.53756979175513,Shanghai,pm10,nometeo
19,-58.263235918225675,Shanghai,pm10,nometeo
20,-55.39535581869846,Shanghai,pm10,nometeo
-21,-22.16467974712024,Shanghai,pm10,meteo
-20,13.356538603052897,Shanghai,pm10,meteo
-19,-55.74686986807679,Shanghai,pm10,meteo
-18,-57.7689444468078,Shanghai,pm10,meteo
-17,-32.92475532638962,Shanghai,pm10,meteo
-16,-72.63032792537604,Shanghai,pm10,meteo
-15,-31.08015034859256,Shanghai,pm10,meteo
-14,-61.86609168094471,Shanghai,pm10,meteo
-13,-7.307361838750246,Shanghai,pm10,meteo
-12,-4.091402572739476,Shanghai,pm10,meteo
-11,81.66615731871458,Shanghai,pm10,meteo
-10,32.578313026099046,Shanghai,pm10,meteo
-9,-7.0789391963772275,Shanghai,pm10,meteo
-8,-15.686713891421881,Shanghai,pm10,meteo
-7,14.71638656887541,Shanghai,pm10,meteo
-6,38.26290873488021,Shanghai,pm10,meteo
-5,103.33820818237763,Shanghai,pm10,meteo
-4,50.718934729532435,Shanghai,pm10,meteo
-3,33.70878967906449,Shanghai,pm10,meteo
-2,-4.919688588625945,Shanghai,pm10,meteo
-1,-19.812996907149262,Shanghai,pm10,meteo
0,-21.139114132447595,Shanghai,pm10,meteo
1,-24.5590495171458,Shanghai,pm10,meteo
2,4.413665801686221,Shanghai,pm10,meteo
3,69.87393526900635,Shanghai,pm10,meteo
4,58.86435962424653,Shanghai,pm10,meteo
5,36.025240220108124,Shanghai,pm10,meteo
6,23.190704240998542,Shanghai,pm10,meteo
7,15.89226782265822,Shanghai,pm10,meteo
8,25.57635623664654,Shanghai,pm10,meteo
9,36.37294079387127,Shanghai,pm10,meteo
10,32.13094958611091,Shanghai,pm10,meteo
11,9.851771108830718,Shanghai,pm10,meteo
12,16.94798770977132,Shanghai,pm10,meteo
13,36.411766178799795,Shanghai,pm10,meteo
14,50.88872577606906,Shanghai,pm10,meteo
15,68.11180294645813,Shanghai,pm10,meteo
16,17.356932227657715,Shanghai,pm10,meteo
17,1.8375524804180934,Shanghai,pm10,meteo
18,-41.505550373090436,Shanghai,pm10,meteo
19,-58.72239410036935,Shanghai,pm10,meteo
20,-54.66612224094248,Shanghai,pm10,meteo
-21,1.388029704456998,Shanghai,so2,nometeo
-20,2.3609622119052665,Shanghai,so2,nometeo
-19,-3.712117055992824,Shanghai,so2,nometeo
-18,-1.8091134462683607,Shanghai,so2,nometeo
-17,-1.6227483758926555,Shanghai,so2,nometeo
-16,-0.9554489737053149,Shanghai,so2,nometeo
-15,-3.9808016935995836,Shanghai,so2,nometeo
-14,-8.172941037518031,Shanghai,so2,nometeo
-13,-5.732080829175571,Shanghai,so2,nometeo
-12,-3.5747868196315924,Shanghai,so2,nometeo
-11,4.226085096809686,Shanghai,so2,nometeo
-10,3.7005462714290642,Shanghai,so2,nometeo
-9,-0.08183203577668818,Shanghai,so2,nometeo
-8,-1.5265261731486006,Shanghai,so2,nometeo
-7,1.9919345569822136,Shanghai,so2,nometeo
-6,4.17556929974832,Shanghai,so2,nometeo
-5,7.640978876154591,Shanghai,so2,nometeo
-4,4.034093685754907,Shanghai,so2,nometeo
-3,1.6501967374681794,Shanghai,so2,nometeo
-2,-0.26873171366592796,Shanghai,so2,nometeo
-1,1.5058353014245194,Shanghai,so2,nometeo
0,-0.04466576314391424,Shanghai,so2,nometeo
1,1.406901201555854,Shanghai,so2,nometeo
2,2.315609119047007,Shanghai,so2,nometeo
3,4.079484750590375,Shanghai,so2,nometeo
4,6.551102135729333,Shanghai,so2,nometeo
5,6.614127735908142,Shanghai,so2,nometeo
6,5.465426107378807,Shanghai,so2,nometeo
7,5.86242700700369,Shanghai,so2,nometeo
8,5.351595315482413,Shanghai,so2,nometeo
9,3.606621588194392,Shanghai,so2,nometeo
10,4.136416583910079,Shanghai,so2,nometeo
11,3.282335197140691,Shanghai,so2,nometeo
12,1.0175580787988654,Shanghai,so2,nometeo
13,2.397470469292473,Shanghai,so2,nometeo
14,3.0511751727991223,Shanghai,so2,nometeo
15,4.150726410788082,Shanghai,so2,nometeo
16,5.251152284676416,Shanghai,so2,nometeo
17,4.775545139297614,Shanghai,so2,nometeo
18,-0.23483119057981772,Shanghai,so2,nometeo
19,-1.769286112266527,Shanghai,so2,nometeo
20,-3.479291254309815,Shanghai,so2,nometeo
-21,1.3393091449761556,Shanghai,so2,meteo
-20,1.9044758968690851,Shanghai,so2,meteo
-19,-5.678000116875614,Shanghai,so2,meteo
-18,-3.928303644568402,Shanghai,so2,meteo
-17,0.48272465066890025,Shanghai,so2,meteo
-16,-1.4288293966972039,Shanghai,so2,meteo
-15,-4.703059043840317,Shanghai,so2,meteo
-14,-8.040610836116427,Shanghai,so2,meteo
-13,-4.806443458422925,Shanghai,so2,meteo
-12,-3.397660237218904,Shanghai,so2,meteo
-11,4.60327566793499,Shanghai,so2,meteo
-10,2.347578765728483,Shanghai,so2,meteo
-9,0.23942009278059295,Shanghai,so2,meteo
-8,-0.30637922404522255,Shanghai,so2,meteo
-7,2.2110016409624995,Shanghai,so2,meteo
-6,5.0962971177142915,Shanghai,so2,meteo
-5,7.892556093402441,Shanghai,so2,meteo
-4,3.7056835543533744,Shanghai,so2,meteo
-3,2.4669633323942026,Shanghai,so2,meteo
-2,1.4826440032119441,Shanghai,so2,meteo
-1,3.330647553422637,Shanghai,so2,meteo
0,3.477794245658406,Shanghai,so2,meteo
1,4.911434204588392,Shanghai,so2,meteo
2,2.2213646143342736,Shanghai,so2,meteo
3,3.1019253888475675,Shanghai,so2,meteo
4,4.4675083613111894,Shanghai,so2,meteo
5,4.176363937605652,Shanghai,so2,meteo
6,3.392748735804558,Shanghai,so2,meteo
7,4.2452403273050034,Shanghai,so2,meteo
8,3.4810744125239332,Shanghai,so2,meteo
9,2.8719345201014446,Shanghai,so2,meteo
10,3.8266291131092496,Shanghai,so2,meteo
11,3.9822671563358645,Shanghai,so2,meteo
12,2.712153663953348,Shanghai,so2,meteo
13,4.698703358716447,Shanghai,so2,meteo
14,5.8927397217796065,Shanghai,so2,meteo
15,4.916197433200904,Shanghai,so2,meteo
16,4.563310217417757,Shanghai,so2,meteo
17,4.541515423302414,Shanghai,so2,meteo
18,-1.675103899667075,Shanghai,so2,meteo
19,-2.5428080671962157,Shanghai,so2,meteo
20,-4.706130134193285,Shanghai,so2,meteo
-21,8.234878620219,Shanghai,no2,nometeo
-20,12.03317004427208,Shanghai,no2,nometeo
-19,-7.035246131078811,Shanghai,no2,nometeo
-18,-0.7256109913094875,Shanghai,no2,nometeo
-17,-18.02660634522422,Shanghai,no2,nometeo
-16,4.370745856732423,Shanghai,no2,nometeo
-15,-15.05701468176169,Shanghai,no2,nometeo
-14,-26.241281920271224,Shanghai,no2,nometeo
-13,-34.60622022219489,Shanghai,no2,nometeo
-12,-15.652973850606852,Shanghai,no2,nometeo
-11,13.992138145259691,Shanghai,no2,nometeo
-10,21.889245198567647,Shanghai,no2,nometeo
-9,-5.9062063887253835,Shanghai,no2,nometeo
-8,-18.676039798637564,Shanghai,no2,nometeo
-7,-3.0553665234476206,Shanghai,no2,nometeo
-6,2.959039272409452,Shanghai,no2,nometeo
-5,40.57864837385213,Shanghai,no2,nometeo
-4,18.514635094359022,Shanghai,no2,nometeo
-3,22.410066247586325,Shanghai,no2,nometeo
-2,1.7557477979523277,Shanghai,no2,nometeo
-1,3.2351966224007462,Shanghai,no2,nometeo
0,1.1774826710243502,Shanghai,no2,nometeo
1,-3.020845469128126,Shanghai,no2,nometeo
2,7.4275621675174115,Shanghai,no2,nometeo
3,11.791376777257055,Shanghai,no2,nometeo
4,10.177858379386196,Shanghai,no2,nometeo
5,9.861294277963374,Shanghai,no2,nometeo
6,9.769666487919565,Shanghai,no2,nometeo
7,11.885045048289902,Shanghai,no2,nometeo
8,11.108728380622122,Shanghai,no2,nometeo
9,7.6775918570916115,Shanghai,no2,nometeo
10,-1.307900373154947,Shanghai,no2,nometeo
11,3.9097105181261362,Shanghai,no2,nometeo
12,-2.9044883586498678,Shanghai,no2,nometeo
13,-11.076755393502165,Shanghai,no2,nometeo
14,-18.043732507772365,Shanghai,no2,nometeo
15,-2.39955374306372,Shanghai,no2,nometeo
16,0.4031936695832883,Shanghai,no2,nometeo
17,-6.405501416156778,Shanghai,no2,nometeo
18,-7.235859511611604,Shanghai,no2,nometeo
19,-24.82090166785311,Shanghai,no2,nometeo
20,-32.98731158558088,Shanghai,no2,nometeo
-21,22.21732503292111,Shanghai,no2,meteo
-20,19.12000084726744,Shanghai,no2,meteo
-19,-30.478908391795983,Shanghai,no2,meteo
-18,-54.27589861041271,Shanghai,no2,meteo
-17,19.154400105003585,Shanghai,no2,meteo
-16,-4.406889491186277,Shanghai,no2,meteo
-15,-34.80473464451465,Shanghai,no2,meteo
-14,-33.34207708527417,Shanghai,no2,meteo
-13,-26.57145841706459,Shanghai,no2,meteo
-12,-21.12689521451793,Shanghai,no2,meteo
-11,16.81670087756363,Shanghai,no2,meteo
-10,-5.683826039251869,Shanghai,no2,meteo
-9,-22.847284686524517,Shanghai,no2,meteo
-8,1.9234458811197257,Shanghai,no2,meteo
-7,-0.502403796518692,Shanghai,no2,meteo
-6,20.563486572749277,Shanghai,no2,meteo
-5,69.93624049171675,Shanghai,no2,meteo
-4,21.162804498408068,Shanghai,no2,meteo
-3,43.14597207031174,Shanghai,no2,meteo
-2,43.528150594188915,Shanghai,no2,meteo
-1,22.40997358824827,Shanghai,no2,meteo
0,51.91958263896747,Shanghai,no2,meteo
1,32.08862828232016,Shanghai,no2,meteo
2,10.703315966860607,Shanghai,no2,meteo
3,12.733047281436008,Shanghai,no2,meteo
4,-4.062713119683188,Shanghai,no2,meteo
5,-24.05001584841905,Shanghai,no2,meteo
6,-18.956856471150438,Shanghai,no2,meteo
7,9.788489302068612,Shanghai,no2,meteo
8,3.657327843771675,Shanghai,no2,meteo
9,20.182596119546687,Shanghai,no2,meteo
10,30.892048789967646,Shanghai,no2,meteo
11,46.02844920106942,Shanghai,no2,meteo
12,34.081976227049495,Shanghai,no2,meteo
13,59.5115344511301,Shanghai,no2,meteo
14,71.26812442997841,Shanghai,no2,meteo
15,50.85981281702404,Shanghai,no2,meteo
16,20.468935312650046,Shanghai,no2,meteo
17,-0.4142267555955925,Shanghai,no2,meteo
18,-25.445257695411698,Shanghai,no2,meteo
19,-40.02714461743234,Shanghai,no2,meteo
20,-51.39451166619634,Shanghai,no2,meteo
-21,-19.179065552424788,Shanghai,o3,nometeo
-20,10.611712468843159,Shanghai,o3,nometeo
-19,18.680011692279948,Shanghai,o3,nometeo
-18,-37.9743628198272,Shanghai,o3,nometeo
-17,7.773921877411659,Shanghai,o3,nometeo
-16,-18.350666910761365,Shanghai,o3,nometeo
-15,-5.937591119992028,Shanghai,o3,nometeo
-14,-9.370684749255865,Shanghai,o3,nometeo
-13,-15.783581414184454,Shanghai,o3,nometeo
-12,-14.747003430074738,Shanghai,o3,nometeo
-11,-8.279492738467567,Shanghai,o3,nometeo
-10,-2.7001388186012107,Shanghai,o3,nometeo
-9,-8.850623095189055,Shanghai,o3,nometeo
-8,20.08362552030617,Shanghai,o3,nometeo
-7,5.919444131976331,Shanghai,o3,nometeo
-6,31.82679732487803,Shanghai,o3,nometeo
-5,32.171420802129255,Shanghai,o3,nometeo
-4,37.295790114759114,Shanghai,o3,nometeo
-3,-23.189513283805326,Shanghai,o3,nometeo
-2,27.380538977074416,Shanghai,o3,nometeo
-1,18.53498780105697,Shanghai,o3,nometeo
0,12.951983632940397,Shanghai,o3,nometeo
1,8.108878037430951,Shanghai,o3,nometeo
2,10.894423226540496,Shanghai,o3,nometeo
3,-0.980350660046927,Shanghai,o3,nometeo
4,32.383761107894,Shanghai,o3,nometeo
5,34.07560318485102,Shanghai,o3,nometeo
6,36.05832669025325,Shanghai,o3,nometeo
7,26.51695846695914,Shanghai,o3,nometeo
8,18.580145429440513,Shanghai,o3,nometeo
9,20.847321196977376,Shanghai,o3,nometeo
10,34.05884152087323,Shanghai,o3,nometeo
11,21.88178447652109,Shanghai,o3,nometeo
12,1.3989432414557825,Shanghai,o3,nometeo
13,20.58590168170766,Shanghai,o3,nometeo
14,40.20990750758405,Shanghai,o3,nometeo
15,30.134282236050602,Shanghai,o3,nometeo
16,23.854221695921467,Shanghai,o3,nometeo
17,23.85309751294762,Shanghai,o3,nometeo
18,-7.312787416953004,Shanghai,o3,nometeo
19,-38.219354530468536,Shanghai,o3,nometeo
20,-19.225995594279375,Shanghai,o3,nometeo
-21,-17.377336233144288,Shanghai,o3,meteo
-20,30.973353386196948,Shanghai,o3,meteo
-19,53.61785329628894,Shanghai,o3,meteo
-18,-20.434659825990757,Shanghai,o3,meteo
-17,-26.826459502807516,Shanghai,o3,meteo
-16,-10.205577479265195,Shanghai,o3,meteo
-15,12.049285208219887,Shanghai,o3,meteo
-14,7.715502333539266,Shanghai,o3,meteo
-13,-23.4065615040994,Shanghai,o3,meteo
-12,-15.36554264340078,Shanghai,o3,meteo
-11,-19.42328049913282,Shanghai,o3,meteo
-10,11.205948272581175,Shanghai,o3,meteo
-9,-0.46099726670667396,Shanghai,o3,meteo
-8,-3.786386138908082,Shanghai,o3,meteo
-7,-25.496894522319558,Shanghai,o3,meteo
-6,-10.195648642709005,Shanghai,o3,meteo
-5,17.013016895635992,Shanghai,o3,meteo
-4,44.344816849628906,Shanghai,o3,meteo
-3,-3.9404319836070347,Shanghai,o3,meteo
-2,24.264869859912288,Shanghai,o3,meteo
-1,26.845375053454305,Shanghai,o3,meteo
0,5.044250726156877,Shanghai,o3,meteo
1,-0.4043242648480079,Shanghai,o3,meteo
2,-5.5475919942576475,Shanghai,o3,meteo
3,-27.116214792388764,Shanghai,o3,meteo
4,0.054692940000346635,Shanghai,o3,meteo
5,-2.1361570285105107,Shanghai,o3,meteo
6,6.3759124385819845,Shanghai,o3,meteo
7,-3.4839354915260903,Shanghai,o3,meteo
8,1.0560578573114294,Shanghai,o3,meteo
9,6.89253215328727,Shanghai,o3,meteo
10,-2.792465422988361,Shanghai,o3,meteo
11,-2.21453321262111,Shanghai,o3,meteo
12,-14.671221305087133,Shanghai,o3,meteo
13,-14.764226350619644,Shanghai,o3,meteo
14,3.956606668507312,Shanghai,o3,meteo
15,-12.90935893159024,Shanghai,o3,meteo
16,-9.195354945630715,Shanghai,o3,meteo
17,29.72793241008568,Shanghai,o3,meteo
18,8.26314353735781,Shanghai,o3,meteo
19,-30.277571306881214,Shanghai,o3,meteo
20,-6.212239883020885,Shanghai,o3,meteo
-21,-0.32866701852377606,Shanghai,co,nometeo
-20,-0.05972750862040305,Shanghai,co,nometeo
-19,-0.3095705512467712,Shanghai,co,nometeo
-18,0.11042668474842232,Shanghai,co,nometeo
-17,-0.1860868397357947,Shanghai,co,nometeo
-16,-0.28541959886468676,Shanghai,co,nometeo
-15,-0.3286721642833174,Shanghai,co,nometeo
-14,-0.47632312078434785,Shanghai,co,nometeo
-13,-0.08691800172248648,Shanghai,co,nometeo
-12,-0.07557097349795278,Shanghai,co,nometeo
-11,0.49608551673667495,Shanghai,co,nometeo
-10,0.20041674852360197,Shanghai,co,nometeo
-9,-0.06476992049093294,Shanghai,co,nometeo
-8,-0.1794706799184574,Shanghai,co,nometeo
-7,0.044912471881846106,Shanghai,co,nometeo
-6,0.22997747545718286,Shanghai,co,nometeo
-5,0.7059582333536482,Shanghai,co,nometeo
-4,0.12995605231770696,Shanghai,co,nometeo
-3,0.4634631946698436,Shanghai,co,nometeo
-2,-0.4862788618437967,Shanghai,co,nometeo
-1,-0.25566692634126403,Shanghai,co,nometeo
0,-0.11940489076580646,Shanghai,co,nometeo
1,-0.4346929965497139,Shanghai,co,nometeo
2,0.05481523546974654,Shanghai,co,nometeo
3,0.4621037782917636,Shanghai,co,nometeo
4,0.4000928631207726,Shanghai,co,nometeo
5,0.3789286062772906,Shanghai,co,nometeo
6,0.16791705946818203,Shanghai,co,nometeo
7,0.07021341585791929,Shanghai,co,nometeo
8,0.06512792398304873,Shanghai,co,nometeo
9,0.04024010489196711,Shanghai,co,nometeo
10,-0.04284357449417703,Shanghai,co,nometeo
11,-0.16698002084417712,Shanghai,co,nometeo
12,-0.12399980470134814,Shanghai,co,nometeo
13,-0.06548746233194108,Shanghai,co,nometeo
14,-0.17648753964547076,Shanghai,co,nometeo
15,-0.017237649686150436,Shanghai,co,nometeo
16,-0.04096784692794514,Shanghai,co,nometeo
17,-0.09030088700286926,Shanghai,co,nometeo
18,-0.11959903526684262,Shanghai,co,nometeo
19,-0.2927901401581085,Shanghai,co,nometeo
20,-0.36575664902405597,Shanghai,co,nometeo
-21,-0.2578956446717088,Shanghai,co,meteo
-20,-0.10865310927031469,Shanghai,co,meteo
-19,-0.705612258373187,Shanghai,co,meteo
-18,-0.46150476025479614,Shanghai,co,meteo
-17,0.34969423078864204,Shanghai,co,meteo
-16,-0.38573664711911304,Shanghai,co,meteo
-15,-0.5788043507535805,Shanghai,co,meteo
-14,-0.5747638155315364,Shanghai,co,meteo
-13,0.04553470279954197,Shanghai,co,meteo
-12,-0.08214920807445392,Shanghai,co,meteo
-11,0.576572173884625,Shanghai,co,meteo
-10,-0.1307077865686146,Shanghai,co,meteo
-9,-0.20479294212153465,Shanghai,co,meteo
-8,0.10531947286215426,Shanghai,co,meteo
-7,0.1903252346011895,Shanghai,co,meteo
-6,0.5691200764472981,Shanghai,co,meteo
-5,0.9804691897146031,Shanghai,co,meteo
-4,0.11818786927705738,Shanghai,co,meteo
-3,0.555397572363729,Shanghai,co,meteo
-2,-0.06571162749663184,Shanghai,co,meteo
-1,-0.06805996554205429,Shanghai,co,meteo
0,0.4590426176489032,Shanghai,co,meteo
1,0.05306643569262137,Shanghai,co,meteo
2,0.11830388344862808,Shanghai,co,meteo
3,0.5066858228098082,Shanghai,co,meteo
4,0.3082963015009413,Shanghai,co,meteo
5,0.14040527902882166,Shanghai,co,meteo
6,-0.05008992468163187,Shanghai,co,meteo
7,0.08765301059299085,Shanghai,co,meteo
8,-0.010538358074267729,Shanghai,co,meteo
9,0.1321051418443332,Shanghai,co,meteo
10,0.3156414297746669,Shanghai,co,meteo
11,0.2308167724221818,Shanghai,co,meteo
12,0.2807844201086181,Shanghai,co,meteo
13,0.6782082498600619,Shanghai,co,meteo
14,0.7617828301281798,Shanghai,co,meteo
15,0.5526225560704525,Shanghai,co,meteo
16,0.20318283426449857,Shanghai,co,meteo
17,-0.05825059391877985,Shanghai,co,meteo
18,-0.39604394265801146,Shanghai,co,meteo
19,-0.4711021979338932,Shanghai,co,meteo
20,-0.6174943959180568,Shanghai,co,meteo
-21,-37.90596540249227,Nanjing,pm2_5,nometeo
-20,29.624638905451818,Nanjing,pm2_5,nometeo
-19,-13.903628713148997,Nanjing,pm2_5,nometeo
-18,-47.1533769380221,Nanjing,pm2_5,nometeo
-17,-58.448376757672996,Nanjing,pm2_5,nometeo
-16,-61.52125248561715,Nanjing,pm2_5,nometeo
-15,-33.98676856568363,Nanjing,pm2_5,nometeo
-14,-42.39372458273427,Nanjing,pm2_5,nometeo
-13,19.94082565700294,Nanjing,pm2_5,nometeo
-12,17.432955201631653,Nanjing,pm2_5,nometeo
-11,40.774441565858126,Nanjing,pm2_5,nometeo
-10,52.71218213492976,Nanjing,pm2_5,nometeo
-9,-13.654853178895337,Nanjing,pm2_5,nometeo
-8,-24.193608285647624,Nanjing,pm2_5,nometeo
-7,-6.791757590098369,Nanjing,pm2_5,nometeo
-6,27.988641040749258,Nanjing,pm2_5,nometeo
-5,75.4322750051322,Nanjing,pm2_5,nometeo
-4,69.24975785081989,Nanjing,pm2_5,nometeo
-3,6.797595138437053,Nanjing,pm2_5,nometeo
-2,-48.983728236454034,Nanjing,pm2_5,nometeo
-1,-45.13865398110592,Nanjing,pm2_5,nometeo
0,-69.52820977345246,Nanjing,pm2_5,nometeo
1,-46.455351561775636,Nanjing,pm2_5,nometeo
2,1.0839388798555092,Nanjing,pm2_5,nometeo
3,59.34475083310799,Nanjing,pm2_5,nometeo
4,41.949291613728,Nanjing,pm2_5,nometeo
5,56.98248136035559,Nanjing,pm2_5,nometeo
6,47.51911926809712,Nanjing,pm2_5,nometeo
7,2.9792758912031236,Nanjing,pm2_5,nometeo
8,3.7561911831950106,Nanjing,pm2_5,nometeo
9,43.50747729108866,Nanjing,pm2_5,nometeo
10,12.988568368446728,Nanjing,pm2_5,nometeo
11,-5.587909714693906,Nanjing,pm2_5,nometeo
12,-0.5927090612940731,Nanjing,pm2_5,nometeo
13,4.893014858459848,Nanjing,pm2_5,nometeo
14,18.003242834293616,Nanjing,pm2_5,nometeo
15,-11.11672275375193,Nanjing,pm2_5,nometeo
16,-35.29311804642378,Nanjing,pm2_5,nometeo
17,-17.761062297784868,Nanjing,pm2_5,nometeo
18,-65.44612771340852,Nanjing,pm2_5,nometeo
19,-54.61587214618741,Nanjing,pm2_5,nometeo
20,-88.64207485148444,Nanjing,pm2_5,nometeo
-21,-43.40424427374545,Nanjing,pm2_5,meteo
-20,5.776610124891651,Nanjing,pm2_5,meteo
-19,-51.301784345209015,Nanjing,pm2_5,meteo
-18,-70.45138854771959,Nanjing,pm2_5,meteo
-17,-43.73270783710049,Nanjing,pm2_5,meteo
-16,-54.3705545413615,Nanjing,pm2_5,meteo
-15,-32.38209292120406,Nanjing,pm2_5,meteo
-14,-34.04474699152581,Nanjing,pm2_5,meteo
-13,33.5860573252604,Nanjing,pm2_5,meteo
-12,23.80841523051402,Nanjing,pm2_5,meteo
-11,44.79437935177732,Nanjing,pm2_5,meteo
-10,46.62374865139509,Nanjing,pm2_5,meteo
-9,-7.689916473539395,Nanjing,pm2_5,meteo
-8,-6.723132908354835,Nanjing,pm2_5,meteo
-7,1.508272605752186,Nanjing,pm2_5,meteo
-6,33.73842806293406,Nanjing,pm2_5,meteo
-5,70.36177606807134,Nanjing,pm2_5,meteo
-4,65.37923102179252,Nanjing,pm2_5,meteo
-3,18.52365039737153,Nanjing,pm2_5,meteo
-2,-33.84408796503929,Nanjing,pm2_5,meteo
-1,-41.014940469132,Nanjing,pm2_5,meteo
0,-52.48765720637752,Nanjing,pm2_5,meteo
1,-22.550763699893356,Nanjing,pm2_5,meteo
2,11.616917885061284,Nanjing,pm2_5,meteo
3,52.71795855515906,Nanjing,pm2_5,meteo
4,21.44744677270199,Nanjing,pm2_5,meteo
5,41.95732251963466,Nanjing,pm2_5,meteo
6,28.673361108344462,Nanjing,pm2_5,meteo
7,-8.220471182564815,Nanjing,pm2_5,meteo
8,-15.532984456298895,Nanjing,pm2_5,meteo
9,37.163374999956204,Nanjing,pm2_5,meteo
10,16.181418970980822,Nanjing,pm2_5,meteo
11,5.2309823154928985,Nanjing,pm2_5,meteo
12,15.776111696189677,Nanjing,pm2_5,meteo
13,33.210201351670456,Nanjing,pm2_5,meteo
14,48.002488079533435,Nanjing,pm2_5,meteo
15,-1.9493693413224555,Nanjing,pm2_5,meteo
16,-43.068458833310956,Nanjing,pm2_5,meteo
17,-36.13394801697484,Nanjing,pm2_5,meteo
18,-76.95151815390848,Nanjing,pm2_5,meteo
19,-64.78756606957397,Nanjing,pm2_5,meteo
20,-104.78321003081079,Nanjing,pm2_5,meteo
-21,-35.72121340068797,Nanjing,pm10,nometeo
-20,28.02311002707264,Nanjing,pm10,nometeo
-19,-36.75282152424101,Nanjing,pm10,nometeo
-18,-74.23400768550525,Nanjing,pm10,nometeo
-17,-74.59478390681659,Nanjing,pm10,nometeo
-16,-80.15558699741771,Nanjing,pm10,nometeo
-15,-51.53014379652924,Nanjing,pm10,nometeo
-14,-59.82107840267353,Nanjing,pm10,nometeo
-13,15.848295223707021,Nanjing,pm10,nometeo
-12,25.73836797198147,Nanjing,pm10,nometeo
-11,40.93877671007494,Nanjing,pm10,nometeo
-10,64.84629352133018,Nanjing,pm10,nometeo
-9,-18.737056220531358,Nanjing,pm10,nometeo
-8,-21.225250598345013,Nanjing,pm10,nometeo
-7,-9.625819575633436,Nanjing,pm10,nometeo
-6,42.9595057909672,Nanjing,pm10,nometeo
-5,116.44613364898544,Nanjing,pm10,nometeo
-4,102.38366386015971,Nanjing,pm10,nometeo
-3,25.21361535410255,Nanjing,pm10,nometeo
-2,-38.06183502918009,Nanjing,pm10,nometeo
-1,-52.45662995018956,Nanjing,pm10,nometeo
0,-74.47224298840288,Nanjing,pm10,nometeo
1,-43.94674720683738,Nanjing,pm10,nometeo
2,5.295333365139449,Nanjing,pm10,nometeo
3,78.28630393334741,Nanjing,pm10,nometeo
4,58.077613689050985,Nanjing,pm10,nometeo
5,76.96038180954676,Nanjing,pm10,nometeo
6,67.77431429627379,Nanjing,pm10,nometeo
7,14.446533984987852,Nanjing,pm10,nometeo
8,14.838644887805176,Nanjing,pm10,nometeo
9,65.57367577515382,Nanjing,pm10,nometeo
10,29.64369963465017,Nanjing,pm10,nometeo
11,4.738260683748138,Nanjing,pm10,nometeo
12,6.126294322127784,Nanjing,pm10,nometeo
13,15.519612764944604,Nanjing,pm10,nometeo
14,35.41194631226348,Nanjing,pm10,nometeo
15,-1.5328836043098981,Nanjing,pm10,nometeo
16,-26.690119867099014,Nanjing,pm10,nometeo
17,-8.24258621760466,Nanjing,pm10,nometeo
18,-69.47267509969811,Nanjing,pm10,nometeo
19,-71.87981966002789,Nanjing,pm10,nometeo
20,-101.79703767413119,Nanjing,pm10,nometeo
-21,-44.06372489906682,Nanjing,pm10,meteo
-20,10.99283226375438,Nanjing,pm10,meteo
-19,-83.59451203118283,Nanjing,pm10,meteo
-18,-110.59728822722477,Nanjing,pm10,meteo
-17,-48.089259056291844,Nanjing,pm10,meteo
-16,-74.91178033850898,Nanjing,pm10,meteo
-15,-44.812355997828156,Nanjing,pm10,meteo
-14,-41.29271653270968,Nanjing,pm10,meteo
-13,37.28364319313694,Nanjing,pm10,meteo
-12,32.07716497718896,Nanjing,pm10,meteo
-11,39.38459020272171,Nanjing,pm10,meteo
-10,45.96925006789329,Nanjing,pm10,meteo
-9,-4.712038003468415,Nanjing,pm10,meteo
-8,5.063558958965693,Nanjing,pm10,meteo
-7,-10.125646030234357,Nanjing,pm10,meteo
-6,40.91283257468808,Nanjing,pm10,meteo
-5,96.13886273230474,Nanjing,pm10,meteo
-4,97.96248492912497,Nanjing,pm10,meteo
-3,56.41410121673709,Nanjing,pm10,meteo
-2,-4.239153597862355,Nanjing,pm10,meteo
-1,-26.029579980934606,Nanjing,pm10,meteo
0,-23.194720445076577,Nanjing,pm10,meteo
1,8.643876191248829,Nanjing,pm10,meteo
2,11.641513951904635,Nanjing,pm10,meteo
3,61.746122466546225,Nanjing,pm10,meteo
4,15.603327707493882,Nanjing,pm10,meteo
5,37.367159665877324,Nanjing,pm10,meteo
6,22.92741748450915,Nanjing,pm10,meteo
7,-17.163880917717414,Nanjing,pm10,meteo
8,-34.12808488004507,Nanjing,pm10,meteo
9,49.36830298954847,Nanjing,pm10,meteo
10,30.168708263122156,Nanjing,pm10,meteo
11,28.055549156221772,Nanjing,pm10,meteo
12,44.640611142024106,Nanjing,pm10,meteo
13,77.12894503787177,Nanjing,pm10,meteo
14,102.7329956318658,Nanjing,pm10,meteo
15,16.75305856647789,Nanjing,pm10,meteo
16,-45.9937788195897,Nanjing,pm10,meteo
17,-32.9788567056711,Nanjing,pm10,meteo
18,-89.61089979882664,Nanjing,pm10,meteo
19,-83.88304004995905,Nanjing,pm10,meteo
20,-119.79111258036741,Nanjing,pm10,meteo
-21,3.086344472072001,Nanjing,so2,nometeo
-20,1.7418004069398538,Nanjing,so2,nometeo
-19,-0.7810155420423793,Nanjing,so2,nometeo
-18,-3.394487612812655,Nanjing,so2,nometeo
-17,-2.4412716132093832,Nanjing,so2,nometeo
-16,-2.4462956211592006,Nanjing,so2,nometeo
-15,-4.71509563500655,Nanjing,so2,nometeo
-14,-5.711863693363776,Nanjing,so2,nometeo
-13,-4.7802156697584355,Nanjing,so2,nometeo
-12,-3.2319916370893726,Nanjing,so2,nometeo
-11,0.5794324762986809,Nanjing,so2,nometeo
-10,2.7078484408067287,Nanjing,so2,nometeo
-9,0.32624839922654025,Nanjing,so2,nometeo
-8,-0.5773996100355484,Nanjing,so2,nometeo
-7,1.6055444131730776,Nanjing,so2,nometeo
-6,4.786664525058152,Nanjing,so2,nometeo
-5,7.313480562617663,Nanjing,so2,nometeo
-4,5.246952521693579,Nanjing,so2,nometeo
-3,0.6853204165910253,Nanjing,so2,nometeo
-2,2.452968468081832,Nanjing,so2,nometeo
-1,0.7553044021104436,Nanjing,so2,nometeo
0,-0.9000236044431976,Nanjing,so2,nometeo
1,-0.48827959283126476,Nanjing,so2,nometeo
2,2.59914448298203,Nanjing,so2,nometeo
3,3.754024479434366,Nanjing,so2,nometeo
4,4.859688523204199,Nanjing,so2,nometeo
5,6.165672567469956,Nanjing,so2,nometeo
6,5.34304855692613,Nanjing,so2,nometeo
7,3.0529044772599785,Nanjing,so2,nometeo
8,4.45194452322709,Nanjing,so2,nometeo
9,3.5835604784654334,Nanjing,so2,nometeo
10,4.2309524799607825,Nanjing,so2,nometeo
11,1.9486164357255658,Nanjing,so2,nometeo
12,-0.34735159978164265,Nanjing,so2,nometeo
13,2.2283284578965725,Nanjing,so2,nometeo
14,3.148936486384741,Nanjing,so2,nometeo
15,4.142248482425087,Nanjing,so2,nometeo
16,3.635048492457741,Nanjing,so2,nometeo
17,3.4166484815477025,Nanjing,so2,nometeo
18,0.1264084012101755,Nanjing,so2,nometeo
19,-2.081591613667141,Nanjing,so2,nometeo
20,-5.697175685703881,Nanjing,so2,nometeo
-21,3.2529459586044815,Nanjing,so2,meteo
-20,1.3313542863731047,Nanjing,so2,meteo
-19,-1.6849205559139253,Nanjing,so2,meteo
-18,-4.5832286981118235,Nanjing,so2,meteo
-17,-1.9030610955169223,Nanjing,so2,meteo
-16,-2.329343808352231,Nanjing,so2,meteo
-15,-4.37904809511617,Nanjing,so2,meteo
-14,-5.12489890514305,Nanjing,so2,meteo
-13,-4.3614396823077035,Nanjing,so2,meteo
-12,-3.0447078901141174,Nanjing,so2,meteo
-11,0.3029494221426865,Nanjing,so2,meteo
-10,2.144276897213492,Nanjing,so2,meteo
-9,0.5169787430958377,Nanjing,so2,meteo
-8,-0.21252240286745816,Nanjing,so2,meteo
-7,1.473160825043446,Nanjing,so2,meteo
-6,4.547923545476545,Nanjing,so2,meteo
-5,7.192176110107058,Nanjing,so2,meteo
-4,5.398908039877272,Nanjing,so2,meteo
-3,1.4624973055094792,Nanjing,so2,meteo
-2,3.5150426956897363,Nanjing,so2,meteo
-1,1.3625161684677725,Nanjing,so2,meteo
0,0.10252555969678157,Nanjing,so2,meteo
1,0.24079303372704142,Nanjing,so2,meteo
2,2.8632653528813794,Nanjing,so2,meteo
3,3.6025152323390355,Nanjing,so2,meteo
4,4.008099024115152,Nanjing,so2,meteo
5,5.284283475973515,Nanjing,so2,meteo
6,4.299923369609832,Nanjing,so2,meteo
7,2.5613963899094516,Nanjing,so2,meteo
8,3.654896281829175,Nanjing,so2,meteo
9,3.501639040615358,Nanjing,so2,meteo
10,4.431522859655267,Nanjing,so2,meteo
11,2.5623344466802753,Nanjing,so2,meteo
12,0.3172437482044741,Nanjing,so2,meteo
13,3.9716894865675556,Nanjing,so2,meteo
14,5.256914595044957,Nanjing,so2,meteo
15,4.685327058122038,Nanjing,so2,meteo
16,3.3696363850584636,Nanjing,so2,meteo
17,3.072664714866988,Nanjing,so2,meteo
18,-0.11860365298161901,Nanjing,so2,meteo
19,-2.2650521339378873,Nanjing,so2,meteo
20,-5.942548221136841,Nanjing,so2,meteo
-21,16.714563589862987,Nanjing,no2,nometeo
-20,15.596483571552497,Nanjing,no2,nometeo
-19,2.5669475370065395,Nanjing,no2,nometeo
-18,-16.59740489219276,Nanjing,no2,nometeo
-17,-22.808893035503168,Nanjing,no2,nometeo
-16,-2.6471004878957425,Nanjing,no2,nometeo
-15,-16.302812744365472,Nanjing,no2,nometeo
-14,-20.717725084453367,Nanjing,no2,nometeo
-13,-17.304412941508932,Nanjing,no2,nometeo
-12,-14.087356974712097,Nanjing,no2,nometeo
-11,-0.947708665996343,Nanjing,no2,nometeo
-10,24.333635771259424,Nanjing,no2,nometeo
-9,-6.617724857402535,Nanjing,no2,nometeo
-8,-17.361436799541313,Nanjing,no2,nometeo
-7,-1.3856605953176553,Nanjing,no2,nometeo
-6,4.690947405170665,Nanjing,no2,nometeo
-5,36.44208389686992,Nanjing,no2,nometeo
-4,29.384963866962604,Nanjing,no2,nometeo
-3,7.048611440204707,Nanjing,no2,nometeo
-2,0.672419426655031,Nanjing,no2,nometeo
-1,-1.0684126560170872,Nanjing,no2,nometeo
0,-4.321692708049601,Nanjing,no2,nometeo
1,-3.220348701549338,Nanjing,no2,nometeo
2,8.174051520160852,Nanjing,no2,nometeo
3,11.954019542774375,Nanjing,no2,nometeo
4,9.202563513263884,Nanjing,no2,nometeo
5,7.6192034366648365,Nanjing,no2,nometeo
6,11.094659568866948,Nanjing,no2,nometeo
7,-1.024380635600889,Nanjing,no2,nometeo
8,5.596867506183808,Nanjing,no2,nometeo
9,6.596259472736594,Nanjing,no2,nometeo
10,-1.5874846300466539,Nanjing,no2,nometeo
11,2.014147437519302,Nanjing,no2,nometeo
12,-5.972540688854026,Nanjing,no2,nometeo
13,-13.605853004375312,Nanjing,no2,nometeo
14,-2.6232926705129485,Nanjing,no2,nometeo
15,-2.11385260047511,Nanjing,no2,nometeo
16,-4.143612701946073,Nanjing,no2,nometeo
17,-4.717916701885023,Nanjing,no2,nometeo
18,-20.27548491843778,Nanjing,no2,nometeo
19,-25.663101039958786,Nanjing,no2,nometeo
20,-40.8894693535574,Nanjing,no2,nometeo
-21,13.78572386542697,Nanjing,no2,meteo
-20,-14.054548158274848,Nanjing,no2,meteo
-19,-44.828419442470214,Nanjing,no2,meteo
-18,-52.469923788016864,Nanjing,no2,meteo
-17,24.441522855119505,Nanjing,no2,meteo
-16,-15.75014215018119,Nanjing,no2,meteo
-15,-39.43482882244346,Nanjing,no2,meteo
-14,-21.8582969665842,Nanjing,no2,meteo
-13,-4.879707688628777,Nanjing,no2,meteo
-12,-6.5646678583879705,Nanjing,no2,meteo
-11,12.036161243533051,Nanjing,no2,meteo
-10,-8.039933096943926,Nanjing,no2,meteo
-9,-10.742053157973444,Nanjing,no2,meteo
-8,7.699423714252312,Nanjing,no2,meteo
-7,15.495194106029313,Nanjing,no2,meteo
-6,34.851865418130664,Nanjing,no2,meteo
-5,42.268338197981954,Nanjing,no2,meteo
-4,23.01997961052519,Nanjing,no2,meteo
-3,45.024312118906074,Nanjing,no2,meteo
-2,36.469051406591554,Nanjing,no2,meteo
-1,24.165675760336946,Nanjing,no2,meteo
0,61.09543321505418,Nanjing,no2,meteo
1,59.88409147883945,Nanjing,no2,meteo
2,19.513265517713915,Nanjing,no2,meteo
3,11.176538115477989,Nanjing,no2,meteo
4,-5.567223142390617,Nanjing,no2,meteo
5,-14.930137871230329,Nanjing,no2,meteo
6,-10.761022151854625,Nanjing,no2,meteo
7,2.7444827158279423,Nanjing,no2,meteo
8,-2.3899600931582157,Nanjing,no2,meteo
9,19.327703861629494,Nanjing,no2,meteo
10,16.83567729539881,Nanjing,no2,meteo
11,19.375573207863958,Nanjing,no2,meteo
12,12.510871160840914,Nanjing,no2,meteo
13,49.27901069416196,Nanjing,no2,meteo
14,65.62015788117583,Nanjing,no2,meteo
15,35.83981982744692,Nanjing,no2,meteo
16,1.8197940775214434,Nanjing,no2,meteo
17,-17.871060367978387,Nanjing,no2,meteo
18,-45.04431328961173,Nanjing,no2,meteo
19,-55.97636846432719,Nanjing,no2,meteo
20,-75.88440054477599,Nanjing,no2,meteo
-21,-2.3465099619443004,Nanjing,o3,nometeo
-20,14.010567119513237,Nanjing,o3,nometeo
-19,-22.165762342075553,Nanjing,o3,nometeo
-18,-42.07825472370201,Nanjing,o3,nometeo
-17,31.31901425827664,Nanjing,o3,nometeo
-16,-6.9042041099349705,Nanjing,o3,nometeo
-15,-21.02669743250899,Nanjing,o3,nometeo
-14,-24.037112162241865,Nanjing,o3,nometeo
-13,-14.165426614375189,Nanjing,o3,nometeo
-12,-43.9042257894495,Nanjing,o3,nometeo
-11,0.5743069475079015,Nanjing,o3,nometeo
-10,-10.615846209599901,Nanjing,o3,nometeo
-9,-11.603655586880809,Nanjing,o3,nometeo
-8,19.8062057328909,Nanjing,o3,nometeo
-7,9.91324855621313,Nanjing,o3,nometeo
-6,61.91763079782039,Nanjing,o3,nometeo
-5,47.41261520963348,Nanjing,o3,nometeo
-4,6.531686019963735,Nanjing,o3,nometeo
-3,7.362420290893664,Nanjing,o3,nometeo
-2,21.12824230097965,Nanjing,o3,nometeo
-1,-4.231428779643253,Nanjing,o3,nometeo
0,3.8647603134326607,Nanjing,o3,nometeo
1,25.335269441195408,Nanjing,o3,nometeo
2,7.053420211900751,Nanjing,o3,nometeo
3,8.451740773242728,Nanjing,o3,nometeo
4,38.7272584289028,Nanjing,o3,nometeo
5,48.087247934815,Nanjing,o3,nometeo
6,48.69814484409679,Nanjing,o3,nometeo
7,64.19965501061304,Nanjing,o3,nometeo
8,42.24988654852859,Nanjing,o3,nometeo
9,36.036768082423734,Nanjing,o3,nometeo
10,68.0840780377842,Nanjing,o3,nometeo
11,23.352499837911065,Nanjing,o3,nometeo
12,8.071536603861738,Nanjing,o3,nometeo
13,22.52140086837498,Nanjing,o3,nometeo
14,21.457986489170263,Nanjing,o3,nometeo
15,31.98312467672388,Nanjing,o3,nometeo
16,30.146271577998885,Nanjing,o3,nometeo
17,1.4626837211667558,Nanjing,o3,nometeo
18,17.66937695924011,Nanjing,o3,nometeo
19,-49.76728495151455,Nanjing,o3,nometeo
20,-95.80269739106215,Nanjing,o3,nometeo
-21,0.7051704576992179,Nanjing,o3,meteo
-20,37.322929162705364,Nanjing,o3,meteo
-19,24.93149612946668,Nanjing,o3,meteo
-18,-14.291871138538166,Nanjing,o3,meteo
-17,4.226113383593525,Nanjing,o3,meteo
-16,13.718111189310804,Nanjing,o3,meteo
-15,-4.340735867445755,Nanjing,o3,meteo
-14,-11.46017370849329,Nanjing,o3,meteo
-13,-18.709854847126493,Nanjing,o3,meteo
-12,-38.71726159460432,Nanjing,o3,meteo
-11,-15.870059605941728,Nanjing,o3,meteo
-10,9.973956531006404,Nanjing,o3,meteo
-9,-6.8593376823045755,Nanjing,o3,meteo
-8,-16.15376780449836,Nanjing,o3,meteo
-7,-19.430547766053024,Nanjing,o3,meteo
-6,18.51838186123136,Nanjing,o3,meteo
-5,29.581371889593676,Nanjing,o3,meteo
-4,20.58873356906824,Nanjing,o3,meteo
-3,-13.732654158669575,Nanjing,o3,meteo
-2,2.48670300846128,Nanjing,o3,meteo
-1,-3.3660483027346366,Nanjing,o3,meteo
0,-5.865507631668368,Nanjing,o3,meteo
1,17.29570112247537,Nanjing,o3,meteo
2,-21.616942408886636,Nanjing,o3,meteo
3,-30.927711726740483,Nanjing,o3,meteo
4,7.198184741619119,Nanjing,o3,meteo
5,18.490547346073555,Nanjing,o3,meteo
6,30.388506085083932,Nanjing,o3,meteo
7,31.161253594838776,Nanjing,o3,meteo
8,29.3497191847423,Nanjing,o3,meteo
9,12.61039172701431,Nanjing,o3,meteo
10,25.58457459094066,Nanjing,o3,meteo
11,-6.2734723767997815,Nanjing,o3,meteo
12,-15.870670028287057,Nanjing,o3,meteo
13,-36.76136256814166,Nanjing,o3,meteo
14,-33.30783896447751,Nanjing,o3,meteo
15,-27.380395306649646,Nanjing,o3,meteo
16,-3.876590354062145,Nanjing,o3,meteo
17,5.356284598450873,Nanjing,o3,meteo
18,6.484200343719706,Nanjing,o3,meteo
19,-52.09110041148666,Nanjing,o3,meteo
20,-79.70845758447362,Nanjing,o3,meteo
-21,-0.35726079859808896,Nanjing,co,nometeo
-20,0.1557183981697178,Nanjing,co,nometeo
-19,-0.04995199888304685,Nanjing,co,nometeo
-18,0.3367071964542485,Nanjing,co,nometeo
-17,-0.35352959441260273,Nanjing,co,nometeo
-16,-0.38254718774870833,Nanjing,co,nometeo
-15,-0.356710391789236,Nanjing,co,nometeo
-14,-0.32120959203795363,Nanjing,co,nometeo
-13,0.07791999752923212,Nanjing,co,nometeo
-12,0.25411199223443204,Nanjing,co,nometeo
-11,0.21299838904305557,Nanjing,co,nometeo
-10,0.38604479294701616,Nanjing,co,nometeo
-9,-0.09682559530333497,Nanjing,co,nometeo
-8,-0.1253439966495416,Nanjing,co,nometeo
-7,-0.1706495962436578,Nanjing,co,nometeo
-6,0.049401596936426706,Nanjing,co,nometeo
-5,0.5039999933378329,Nanjing,co,nometeo
-4,0.30914879433556586,Nanjing,co,nometeo
-3,-0.07202239932135657,Nanjing,co,nometeo
-2,-0.714153580876148,Nanjing,co,nometeo
-1,-0.6609439852531331,Nanjing,co,nometeo
0,-0.6280671865947607,Nanjing,co,nometeo
1,-0.5730879897172819,Nanjing,co,nometeo
2,0.023721598862847526,Nanjing,co,nometeo
3,0.3553983901850804,Nanjing,co,nometeo
4,0.32590079137250005,Nanjing,co,nometeo
5,0.5076799922077287,Nanjing,co,nometeo
6,0.2907807900516616,Nanjing,co,nometeo
7,-0.14734079593733762,Nanjing,co,nometeo
8,-0.040252797804630897,Nanjing,co,nometeo
9,0.13299840049668452,Nanjing,co,nometeo
10,-0.06403199640349325,Nanjing,co,nometeo
11,-0.11394879807547485,Nanjing,co,nometeo
12,-0.0869375952060599,Nanjing,co,nometeo
13,-0.13093759437159547,Nanjing,co,nometeo
14,-0.0963935991247076,Nanjing,co,nometeo
15,-0.06760959877089436,Nanjing,co,nometeo
16,-0.21502399321631396,Nanjing,co,nometeo
17,-0.045327999010838796,Nanjing,co,nometeo
18,-0.2296095993335624,Nanjing,co,nometeo
19,-0.35588159270361874,Nanjing,co,nometeo
20,-0.40557118903235345,Nanjing,co,nometeo
-21,-0.4058614821934628,Nanjing,co,meteo
-20,-0.43237249353342316,Nanjing,co,meteo
-19,-0.9110099216981018,Nanjing,co,meteo
-18,-0.19598877022388145,Nanjing,co,meteo
-17,0.30113725486846105,Nanjing,co,meteo
-16,-0.4832044518933251,Nanjing,co,meteo
-15,-0.6701953253979938,Nanjing,co,meteo
-14,-0.4461014560770345,Nanjing,co,meteo
-13,0.2159760054382741,Nanjing,co,meteo
-12,0.3496807647904733,Nanjing,co,meteo
-11,0.4444612493019384,Nanjing,co,meteo
-10,0.07536979642472832,Nanjing,co,meteo
-9,-0.2128032753969734,Nanjing,co,meteo
-8,0.29365609209582194,Nanjing,co,meteo
-7,0.2317769338356622,Nanjing,co,meteo
-6,0.6440556591798248,Nanjing,co,meteo
-5,0.7362601520562033,Nanjing,co,meteo
-4,0.2572096929092506,Nanjing,co,meteo
-3,0.2079535755135578,Nanjing,co,meteo
-2,-0.2975255452252175,Nanjing,co,meteo
-1,-0.5560760242309346,Nanjing,co,meteo
0,-0.03935317981028055,Nanjing,co,meteo
1,0.1005009769138232,Nanjing,co,meteo
2,0.2899512379445374,Nanjing,co,meteo
3,0.4612032033579501,Nanjing,co,meteo
4,0.34767085768413114,Nanjing,co,meteo
5,0.5100848854381472,Nanjing,co,meteo
6,0.2726792372281855,Nanjing,co,meteo
7,0.19515065516991362,Nanjing,co,meteo
8,0.1425595003935343,Nanjing,co,meteo
9,0.44113259391782633,Nanjing,co,meteo
10,0.39277150694792723,Nanjing,co,meteo
11,0.16637484995331414,Nanjing,co,meteo
12,0.11930122998037201,Nanjing,co,meteo
13,0.5966376921988685,Nanjing,co,meteo
14,0.6660519694901861,Nanjing,co,meteo
15,0.4538151957817512,Nanjing,co,meteo
16,0.02575133429762841,Nanjing,co,meteo
17,-0.24004482755860895,Nanjing,co,meteo
18,-0.45838428338233833,Nanjing,co,meteo
19,-0.7493164459766919,Nanjing,co,meteo
20,-0.9726853902283374,Nanjing,co,meteo
-21,29.36858740947026,Beijing,pm2_5,nometeo
-20,27.249867122846247,Beijing,pm2_5,nometeo
-19,43.04734301315241,Beijing,pm2_5,nometeo
-18,-46.32726116152413,Beijing,pm2_5,nometeo
-17,-15.010652037264293,Beijing,pm2_5,nometeo
-16,32.17689475828413,Beijing,pm2_5,nometeo
-15,4.211693740179612,Beijing,pm2_5,nometeo
-14,-10.567971455676357,Beijing,pm2_5,nometeo
-13,-12.149945939773097,Beijing,pm2_5,nometeo
-12,-55.37033057969495,Beijing,pm2_5,nometeo
-11,4.423109446859932,Beijing,pm2_5,nometeo
-10,12.310372057926877,Beijing,pm2_5,nometeo
-9,-11.828847213039474,Beijing,pm2_5,nometeo
-8,28.36618798821197,Beijing,pm2_5,nometeo
-7,16.252985637206677,Beijing,pm2_5,nometeo
-6,-12.197508415148068,Beijing,pm2_5,nometeo
-5,-7.3483138213938695,Beijing,pm2_5,nometeo
-4,7.6687600252803705,Beijing,pm2_5,nometeo
-3,-34.274970575904355,Beijing,pm2_5,nometeo
-2,6.147776014670804,Beijing,pm2_5,nometeo
-1,17.527759503727523,Beijing,pm2_5,nometeo
0,21.450946039452596,Beijing,pm2_5,nometeo
1,78.32909809890626,Beijing,pm2_5,nometeo
2,156.5141165250843,Beijing,pm2_5,nometeo
3,128.22938512231178,Beijing,pm2_5,nometeo
4,35.19183999826449,Beijing,pm2_5,nometeo
5,12.77266420970578,Beijing,pm2_5,nometeo
6,13.478066928026166,Beijing,pm2_5,nometeo
7,-29.91457179285213,Beijing,pm2_5,nometeo
8,-0.5487259953042525,Beijing,pm2_5,nometeo
9,-33.43152319956098,Beijing,pm2_5,nometeo
10,-8.587026516345816,Beijing,pm2_5,nometeo
11,10.838635505360926,Beijing,pm2_5,nometeo
12,47.36335107606458,Beijing,pm2_5,nometeo
13,36.02269799985984,Beijing,pm2_5,nometeo
14,-47.81845367153921,Beijing,pm2_5,nometeo
15,7.828746416884648,Beijing,pm2_5,nometeo
16,31.500912736421036,Beijing,pm2_5,nometeo
17,42.276548032335434,Beijing,pm2_5,nometeo
18,42.70530055536904,Beijing,pm2_5,nometeo
19,39.85471375031178,Beijing,pm2_5,nometeo
20,-24.279882854890577,Beijing,pm2_5,nometeo
-21,12.03944847580778,Beijing,pm2_5,meteo
-20,23.910346902205905,Beijing,pm2_5,meteo
-19,-5.324638970787781,Beijing,pm2_5,meteo
-18,-15.807225718611072,Beijing,pm2_5,meteo
-17,1.718699372758003,Beijing,pm2_5,meteo
-16,-0.492163184386186,Beijing,pm2_5,meteo
-15,2.596507659759588,Beijing,pm2_5,meteo
-14,4.512967773113218,Beijing,pm2_5,meteo
-13,-18.52867691727458,Beijing,pm2_5,meteo
-12,-7.676559472890567,Beijing,pm2_5,meteo
-11,-27.40442492500531,Beijing,pm2_5,meteo
-10,-10.461713055525188,Beijing,pm2_5,meteo
-9,11.07949804086973,Beijing,pm2_5,meteo
-8,14.589449641738062,Beijing,pm2_5,meteo
-7,5.685531614407683,Beijing,pm2_5,meteo
-6,-31.804759513983846,Beijing,pm2_5,meteo
-5,-7.672111371555459,Beijing,pm2_5,meteo
-4,21.521137935541883,Beijing,pm2_5,meteo
-3,27.51868571381818,Beijing,pm2_5,meteo
-2,28.31696281155602,Beijing,pm2_5,meteo
-1,90.62997150628479,Beijing,pm2_5,meteo
0,98.46264728296617,Beijing,pm2_5,meteo
1,141.22443871284105,Beijing,pm2_5,meteo
2,124.02537633168834,Beijing,pm2_5,meteo
3,116.74621356186154,Beijing,pm2_5,meteo
4,17.256168967126854,Beijing,pm2_5,meteo
5,15.510578046690743,Beijing,pm2_5,meteo
6,24.390058764423756,Beijing,pm2_5,meteo
7,22.795561742355183,Beijing,pm2_5,meteo
8,8.136041115375107,Beijing,pm2_5,meteo
9,29.766905138182516,Beijing,pm2_5,meteo
10,38.66050148622587,Beijing,pm2_5,meteo
11,27.113884829604068,Beijing,pm2_5,meteo
12,36.71449523854089,Beijing,pm2_5,meteo
13,60.96915424060984,Beijing,pm2_5,meteo
14,38.607315711445445,Beijing,pm2_5,meteo
15,13.935209569093853,Beijing,pm2_5,meteo
16,32.08982889711331,Beijing,pm2_5,meteo
17,38.08215151277926,Beijing,pm2_5,meteo
18,3.3179869018136543,Beijing,pm2_5,meteo
19,-8.57727669830944,Beijing,pm2_5,meteo
20,-50.9807140519789,Beijing,pm2_5,meteo
-21,22.466614572270622,Beijing,pm10,nometeo
-20,29.265210638615486,Beijing,pm10,nometeo
-19,45.20724201438007,Beijing,pm10,nometeo
-18,-57.7413783444359,Beijing,pm10,nometeo
-17,-15.131288566160212,Beijing,pm10,nometeo
-16,40.76926443741023,Beijing,pm10,nometeo
-15,-5.92305761980991,Beijing,pm10,nometeo
-14,-20.544494806096374,Beijing,pm10,nometeo
-13,-14.416291140477608,Beijing,pm10,nometeo
-12,-58.78369921413052,Beijing,pm10,nometeo
-11,9.079098936236562,Beijing,pm10,nometeo
-10,23.179116193656554,Beijing,pm10,nometeo
-9,-26.198809389518942,Beijing,pm10,nometeo
-8,35.760608404969744,Beijing,pm10,nometeo
-7,22.825023604336472,Beijing,pm10,nometeo
-6,-0.645080479288147,Beijing,pm10,nometeo
-5,1.991921817203142,Beijing,pm10,nometeo
-4,3.401321272823907,Beijing,pm10,nometeo
-3,-34.56132233198518,Beijing,pm10,nometeo
-2,-60.71275870135095,Beijing,pm10,nometeo
-1,-7.333135806366069,Beijing,pm10,nometeo
0,-31.56079169353567,Beijing,pm10,nometeo
1,70.09456692215812,Beijing,pm10,nometeo
2,182.63499417299005,Beijing,pm10,nometeo
3,148.81484237879317,Beijing,pm10,nometeo
4,51.51894918321692,Beijing,pm10,nometeo
5,24.80308919735524,Beijing,pm10,nometeo
6,25.194246456407967,Beijing,pm10,nometeo
7,-24.079045174919813,Beijing,pm10,nometeo
8,4.120141048380262,Beijing,pm10,nometeo
9,-17.925319455133398,Beijing,pm10,nometeo
10,-1.1336792883006126,Beijing,pm10,nometeo
11,26.449080745759673,Beijing,pm10,nometeo
12,80.1300975426907,Beijing,pm10,nometeo
13,65.06926598739385,Beijing,pm10,nometeo
14,-47.320771536405196,Beijing,pm10,nometeo
15,17.10071755215686,Beijing,pm10,nometeo
16,54.0824540909755,Beijing,pm10,nometeo
17,57.292943224121274,Beijing,pm10,nometeo
18,54.63593751580096,Beijing,pm10,nometeo
19,58.5390465482284,Beijing,pm10,nometeo
20,-11.356510392619334,Beijing,pm10,nometeo
-21,-3.3564450430464774,Beijing,pm10,meteo
-20,29.325877710992334,Beijing,pm10,meteo
-19,-5.929830269841247,Beijing,pm10,meteo
-18,-27.14091322487633,Beijing,pm10,meteo
-17,2.5979618243523532,Beijing,pm10,meteo
-16,3.3185260385913082,Beijing,pm10,meteo
-15,-5.245029649078674,Beijing,pm10,meteo
-14,5.723558878215378,Beijing,pm10,meteo
-13,-19.43260085610396,Beijing,pm10,meteo
-12,-8.825264732913027,Beijing,pm10,meteo
-11,-30.270474454007896,Beijing,pm10,meteo
-10,-6.684791378646715,Beijing,pm10,meteo
-9,4.1079979046903645,Beijing,pm10,meteo
-8,22.037350932013382,Beijing,pm10,meteo
-7,9.311461708761232,Beijing,pm10,meteo
-6,-32.267969443715046,Beijing,pm10,meteo
-5,-3.9581662516539353,Beijing,pm10,meteo
-4,25.401355518181123,Beijing,pm10,meteo
-3,41.287394788085905,Beijing,pm10,meteo
-2,-27.811303853447995,Beijing,pm10,meteo
-1,87.18525223883363,Beijing,pm10,meteo
0,68.25894876585835,Beijing,pm10,meteo
1,148.6020374107232,Beijing,pm10,meteo
2,137.98108243163782,Beijing,pm10,meteo
3,127.25495106508012,Beijing,pm10,meteo
4,19.821085312094816,Beijing,pm10,meteo
5,16.444929390141745,Beijing,pm10,meteo
6,26.039951860031685,Beijing,pm10,meteo
7,24.098770526430908,Beijing,pm10,meteo
8,1.287390031118619,Beijing,pm10,meteo
9,43.086897027240525,Beijing,pm10,meteo
10,51.59146061959619,Beijing,pm10,meteo
11,49.63547989266159,Beijing,pm10,meteo
12,75.19712701112147,Beijing,pm10,meteo
13,97.62650919899157,Beijing,pm10,meteo
14,56.755401406643195,Beijing,pm10,meteo
15,19.718123659790606,Beijing,pm10,meteo
16,44.52228173534187,Beijing,pm10,meteo
17,43.549033193982076,Beijing,pm10,meteo
18,-0.9406651170353086,Beijing,pm10,meteo
19,-4.93271303883062,Beijing,pm10,meteo
20,-43.67670026400714,Beijing,pm10,meteo
-21,12.994238939987213,Beijing,so2,nometeo
-20,-3.9544013602647032,Beijing,so2,nometeo
-19,-10.63485685642181,Beijing,so2,nometeo
-18,-9.883090686316265,Beijing,so2,nometeo
-17,-1.3960997903700072,Beijing,so2,nometeo
-16,6.569032668830343,Beijing,so2,nometeo
-15,-3.4708567518697473,Beijing,so2,nometeo
-14,-4.306081384690468,Beijing,so2,nometeo
-13,-3.9159890610351598,Beijing,so2,nometeo
-12,-6.3341429419613915,Beijing,so2,nometeo
-11,5.272281872805696,Beijing,so2,nometeo
-10,5.530521881512005,Beijing,so2,nometeo
-9,0.6149771708245151,Beijing,so2,nometeo
-8,5.467395732437173,Beijing,so2,nometeo
-7,-4.736924458696726,Beijing,so2,nometeo
-6,2.507457202248838,Beijing,so2,nometeo
-5,1.9171064240652425,Beijing,so2,nometeo
-4,2.3331064245934408,Beijing,so2,nometeo
-3,5.426324974321827,Beijing,so2,nometeo
-2,8.445598835370607,Beijing,so2,nometeo
-1,4.082927991307215,Beijing,so2,nometeo
0,7.43622036916063,Beijing,so2,nometeo
1,3.851358767961961,Beijing,so2,nometeo
2,10.872441957310041,Beijing,so2,nometeo
3,4.710435701133177,Beijing,so2,nometeo
4,5.368749546782302,Beijing,so2,nometeo
5,2.205771041779775,Beijing,so2,nometeo
6,0.09330329293238204,Beijing,so2,nometeo
7,-0.43337974830273307,Beijing,so2,nometeo
8,-1.2870536281608844,Beijing,so2,nometeo
9,1.6587679638472657,Beijing,so2,nometeo
10,4.876417248342091,Beijing,so2,nometeo
11,3.001734139880296,Beijing,so2,nometeo
12,-1.688518248501663,Beijing,so2,nometeo
13,-3.04331211036033,Beijing,so2,nometeo
14,0.3236171605893938,Beijing,so2,nometeo
15,1.3350879612825999,Beijing,so2,nometeo
16,-3.9371213791503665,Beijing,so2,nometeo
17,-1.658573627268848,Beijing,so2,nometeo
18,-7.21580451669193,Beijing,so2,nometeo
19,-4.033613672053373,Beijing,so2,nometeo
20,-5.9644444870311775,Beijing,so2,nometeo
-21,11.311645745785022,Beijing,so2,meteo
-20,-4.387452085235455,Beijing,so2,meteo
-19,-10.518255860883727,Beijing,so2,meteo
-18,-9.55731047777116,Beijing,so2,meteo
-17,-2.488350915377503,Beijing,so2,meteo
-16,6.866935828579793,Beijing,so2,meteo
-15,-3.309215710027078,Beijing,so2,meteo
-14,-4.052698341470081,Beijing,so2,meteo
-13,-3.1101488521481144,Beijing,so2,meteo
-12,-4.241183673712999,Beijing,so2,meteo
-11,6.105916940530635,Beijing,so2,meteo
-10,5.65446015894749,Beijing,so2,meteo
-9,-0.5099458335592653,Beijing,so2,meteo
-8,6.129178661307255,Beijing,so2,meteo
-7,-4.161447544470481,Beijing,so2,meteo
-6,2.0121457338651054,Beijing,so2,meteo
-5,1.2683359001387817,Beijing,so2,meteo
-4,2.6910714366448225,Beijing,so2,meteo
-3,4.296318888856974,Beijing,so2,meteo
-2,7.342329102129977,Beijing,so2,meteo
-1,2.5289556469817747,Beijing,so2,meteo
0,4.92584739926868,Beijing,so2,meteo
1,1.922949446888767,Beijing,so2,meteo
2,9.390799084278045,Beijing,so2,meteo
3,3.7224828491311888,Beijing,so2,meteo
4,5.360465157549944,Beijing,so2,meteo
5,1.453296441454584,Beijing,so2,meteo
6,-0.23994376326283273,Beijing,so2,meteo
7,-0.08418113613735656,Beijing,so2,meteo
8,-0.8161513748323328,Beijing,so2,meteo
9,1.7191314104054651,Beijing,so2,meteo
10,4.3097115890492566,Beijing,so2,meteo
11,3.076220621596451,Beijing,so2,meteo
12,-1.824612443459916,Beijing,so2,meteo
13,-5.2903226560817656,Beijing,so2,meteo
14,-0.5583222906559167,Beijing,so2,meteo
15,2.239892608753709,Beijing,so2,meteo
16,-2.644351339907984,Beijing,so2,meteo
17,-1.2771739237701478,Beijing,so2,meteo
18,-6.418144354290361,Beijing,so2,meteo
19,-2.301185949679727,Beijing,so2,meteo
20,-3.246167395847828,Beijing,so2,meteo
-21,31.049570104690122,Beijing,no2,nometeo
-20,7.25556355162703,Beijing,no2,nometeo
-19,-10.14633228765333,Beijing,no2,nometeo
-18,-38.328572695391664,Beijing,no2,nometeo
-17,-2.3955135847206916,Beijing,no2,nometeo
-16,22.732782224511535,Beijing,no2,nometeo
-15,-3.443488973995974,Beijing,no2,nometeo
-14,-5.791058239097425,Beijing,no2,nometeo
-13,-9.861630573621856,Beijing,no2,nometeo
-12,-32.01937856169166,Beijing,no2,nometeo
-11,8.161102069036204,Beijing,no2,nometeo
-10,12.026775937068763,Beijing,no2,nometeo
-9,0.2721541416491826,Beijing,no2,nometeo
-8,20.89609306376852,Beijing,no2,nometeo
-7,-10.537446074321146,Beijing,no2,nometeo
-6,5.699415861807821,Beijing,no2,nometeo
-5,3.4009911196225895,Beijing,no2,nometeo
-4,3.315440374465501,Beijing,no2,nometeo
-3,-2.2864674577535267,Beijing,no2,nometeo
-2,12.399218983990774,Beijing,no2,nometeo
-1,-4.213285899291244,Beijing,no2,nometeo
0,-1.1559195787252463,Beijing,no2,nometeo
1,9.593840482802914,Beijing,no2,nometeo
2,19.68512684652195,Beijing,no2,nometeo
3,8.459243501930434,Beijing,no2,nometeo
4,3.5331265312812947,Beijing,no2,nometeo
5,-1.5396366045994347,Beijing,no2,nometeo
6,-1.373224291460911,Beijing,no2,nometeo
7,-11.671858312809132,Beijing,no2,nometeo
8,-11.275759865332276,Beijing,no2,nometeo
9,-14.755341411176637,Beijing,no2,nometeo
10,-2.5429597297051236,Beijing,no2,nometeo
11,-3.144141225606243,Beijing,no2,nometeo
12,-9.88612289633803,Beijing,no2,nometeo
13,-19.7048799599836,Beijing,no2,nometeo
14,-12.689187597711793,Beijing,no2,nometeo
15,-2.302381271887455,Beijing,no2,nometeo
16,-12.737839853899931,Beijing,no2,nometeo
17,-20.47374168331132,Beijing,no2,nometeo
18,-29.463821793714562,Beijing,no2,nometeo
19,-14.653458381356241,Beijing,no2,nometeo
20,-34.63065249762599,Beijing,no2,nometeo
-21,19.685194971298966,Beijing,no2,meteo
-20,22.367425921998638,Beijing,no2,meteo
-19,-3.218134479395591,Beijing,no2,meteo
-18,-21.68808886704978,Beijing,no2,meteo
-17,-3.102622042060627,Beijing,no2,meteo
-16,8.57112869555262,Beijing,no2,meteo
-15,-1.5486018525173861,Beijing,no2,meteo
-14,1.3847235935269495,Beijing,no2,meteo
-13,-14.39202401801262,Beijing,no2,meteo
-12,-27.79053990017207,Beijing,no2,meteo
-11,-13.044734340018174,Beijing,no2,meteo
-10,-2.730934206565159,Beijing,no2,meteo
-9,4.559321834302505,Beijing,no2,meteo
-8,19.946921405290244,Beijing,no2,meteo
-7,-11.561862485142921,Beijing,no2,meteo
-6,-14.718465330323731,Beijing,no2,meteo
-5,-0.7046950193628163,Beijing,no2,meteo
-4,17.867654772594225,Beijing,no2,meteo
-3,20.118331346056806,Beijing,no2,meteo
-2,22.308712558388592,Beijing,no2,meteo
-1,29.416766331085388,Beijing,no2,meteo
0,28.025079817174266,Beijing,no2,meteo
1,34.74360212314849,Beijing,no2,meteo
2,13.512997318747264,Beijing,no2,meteo
3,10.7051051771371,Beijing,no2,meteo
4,2.5731956419496314,Beijing,no2,meteo
5,-2.3626045496479477,Beijing,no2,meteo
6,-3.2468700020306898,Beijing,no2,meteo
7,-7.004565571017757,Beijing,no2,meteo
8,-11.438567265709768,Beijing,no2,meteo
9,-13.238250111827611,Beijing,no2,meteo
10,4.12724547143889,Beijing,no2,meteo
11,5.814933630724408,Beijing,no2,meteo
12,-2.6899804371479483,Beijing,no2,meteo
13,-13.604970730576781,Beijing,no2,meteo
14,9.29119652869645,Beijing,no2,meteo
15,-1.7519793110354627,Beijing,no2,meteo
16,-17.47921686290472,Beijing,no2,meteo
17,-26.53413309807727,Beijing,no2,meteo
18,-47.624570575360224,Beijing,no2,meteo
19,-27.256918761263705,Beijing,no2,meteo
20,-27.585712984514984,Beijing,no2,meteo
-21,-11.277723768703787,Beijing,o3,nometeo
-20,-19.47884566736481,Beijing,o3,nometeo
-19,1.075396347655655,Beijing,o3,nometeo
-18,34.39322459132069,Beijing,o3,nometeo
-17,5.063864941446548,Beijing,o3,nometeo
-16,-16.19594099791608,Beijing,o3,nometeo
-15,3.916384356918927,Beijing,o3,nometeo
-14,6.7651258984414895,Beijing,o3,nometeo
-13,4.490248804011624,Beijing,o3,nometeo
-12,19.417634054219604,Beijing,o3,nometeo
-11,-5.855487602138616,Beijing,o3,nometeo
-10,-11.665312523893096,Beijing,o3,nometeo
-9,-6.945153938283283,Beijing,o3,nometeo
-8,-20.75652063019051,Beijing,o3,nometeo
-7,2.1020983106079862,Beijing,o3,nometeo
-6,3.493042681087645,Beijing,o3,nometeo
-5,6.991906436702331,Beijing,o3,nometeo
-4,-4.740073514054611,Beijing,o3,nometeo
-3,9.2061322201323,Beijing,o3,nometeo
-2,2.8392095586405084,Beijing,o3,nometeo
-1,12.58313117872917,Beijing,o3,nometeo
0,21.833631257048385,Beijing,o3,nometeo
1,20.82378899961353,Beijing,o3,nometeo
2,18.300886695907202,Beijing,o3,nometeo
3,38.50934004434313,Beijing,o3,nometeo
4,19.913070116655618,Beijing,o3,nometeo
5,22.206232653687294,Beijing,o3,nometeo
6,13.975634981784912,Beijing,o3,nometeo
7,21.913205308537176,Beijing,o3,nometeo
8,0.7420585973298301,Beijing,o3,nometeo
9,25.530874880114833,Beijing,o3,nometeo
10,-1.5722532654496248,Beijing,o3,nometeo
11,-15.995747811890254,Beijing,o3,nometeo
12,-21.720947798918044,Beijing,o3,nometeo
13,8.943484542335637,Beijing,o3,nometeo
14,3.326468396637283,Beijing,o3,nometeo
15,-0.8471581980137781,Beijing,o3,nometeo
16,9.890780981685786,Beijing,o3,nometeo
17,30.48989252280275,Beijing,o3,nometeo
18,23.20360973110676,Beijing,o3,nometeo
19,-5.517559416939751,Beijing,o3,nometeo
20,-7.560658535933726,Beijing,o3,nometeo
-21,-10.665018201434616,Beijing,o3,meteo
-20,-8.228409022998232,Beijing,o3,meteo
-19,18.714963631662208,Beijing,o3,meteo
-18,16.91287473093359,Beijing,o3,meteo
-17,-5.301286771386339,Beijing,o3,meteo
-16,-10.440553378535405,Beijing,o3,meteo
-15,5.400576826471431,Beijing,o3,meteo
-14,19.43597589821626,Beijing,o3,meteo
-13,10.053685020810551,Beijing,o3,meteo
-12,6.640631438894077,Beijing,o3,meteo
-11,-5.509761263251853,Beijing,o3,meteo
-10,-17.25009333778537,Beijing,o3,meteo
-9,-8.107170666667153,Beijing,o3,meteo
-8,-12.01489641732567,Beijing,o3,meteo
-7,-3.1136744452307656,Beijing,o3,meteo
-6,-11.582818478842537,Beijing,o3,meteo
-5,-0.5907610156713927,Beijing,o3,meteo
-4,8.747002658045425,Beijing,o3,meteo
-3,6.898732794095803,Beijing,o3,meteo
-2,12.737145366997053,Beijing,o3,meteo
-1,18.893612735993628,Beijing,o3,meteo
0,30.157758375845404,Beijing,o3,meteo
1,21.038069543084085,Beijing,o3,meteo
2,14.892444159636758,Beijing,o3,meteo
3,28.090740411992098,Beijing,o3,meteo
4,9.04986977661122,Beijing,o3,meteo
5,4.368715509485547,Beijing,o3,meteo
6,-5.089302435893231,Beijing,o3,meteo
7,0.34759027460319114,Beijing,o3,meteo
8,-19.340536840287434,Beijing,o3,meteo
9,0.06006069159300864,Beijing,o3,meteo
10,-3.1983746856476376,Beijing,o3,meteo
11,-8.730984236781689,Beijing,o3,meteo
12,-10.796751835809683,Beijing,o3,meteo
13,2.534436044081729,Beijing,o3,meteo
14,-2.2560478212604274,Beijing,o3,meteo
15,-5.288359927548772,Beijing,o3,meteo
16,-3.7705115651330807,Beijing,o3,meteo
17,14.408454217481115,Beijing,o3,meteo
18,9.995333256810047,Beijing,o3,meteo
19,-10.415175237448956,Beijing,o3,meteo
20,-7.579715535251417,Beijing,o3,meteo
-21,0.6240466257721778,Beijing,co,nometeo
-20,0.42641339732162353,Beijing,co,nometeo
-19,-0.06604566602494644,Beijing,co,nometeo
-18,-0.8530819563440938,Beijing,co,nometeo
-17,-0.17366289414230474,Beijing,co,nometeo
-16,0.5459346267904833,Beijing,co,nometeo
-15,0.021418946715789117,Beijing,co,nometeo
-14,-0.17994966387903163,Beijing,co,nometeo
-13,-0.2502438157280425,Beijing,co,nometeo
-12,-0.9669564149982052,Beijing,co,nometeo
-11,0.08120356064788611,Beijing,co,nometeo
-10,0.3343617092153819,Beijing,co,nometeo
-9,0.029107563358376193,Beijing,co,nometeo
-8,0.6678127776497291,Beijing,co,nometeo
-7,0.08060294638626189,Beijing,co,nometeo
-6,-0.001990283006594845,Beijing,co,nometeo
-5,-0.12252812820369423,Beijing,co,nometeo
-4,0.046546331217030806,Beijing,co,nometeo
-3,-0.24298966274782566,Beijing,co,nometeo
-2,0.412803554291282,Beijing,co,nometeo
-1,-0.07001612731280754,Beijing,co,nometeo
0,-0.12908196983125056,Beijing,co,nometeo
1,0.2063912493506894,Beijing,co,nometeo
2,1.0788219999884807,Beijing,co,nometeo
3,1.0351936994097026,Beijing,co,nometeo
4,0.4850533963591457,Beijing,co,nometeo
5,0.12255863711495976,Beijing,co,nometeo
6,0.08770940744172204,Beijing,co,nometeo
7,-0.5060431953408937,Beijing,co,nometeo
8,-0.2787435079406646,Beijing,co,nometeo
9,-0.6111915023782464,Beijing,co,nometeo
10,-0.06603212685555845,Beijing,co,nometeo
11,0.14453894389255315,Beijing,co,nometeo
12,0.19355063509786982,Beijing,co,nometeo
13,0.08075556064964842,Beijing,co,nometeo
14,-0.42456873735068457,Beijing,co,nometeo
15,0.3409204782323786,Beijing,co,nometeo
16,0.0009992533925070324,Beijing,co,nometeo
17,0.6307186260978197,Beijing,co,nometeo
18,0.43061277962677047,Beijing,co,nometeo
19,0.8150312304738097,Beijing,co,nometeo
20,-0.49898719739334807,Beijing,co,nometeo
-21,-0.1538902265583323,Beijing,co,meteo
-20,0.34616585202655237,Beijing,co,meteo
-19,-0.6209579790982623,Beijing,co,meteo
-18,-0.6159050234955455,Beijing,co,meteo
-17,0.0010733017226903785,Beijing,co,meteo
-16,0.15234321264737283,Beijing,co,meteo
-15,0.16152029453000705,Beijing,co,meteo
-14,0.4141432467943849,Beijing,co,meteo
-13,-0.12946810183277135,Beijing,co,meteo
-12,-0.3437104095133351,Beijing,co,meteo
-11,-0.31711665920368615,Beijing,co,meteo
-10,-0.040590079450538497,Beijing,co,meteo
-9,0.49985113448677065,Beijing,co,meteo
-8,0.5890122822117088,Beijing,co,meteo
-7,0.0009544573147396429,Beijing,co,meteo
-6,-0.5990150321233983,Beijing,co,meteo
-5,-0.45742730735770876,Beijing,co,meteo
-4,0.411208601837218,Beijing,co,meteo
-3,0.7018084350621331,Beijing,co,meteo
-2,0.8995051232498937,Beijing,co,meteo
-1,1.1575722447149568,Beijing,co,meteo
0,1.157201798126211,Beijing,co,meteo
1,1.1261121530116212,Beijing,co,meteo
2,0.08367998890374961,Beijing,co,meteo
3,0.3455621044617072,Beijing,co,meteo
4,-0.4057465126359726,Beijing,co,meteo
5,-0.5024118800785048,Beijing,co,meteo
6,-0.37639631591435674,Beijing,co,meteo
7,-0.4515857496475858,Beijing,co,meteo
8,-0.785908233159678,Beijing,co,meteo
9,-0.3116108280140176,Beijing,co,meteo
10,0.2875073065453747,Beijing,co,meteo
11,0.46796248432874266,Beijing,co,meteo
12,0.3269198021254738,Beijing,co,meteo
13,0.5275058013790738,Beijing,co,meteo
14,0.8589022864249216,Beijing,co,meteo
15,0.19827198470185792,Beijing,co,meteo
16,-0.42225491404862836,Beijing,co,meteo
17,0.2188669138979189,Beijing,co,meteo
18,-0.443805484402492,Beijing,co,meteo
19,-0.05651922138379695,Beijing,co,meteo
20,-0.7306234996367541,Beijing,co,meteo
