lat,lon,grid_id,is_land
18.25,109.5,396,1.0
18.5,109.0,643,1.0
18.5,109.25,644,1.0
18.5,109.5,645,1.0
18.5,109.75,646,1.0
18.5,110.0,647,1.0
18.75,108.75,891,1.0
18.75,109.0,892,1.0
18.75,109.25,893,1.0
18.75,109.5,894,1.0
18.75,109.75,895,1.0
18.75,110.0,896,1.0
18.75,110.25,897,1.0
19.0,108.75,1140,1.0
19.0,109.0,1141,1.0
19.0,109.25,1142,1.0
19.0,109.5,1143,1.0
19.0,109.75,1144,1.0
19.0,110.0,1145,1.0
19.0,110.25,1146,1.0
19.0,110.5,1147,1.0
19.25,108.75,1389,1.0
19.25,109.0,1390,1.0
19.25,109.25,1391,1.0
19.25,109.5,1392,1.0
19.25,109.75,1393,1.0
19.25,110.0,1394,1.0
19.25,110.25,1395,1.0
19.25,110.5,1396,1.0
19.5,109.0,1639,1.0
19.5,109.25,1640,1.0
19.5,109.5,1641,1.0
19.5,109.75,1642,1.0
19.5,110.0,1643,1.0
19.5,110.25,1644,1.0
19.5,110.5,1645,1.0
19.5,110.75,1646,1.0
19.75,109.5,1890,1.0
19.75,109.75,1891,1.0
19.75,110.0,1892,1.0
19.75,110.25,1893,1.0
19.75,110.5,1894,1.0
19.75,110.75,1895,1.0
20.0,110.25,2142,1.0
20.0,110.5,2143,1.0
20.0,110.75,2144,1.0
20.5,110.0,2639,1.0
20.5,110.25,2640,1.0
20.5,110.5,2641,1.0
20.75,110.0,2888,1.0
20.75,110.25,2889,1.0
21.0,109.75,3136,1.0
21.0,110.0,3137,1.0
21.0,110.5,3139,1.0
21.25,101.25,3351,1.0
21.25,101.5,3352,1.0
21.25,101.75,3353,1.0
21.25,110.0,3386,1.0
21.25,110.25,3387,1.0
21.25,110.5,3388,1.0
21.5,100.25,3596,1.0
21.5,100.5,3597,1.0
21.5,101.25,3600,1.0
21.5,101.5,3601,1.0
21.5,109.25,3632,1.0
21.5,110.0,3635,1.0
21.5,110.25,3636,1.0
21.5,110.5,3637,1.0
21.5,110.75,3638,1.0
21.5,111.0,3639,1.0
21.5,111.25,3640,1.0
21.75,100.0,3844,1.0
21.75,100.25,3845,1.0
21.75,100.5,3846,1.0
21.75,100.75,3847,1.0
21.75,101.0,3848,1.0
21.75,101.25,3849,1.0
21.75,101.5,3850,1.0
21.75,107.25,3873,1.0
21.75,107.5,3874,1.0
21.75,107.75,3875,1.0
21.75,108.0,3876,1.0
21.75,108.25,3877,1.0
21.75,108.75,3879,1.0
21.75,109.0,3880,1.0
21.75,109.25,3881,1.0
21.75,109.5,3882,1.0
21.75,109.75,3883,1.0
21.75,110.0,3884,1.0
21.75,110.25,3885,1.0
21.75,110.5,3886,1.0
21.75,110.75,3887,1.0
21.75,111.0,3888,1.0
21.75,111.25,3889,1.0
21.75,111.5,3890,1.0
21.75,111.75,3891,1.0
22.0,100.0,4093,1.0
22.0,100.25,4094,1.0
22.0,100.5,4095,1.0
22.0,100.75,4096,1.0
22.0,101.0,4097,1.0
22.0,101.25,4098,1.0
22.0,101.5,4099,1.0
22.0,106.75,4120,1.0
22.0,107.0,4121,1.0
22.0,107.25,4122,1.0
22.0,107.5,4123,1.0
22.0,107.75,4124,1.0
22.0,108.0,4125,1.0
22.0,108.25,4126,1.0
22.0,108.5,4127,1.0
22.0,108.75,4128,1.0
22.0,109.0,4129,1.0
22.0,109.25,4130,1.0
22.0,109.5,4131,1.0
22.0,109.75,4132,1.0
22.0,110.0,4133,1.0
22.0,110.25,4134,1.0
22.0,110.5,4135,1.0
22.0,110.75,4136,1.0
22.0,111.0,4137,1.0
22.0,111.25,4138,1.0
22.0,111.5,4139,1.0
22.0,111.75,4140,1.0
22.0,112.0,4141,1.0
22.0,112.25,4142,1.0
22.0,112.5,4143,1.0
22.0,112.75,4144,1.0
22.25,99.25,4339,1.0
22.25,99.5,4340,1.0
22.25,99.75,4341,1.0
22.25,100.0,4342,1.0
22.25,100.25,4343,1.0
22.25,100.5,4344,1.0
22.25,100.75,4345,1.0
22.25,101.0,4346,1.0
22.25,101.25,4347,1.0
22.25,101.5,4348,1.0
22.25,106.75,4369,1.0
22.25,107.0,4370,1.0
22.25,107.25,4371,1.0
22.25,107.5,4372,1.0
22.25,107.75,4373,1.0
22.25,108.0,4374,1.0
22.25,108.25,4375,1.0
22.25,108.5,4376,1.0
22.25,108.75,4377,1.0
22.25,109.0,4378,1.0
22.25,109.25,4379,1.0
22.25,109.5,4380,1.0
22.25,109.75,4381,1.0
22.25,110.0,4382,1.0
22.25,110.25,4383,1.0
22.25,110.5,4384,1.0
22.25,110.75,4385,1.0
22.25,111.0,4386,1.0
22.25,111.25,4387,1.0
22.25,111.5,4388,1.0
22.25,111.75,4389,1.0
22.25,112.0,4390,1.0
22.25,112.25,4391,1.0
22.25,112.5,4392,1.0
22.25,112.75,4393,1.0
22.25,113.0,4394,1.0
22.25,113.25,4395,1.0
22.25,113.5,4396,1.0
22.5,99.5,4589,1.0
22.5,99.75,4590,1.0
22.5,100.0,4591,1.0
22.5,100.25,4592,1.0
22.5,100.5,4593,1.0
22.5,100.75,4594,1.0
22.5,101.0,4595,1.0
22.5,101.25,4596,1.0
22.5,101.5,4597,1.0
22.5,101.75,4598,1.0
22.5,102.0,4599,1.0
22.5,102.25,4600,1.0
22.5,103.0,4603,1.0
22.5,106.75,4618,1.0
22.5,107.0,4619,1.0
22.5,107.25,4620,1.0
22.5,107.5,4621,1.0
22.5,107.75,4622,1.0
22.5,108.0,4623,1.0
22.5,108.25,4624,1.0
22.5,108.5,4625,1.0
22.5,108.75,4626,1.0
22.5,109.0,4627,1.0
22.5,109.25,4628,1.0
22.5,109.5,4629,1.0
22.5,109.75,4630,1.0
22.5,110.0,4631,1.0
22.5,110.25,4632,1.0
22.5,110.5,4633,1.0
22.5,110.75,4634,1.0
22.5,111.0,4635,1.0
22.5,111.25,4636,1.0
22.5,111.5,4637,1.0
22.5,111.75,4638,1.0
22.5,112.0,4639,1.0
22.5,112.25,4640,1.0
22.5,112.5,4641,1.0
22.5,112.75,4642,1.0
22.5,113.0,4643,1.0
22.5,113.25,4644,1.0
22.5,113.5,4645,1.0
22.75,99.5,4838,1.0
22.75,99.75,4839,1.0
22.75,100.0,4840,1.0
22.75,100.25,4841,1.0
22.75,100.5,4842,1.0
22.75,100.75,4843,1.0
22.75,101.0,4844,1.0
22.75,101.25,4845,1.0
22.75,101.5,4846,1.0
22.75,101.75,4847,1.0
22.75,102.0,4848,1.0
22.75,102.25,4849,1.0
22.75,102.5,4850,1.0
22.75,102.75,4851,1.0
22.75,103.0,4852,1.0
22.75,103.25,4853,1.0
22.75,103.5,4854,1.0
22.75,103.75,4855,1.0
22.75,104.0,4856,1.0
22.75,107.0,4868,1.0
22.75,107.25,4869,1.0
22.75,107.5,4870,1.0
22.75,107.75,4871,1.0
22.75,108.0,4872,1.0
22.75,108.25,4873,1.0
22.75,108.5,4874,1.0
22.75,108.75,4875,1.0
22.75,109.0,4876,1.0
22.75,109.25,4877,1.0
22.75,109.5,4878,1.0
22.75,109.75,4879,1.0
22.75,110.0,4880,1.0
22.75,110.25,4881,1.0
22.75,110.5,4882,1.0
22.75,110.75,4883,1.0
22.75,111.0,4884,1.0
22.75,111.25,4885,1.0
22.75,111.5,4886,1.0
22.75,111.75,4887,1.0
22.75,112.0,4888,1.0
22.75,112.25,4889,1.0
22.75,112.5,4890,1.0
22.75,112.75,4891,1.0
22.75,113.0,4892,1.0
22.75,113.25,4893,1.0
22.75,113.75,4895,1.0
22.75,114.0,4896,1.0
22.75,114.25,4897,1.0
22.75,114.5,4898,1.0
22.75,114.75,4899,1.0
22.75,115.0,4900,1.0
22.75,115.5,4902,1.0
23.0,99.5,5087,1.0
23.0,99.75,5088,1.0
23.0,100.0,5089,1.0
23.0,100.25,5090,1.0
23.0,100.5,5091,1.0
23.0,100.75,5092,1.0
23.0,101.0,5093,1.0
23.0,101.25,5094,1.0
23.0,101.5,5095,1.0
23.0,101.75,5096,1.0
23.0,102.0,5097,1.0
23.0,102.25,5098,1.0
23.0,102.5,5099,1.0
23.0,102.75,5100,1.0
23.0,103.0,5101,1.0
23.0,103.25,5102,1.0
23.0,103.5,5103,1.0
23.0,103.75,5104,1.0
23.0,104.0,5105,1.0
23.0,104.25,5106,1.0
23.0,104.5,5107,1.0
23.0,104.75,5108,1.0
23.0,105.75,5112,1.0
23.0,106.0,5113,1.0
23.0,106.25,5114,1.0
23.0,106.5,5115,1.0
23.0,106.75,5116,1.0
23.0,107.0,5117,1.0
23.0,107.25,5118,1.0
23.0,107.5,5119,1.0
23.0,107.75,5120,1.0
23.0,108.0,5121,1.0
23.0,108.25,5122,1.0
23.0,108.5,5123,1.0
23.0,108.75,5124,1.0
23.0,109.0,5125,1.0
23.0,109.25,5126,1.0
23.0,109.5,5127,1.0
23.0,109.75,5128,1.0
23.0,110.0,5129,1.0
23.0,110.25,5130,1.0
23.0,110.5,5131,1.0
23.0,110.75,5132,1.0
23.0,111.0,5133,1.0
23.0,111.25,5134,1.0
23.0,111.5,5135,1.0
23.0,111.75,5136,1.0
23.0,112.0,5137,1.0
23.0,112.25,5138,1.0
23.0,112.5,5139,1.0
23.0,112.75,5140,1.0
23.0,113.0,5141,1.0
23.0,113.25,5142,1.0
23.0,113.75,5144,1.0
23.0,114.0,5145,1.0
23.0,114.25,5146,1.0
23.0,114.5,5147,1.0
23.0,114.75,5148,1.0
23.0,115.0,5149,1.0
23.0,115.25,5150,1.0
23.0,115.5,5151,1.0
23.0,115.75,5152,1.0
23.0,116.0,5153,1.0
23.0,116.25,5154,1.0
23.0,116.5,5155,1.0
23.25,99.0,5334,1.0
23.25,99.25,5335,1.0
23.25,99.5,5336,1.0
23.25,99.75,5337,1.0
23.25,100.0,5338,1.0
23.25,100.25,5339,1.0
23.25,100.5,5340,1.0
23.25,100.75,5341,1.0
23.25,101.0,5342,1.0
23.25,101.25,5343,1.0
23.25,101.5,5344,1.0
23.25,101.75,5345,1.0
23.25,102.0,5346,1.0
23.25,102.25,5347,1.0
23.25,102.5,5348,1.0
23.25,102.75,5349,1.0
23.25,103.0,5350,1.0
23.25,103.25,5351,1.0
23.25,103.5,5352,1.0
23.25,103.75,5353,1.0
23.25,104.0,5354,1.0
23.25,104.25,5355,1.0
23.25,104.5,5356,1.0
23.25,104.75,5357,1.0
23.25,105.0,5358,1.0
23.25,105.5,5360,1.0
23.25,105.75,5361,1.0
23.25,106.0,5362,1.0
23.25,106.25,5363,1.0
23.25,106.5,5364,1.0
23.25,106.75,5365,1.0
23.25,107.0,5366,1.0
23.25,107.25,5367,1.0
23.25,107.5,5368,1.0
23.25,107.75,5369,1.0
23.25,108.0,5370,1.0
23.25,108.25,5371,1.0
23.25,108.5,5372,1.0
23.25,108.75,5373,1.0
23.25,109.0,5374,1.0
23.25,109.25,5375,1.0
23.25,109.5,5376,1.0
23.25,109.75,5377,1.0
23.25,110.0,5378,1.0
23.25,110.25,5379,1.0
23.25,110.5,5380,1.0
23.25,110.75,5381,1.0
23.25,111.0,5382,1.0
23.25,111.25,5383,1.0
23.25,111.5,5384,1.0
23.25,111.75,5385,1.0
23.25,112.0,5386,1.0
23.25,112.25,5387,1.0
23.25,112.5,5388,1.0
23.25,112.75,5389,1.0
23.25,113.0,5390,1.0
23.25,113.25,5391,1.0
23.25,113.5,5392,1.0
23.25,113.75,5393,1.0
23.25,114.0,5394,1.0
23.25,114.25,5395,1.0
23.25,114.5,5396,1.0
23.25,114.75,5397,1.0
23.25,115.0,5398,1.0
23.25,115.25,5399,1.0
23.25,115.5,5400,1.0
23.25,115.75,5401,1.0
23.25,116.0,5402,1.0
23.25,116.25,5403,1.0
23.25,116.5,5404,1.0
23.5,99.0,5583,1.0
23.5,99.25,5584,1.0
23.5,99.5,5585,1.0
23.5,99.75,5586,1.0
23.5,100.0,5587,1.0
23.5,100.25,5588,1.0
23.5,100.5,5589,1.0
23.5,100.75,5590,1.0
23.5,101.0,5591,1.0
23.5,101.25,5592,1.0
23.5,101.5,5593,1.0
23.5,101.75,5594,1.0
23.5,102.0,5595,1.0
23.5,102.25,5596,1.0
23.5,102.5,5597,1.0
23.5,102.75,5598,1.0
23.5,103.0,5599,1.0
23.5,103.25,5600,1.0
23.5,103.5,5601,1.0
23.5,103.75,5602,1.0
23.5,104.0,5603,1.0
23.5,104.25,5604,1.0
23.5,104.5,5605,1.0
23.5,104.75,5606,1.0
23.5,105.0,5607,1.0
23.5,105.25,5608,1.0
23.5,105.5,5609,1.0
23.5,105.75,5610,1.0
23.5,106.0,5611,1.0
23.5,106.25,5612,1.0
23.5,106.5,5613,1.0
23.5,106.75,5614,1.0
23.5,107.0,5615,1.0
23.5,107.25,5616,1.0
23.5,107.5,5617,1.0
23.5,107.75,5618,1.0
23.5,108.0,5619,1.0
23.5,108.25,5620,1.0
23.5,108.5,5621,1.0
23.5,108.75,5622,1.0
23.5,109.0,5623,1.0
23.5,109.25,5624,1.0
23.5,109.5,5625,1.0
23.5,109.75,5626,1.0
23.5,110.0,5627,1.0
23.5,110.25,5628,1.0
23.5,110.5,5629,1.0
23.5,110.75,5630,1.0
23.5,111.0,5631,1.0
23.5,111.25,5632,1.0
23.5,111.5,5633,1.0
23.5,111.75,5634,1.0
23.5,112.0,5635,1.0
23.5,112.25,5636,1.0
23.5,112.5,5637,1.0
23.5,112.75,5638,1.0
23.5,113.0,5639,1.0
23.5,113.25,5640,1.0
23.5,113.5,5641,1.0
23.5,113.75,5642,1.0
23.5,114.0,5643,1.0
23.5,114.25,5644,1.0
23.5,114.5,5645,1.0
23.5,114.75,5646,1.0
23.5,115.0,5647,1.0
23.5,115.25,5648,1.0
23.5,115.5,5649,1.0
23.5,115.75,5650,1.0
23.5,116.0,5651,1.0
23.5,116.25,5652,1.0
23.5,116.5,5653,1.0
23.5,116.75,5654,1.0
23.75,99.0,5832,1.0
23.75,99.25,5833,1.0
23.75,99.5,5834,1.0
23.75,99.75,5835,1.0
23.75,100.0,5836,1.0
23.75,100.25,5837,1.0
23.75,100.5,5838,1.0
23.75,100.75,5839,1.0
23.75,101.0,5840,1.0
23.75,101.25,5841,1.0
23.75,101.5,5842,1.0
23.75,101.75,5843,1.0
23.75,102.0,5844,1.0
23.75,102.25,5845,1.0
23.75,102.5,5846,1.0
23.75,102.75,5847,1.0
23.75,103.0,5848,1.0
23.75,103.25,5849,1.0
23.75,103.5,5850,1.0
23.75,103.75,5851,1.0
23.75,104.0,5852,1.0
23.75,104.25,5853,1.0
23.75,104.5,5854,1.0
23.75,104.75,5855,1.0
23.75,105.0,5856,1.0
23.75,105.25,5857,1.0
23.75,105.5,5858,1.0
23.75,105.75,5859,1.0
23.75,106.0,5860,1.0
23.75,106.25,5861,1.0
23.75,106.5,5862,1.0
23.75,106.75,5863,1.0
23.75,107.0,5864,1.0
23.75,107.25,5865,1.0
23.75,107.5,5866,1.0
23.75,107.75,5867,1.0
23.75,108.0,5868,1.0
23.75,108.25,5869,1.0
23.75,108.5,5870,1.0
23.75,108.75,5871,1.0
23.75,109.0,5872,1.0
23.75,109.25,5873,1.0
23.75,109.5,5874,1.0
23.75,109.75,5875,1.0
23.75,110.0,5876,1.0
23.75,110.25,5877,1.0
23.75,110.5,5878,1.0
23.75,110.75,5879,1.0
23.75,111.0,5880,1.0
23.75,111.25,5881,1.0
23.75,111.5,5882,1.0
23.75,111.75,5883,1.0
23.75,112.0,5884,1.0
23.75,112.25,5885,1.0
23.75,112.5,5886,1.0
23.75,112.75,5887,1.0
23.75,113.0,5888,1.0
23.75,113.25,5889,1.0
23.75,113.5,5890,1.0
23.75,113.75,5891,1.0
23.75,114.0,5892,1.0
23.75,114.25,5893,1.0
23.75,114.5,5894,1.0
23.75,114.75,5895,1.0
23.75,115.0,5896,1.0
23.75,115.25,5897,1.0
23.75,115.5,5898,1.0
23.75,115.75,5899,1.0
23.75,116.0,5900,1.0
23.75,116.25,5901,1.0
23.75,116.5,5902,1.0
23.75,116.75,5903,1.0
23.75,117.0,5904,1.0
23.75,117.25,5905,1.0
24.0,97.75,6076,1.0
24.0,98.75,6080,1.0
24.0,99.0,6081,1.0
24.0,99.25,6082,1.0
24.0,99.5,6083,1.0
24.0,99.75,6084,1.0
24.0,100.0,6085,1.0
24.0,100.25,6086,1.0
24.0,100.5,6087,1.0
24.0,100.75,6088,1.0
24.0,101.0,6089,1.0
24.0,101.25,6090,1.0
24.0,101.5,6091,1.0
24.0,101.75,6092,1.0
24.0,102.0,6093,1.0
24.0,102.25,6094,1.0
24.0,102.5,6095,1.0
24.0,102.75,6096,1.0
24.0,103.0,6097,1.0
24.0,103.25,6098,1.0
24.0,103.5,6099,1.0
24.0,103.75,6100,1.0
24.0,104.0,6101,1.0
24.0,104.25,6102,1.0
24.0,104.5,6103,1.0
24.0,104.75,6104,1.0
24.0,105.0,6105,1.0
24.0,105.25,6106,1.0
24.0,105.5,6107,1.0
24.0,105.75,6108,1.0
24.0,106.0,6109,1.0
24.0,106.25,6110,1.0
24.0,106.5,6111,1.0
24.0,106.75,6112,1.0
24.0,107.0,6113,1.0
24.0,107.25,6114,1.0
24.0,107.5,6115,1.0
24.0,107.75,6116,1.0
24.0,108.0,6117,1.0
24.0,108.25,6118,1.0
24.0,108.5,6119,1.0
24.0,108.75,6120,1.0
24.0,109.0,6121,1.0
24.0,109.25,6122,1.0
24.0,109.5,6123,1.0
24.0,109.75,6124,1.0
24.0,110.0,6125,1.0
24.0,110.25,6126,1.0
24.0,110.5,6127,1.0
24.0,110.75,6128,1.0
24.0,111.0,6129,1.0
24.0,111.25,6130,1.0
24.0,111.5,6131,1.0
24.0,111.75,6132,1.0
24.0,112.0,6133,1.0
24.0,112.25,6134,1.0
24.0,112.5,6135,1.0
24.0,112.75,6136,1.0
24.0,113.0,6137,1.0
24.0,113.25,6138,1.0
24.0,113.5,6139,1.0
24.0,113.75,6140,1.0
24.0,114.0,6141,1.0
24.0,114.25,6142,1.0
24.0,114.5,6143,1.0
24.0,114.75,6144,1.0
24.0,115.0,6145,1.0
24.0,115.25,6146,1.0
24.0,115.5,6147,1.0
24.0,115.75,6148,1.0
24.0,116.0,6149,1.0
24.0,116.25,6150,1.0
24.0,116.5,6151,1.0
24.0,116.75,6152,1.0
24.0,117.0,6153,1.0
24.0,117.25,6154,1.0
24.0,117.5,6155,1.0
24.25,97.75,6325,1.0
24.25,98.0,6326,1.0
24.25,98.25,6327,1.0
24.25,98.5,6328,1.0
24.25,98.75,6329,1.0
24.25,99.0,6330,1.0
24.25,99.25,6331,1.0
24.25,99.5,6332,1.0
24.25,99.75,6333,1.0
24.25,100.0,6334,1.0
24.25,100.25,6335,1.0
24.25,100.5,6336,1.0
24.25,100.75,6337,1.0
24.25,101.0,6338,1.0
24.25,101.25,6339,1.0
24.25,101.5,6340,1.0
24.25,101.75,6341,1.0
24.25,102.0,6342,1.0
24.25,102.25,6343,1.0
24.25,102.5,6344,1.0
24.25,102.75,6345,1.0
24.25,103.0,6346,1.0
24.25,103.25,6347,1.0
24.25,103.5,6348,1.0
24.25,103.75,6349,1.0
24.25,104.0,6350,1.0
24.25,104.25,6351,1.0
24.25,104.5,6352,1.0
24.25,104.75,6353,1.0
24.25,105.0,6354,1.0
24.25,105.25,6355,1.0
24.25,105.5,6356,1.0
24.25,105.75,6357,1.0
24.25,106.0,6358,1.0
24.25,106.25,6359,1.0
24.25,106.5,6360,1.0
24.25,106.75,6361,1.0
24.25,107.0,6362,1.0
24.25,107.25,6363,1.0
24.25,107.5,6364,1.0
24.25,107.75,6365,1.0
24.25,108.0,6366,1.0
24.25,108.25,6367,1.0
24.25,108.5,6368,1.0
24.25,108.75,6369,1.0
24.25,109.0,6370,1.0
24.25,109.25,6371,1.0
24.25,109.5,6372,1.0
24.25,109.75,6373,1.0
24.25,110.0,6374,1.0
24.25,110.25,6375,1.0
24.25,110.5,6376,1.0
24.25,110.75,6377,1.0
24.25,111.0,6378,1.0
24.25,111.25,6379,1.0
24.25,111.5,6380,1.0
24.25,111.75,6381,1.0
24.25,112.0,6382,1.0
24.25,112.25,6383,1.0
24.25,112.5,6384,1.0
24.25,112.75,6385,1.0
24.25,113.0,6386,1.0
24.25,113.25,6387,1.0
24.25,113.5,6388,1.0
24.25,113.75,6389,1.0
24.25,114.0,6390,1.0
24.25,114.25,6391,1.0
24.25,114.5,6392,1.0
24.25,114.75,6393,1.0
24.25,115.0,6394,1.0
24.25,115.25,6395,1.0
24.25,115.5,6396,1.0
24.25,115.75,6397,1.0
24.25,116.0,6398,1.0
24.25,116.25,6399,1.0
24.25,116.5,6400,1.0
24.25,116.75,6401,1.0
24.25,117.0,6402,1.0
24.25,117.25,6403,1.0
24.25,117.5,6404,1.0
24.25,117.75,6405,1.0
24.25,118.0,6406,1.0
24.5,97.75,6574,1.0
24.5,98.0,6575,1.0
24.5,98.25,6576,1.0
24.5,98.5,6577,1.0
24.5,98.75,6578,1.0
24.5,99.0,6579,1.0
24.5,99.25,6580,1.0
24.5,99.5,6581,1.0
24.5,99.75,6582,1.0
24.5,100.0,6583,1.0
24.5,100.25,6584,1.0
24.5,100.5,6585,1.0
24.5,100.75,6586,1.0
24.5,101.0,6587,1.0
24.5,101.25,6588,1.0
24.5,101.5,6589,1.0
24.5,101.75,6590,1.0
24.5,102.0,6591,1.0
24.5,102.25,6592,1.0
24.5,102.5,6593,1.0
24.5,102.75,6594,1.0
24.5,103.0,6595,1.0
24.5,103.25,6596,1.0
24.5,103.5,6597,1.0
24.5,103.75,6598,1.0
24.5,104.0,6599,1.0
24.5,104.25,6600,1.0
24.5,104.5,6601,1.0
24.5,104.75,6602,1.0
24.5,105.0,6603,1.0
24.5,105.25,6604,1.0
24.5,105.5,6605,1.0
24.5,105.75,6606,1.0
24.5,106.0,6607,1.0
24.5,106.25,6608,1.0
24.5,106.5,6609,1.0
24.5,106.75,6610,1.0
24.5,107.0,6611,1.0
24.5,107.25,6612,1.0
24.5,107.5,6613,1.0
24.5,107.75,6614,1.0
24.5,108.0,6615,1.0
24.5,108.25,6616,1.0
24.5,108.5,6617,1.0
24.5,108.75,6618,1.0
24.5,109.0,6619,1.0
24.5,109.25,6620,1.0
24.5,109.5,6621,1.0
24.5,109.75,6622,1.0
24.5,110.0,6623,1.0
24.5,110.25,6624,1.0
24.5,110.5,6625,1.0
24.5,110.75,6626,1.0
24.5,111.0,6627,1.0
24.5,111.25,6628,1.0
24.5,111.5,6629,1.0
24.5,111.75,6630,1.0
24.5,112.0,6631,1.0
24.5,112.25,6632,1.0
24.5,112.5,6633,1.0
24.5,112.75,6634,1.0
24.5,113.0,6635,1.0
24.5,113.25,6636,1.0
24.5,113.5,6637,1.0
24.5,113.75,6638,1.0
24.5,114.0,6639,1.0
24.5,114.25,6640,1.0
24.5,114.5,6641,1.0
24.5,114.75,6642,1.0
24.5,115.0,6643,1.0
24.5,115.25,6644,1.0
24.5,115.5,6645,1.0
24.5,115.75,6646,1.0
24.5,116.0,6647,1.0
24.5,116.25,6648,1.0
24.5,116.5,6649,1.0
24.5,116.75,6650,1.0
24.5,117.0,6651,1.0
24.5,117.25,6652,1.0
24.5,117.5,6653,1.0
24.5,117.75,6654,1.0
24.5,118.0,6655,1.0
24.75,97.75,6823,1.0
24.75,98.0,6824,1.0
24.75,98.25,6825,1.0
24.75,98.5,6826,1.0
24.75,98.75,6827,1.0
24.75,99.0,6828,1.0
24.75,99.25,6829,1.0
24.75,99.5,6830,1.0
24.75,99.75,6831,1.0
24.75,100.0,6832,1.0
24.75,100.25,6833,1.0
24.75,100.5,6834,1.0
24.75,100.75,6835,1.0
24.75,101.0,6836,1.0
24.75,101.25,6837,1.0
24.75,101.5,6838,1.0
24.75,101.75,6839,1.0
24.75,102.0,6840,1.0
24.75,102.25,6841,1.0
24.75,102.5,6842,1.0
24.75,102.75,6843,1.0
24.75,103.0,6844,1.0
24.75,103.25,6845,1.0
24.75,103.5,6846,1.0
24.75,103.75,6847,1.0
24.75,104.0,6848,1.0
24.75,104.25,6849,1.0
24.75,104.5,6850,1.0
24.75,104.75,6851,1.0
24.75,105.0,6852,1.0
24.75,105.25,6853,1.0
24.75,105.5,6854,1.0
24.75,105.75,6855,1.0
24.75,106.0,6856,1.0
24.75,106.25,6857,1.0
24.75,106.5,6858,1.0
24.75,106.75,6859,1.0
24.75,107.0,6860,1.0
24.75,107.25,6861,1.0
24.75,107.5,6862,1.0
24.75,107.75,6863,1.0
24.75,108.0,6864,1.0
24.75,108.25,6865,1.0
24.75,108.5,6866,1.0
24.75,108.75,6867,1.0
24.75,109.0,6868,1.0
24.75,109.25,6869,1.0
24.75,109.5,6870,1.0
24.75,109.75,6871,1.0
24.75,110.0,6872,1.0
24.75,110.25,6873,1.0
24.75,110.5,6874,1.0
24.75,110.75,6875,1.0
24.75,111.0,6876,1.0
24.75,111.25,6877,1.0
24.75,111.5,6878,1.0
24.75,111.75,6879,1.0
24.75,112.0,6880,1.0
24.75,112.25,6881,1.0
24.75,112.5,6882,1.0
24.75,112.75,6883,1.0
24.75,113.0,6884,1.0
24.75,113.25,6885,1.0
24.75,113.5,6886,1.0
24.75,113.75,6887,1.0
24.75,114.0,6888,1.0
24.75,114.25,6889,1.0
24.75,114.5,6890,1.0
24.75,114.75,6891,1.0
24.75,115.0,6892,1.0
24.75,115.25,6893,1.0
24.75,115.5,6894,1.0
24.75,115.75,6895,1.0
24.75,116.0,6896,1.0
24.75,116.25,6897,1.0
24.75,116.5,6898,1.0
24.75,116.75,6899,1.0
24.75,117.0,6900,1.0
24.75,117.25,6901,1.0
24.75,117.5,6902,1.0
24.75,117.75,6903,1.0
24.75,118.0,6904,1.0
24.75,118.25,6905,1.0
24.75,118.5,6906,1.0
25.0,97.75,7072,1.0
25.0,98.0,7073,1.0
25.0,98.25,7074,1.0
25.0,98.5,7075,1.0
25.0,98.75,7076,1.0
25.0,99.0,7077,1.0
25.0,99.25,7078,1.0
25.0,99.5,7079,1.0
25.0,99.75,7080,1.0
25.0,100.0,7081,1.0
25.0,100.25,7082,1.0
25.0,100.5,7083,1.0
25.0,100.75,7084,1.0
25.0,101.0,7085,1.0
25.0,101.25,7086,1.0
25.0,101.5,7087,1.0
25.0,101.75,7088,1.0
25.0,102.0,7089,1.0
25.0,102.25,7090,1.0
25.0,102.5,7091,1.0
25.0,102.75,7092,1.0
25.0,103.0,7093,1.0
25.0,103.25,7094,1.0
25.0,103.5,7095,1.0
25.0,103.75,7096,1.0
25.0,104.0,7097,1.0
25.0,104.25,7098,1.0
25.0,104.5,7099,1.0
25.0,104.75,7100,1.0
25.0,105.0,7101,1.0
25.0,105.25,7102,1.0
25.0,105.5,7103,1.0
25.0,105.75,7104,1.0
25.0,106.0,7105,1.0
25.0,106.25,7106,1.0
25.0,106.5,7107,1.0
25.0,106.75,7108,1.0
25.0,107.0,7109,1.0
25.0,107.25,7110,1.0
25.0,107.5,7111,1.0
25.0,107.75,7112,1.0
25.0,108.0,7113,1.0
25.0,108.25,7114,1.0
25.0,108.5,7115,1.0
25.0,108.75,7116,1.0
25.0,109.0,7117,1.0
25.0,109.25,7118,1.0
25.0,109.5,7119,1.0
25.0,109.75,7120,1.0
25.0,110.0,7121,1.0
25.0,110.25,7122,1.0
25.0,110.5,7123,1.0
25.0,110.75,7124,1.0
25.0,111.0,7125,1.0
25.0,111.25,7126,1.0
25.0,111.5,7127,1.0
25.0,111.75,7128,1.0
25.0,112.0,7129,1.0
25.0,112.25,7130,1.0
25.0,112.5,7131,1.0
25.0,112.75,7132,1.0
25.0,113.0,7133,1.0
25.0,113.25,7134,1.0
25.0,113.5,7135,1.0
25.0,113.75,7136,1.0
25.0,114.0,7137,1.0
25.0,114.25,7138,1.0
25.0,114.5,7139,1.0
25.0,114.75,7140,1.0
25.0,115.0,7141,1.0
25.0,115.25,7142,1.0
25.0,115.5,7143,1.0
25.0,115.75,7144,1.0
25.0,116.0,7145,1.0
25.0,116.25,7146,1.0
25.0,116.5,7147,1.0
25.0,116.75,7148,1.0
25.0,117.0,7149,1.0
25.0,117.25,7150,1.0
25.0,117.5,7151,1.0
25.0,117.75,7152,1.0
25.0,118.0,7153,1.0
25.0,118.25,7154,1.0
25.0,118.5,7155,1.0
25.0,118.75,7156,1.0
25.25,98.0,7322,1.0
25.25,98.25,7323,1.0
25.25,98.5,7324,1.0
25.25,98.75,7325,1.0
25.25,99.0,7326,1.0
25.25,99.25,7327,1.0
25.25,99.5,7328,1.0
25.25,99.75,7329,1.0
25.25,100.0,7330,1.0
25.25,100.25,7331,1.0
25.25,100.5,7332,1.0
25.25,100.75,7333,1.0
25.25,101.0,7334,1.0
25.25,101.25,7335,1.0
25.25,101.5,7336,1.0
25.25,101.75,7337,1.0
25.25,102.0,7338,1.0
25.25,102.25,7339,1.0
25.25,102.5,7340,1.0
25.25,102.75,7341,1.0
25.25,103.0,7342,1.0
25.25,103.25,7343,1.0
25.25,103.5,7344,1.0
25.25,103.75,7345,1.0
25.25,104.0,7346,1.0
25.25,104.25,7347,1.0
25.25,104.5,7348,1.0
25.25,104.75,7349,1.0
25.25,105.0,7350,1.0
25.25,105.25,7351,1.0
25.25,105.5,7352,1.0
25.25,105.75,7353,1.0
25.25,106.0,7354,1.0
25.25,106.25,7355,1.0
25.25,106.5,7356,1.0
25.25,106.75,7357,1.0
25.25,107.0,7358,1.0
25.25,107.25,7359,1.0
25.25,107.5,7360,1.0
25.25,107.75,7361,1.0
25.25,108.0,7362,1.0
25.25,108.25,7363,1.0
25.25,108.5,7364,1.0
25.25,108.75,7365,1.0
25.25,109.0,7366,1.0
25.25,109.25,7367,1.0
25.25,109.5,7368,1.0
25.25,109.75,7369,1.0
25.25,110.0,7370,1.0
25.25,110.25,7371,1.0
25.25,110.5,7372,1.0
25.25,110.75,7373,1.0
25.25,111.0,7374,1.0
25.25,111.25,7375,1.0
25.25,111.5,7376,1.0
25.25,111.75,7377,1.0
25.25,112.0,7378,1.0
25.25,112.25,7379,1.0
25.25,112.5,7380,1.0
25.25,112.75,7381,1.0
25.25,113.0,7382,1.0
25.25,113.25,7383,1.0
25.25,113.5,7384,1.0
25.25,113.75,7385,1.0
25.25,114.0,7386,1.0
25.25,114.25,7387,1.0
25.25,114.5,7388,1.0
25.25,114.75,7389,1.0
25.25,115.0,7390,1.0
25.25,115.25,7391,1.0
25.25,115.5,7392,1.0
25.25,115.75,7393,1.0
25.25,116.0,7394,1.0
25.25,116.25,7395,1.0
25.25,116.5,7396,1.0
25.25,116.75,7397,1.0
25.25,117.0,7398,1.0
25.25,117.25,7399,1.0
25.25,117.5,7400,1.0
25.25,117.75,7401,1.0
25.25,118.0,7402,1.0
25.25,118.25,7403,1.0
25.25,118.5,7404,1.0
25.25,118.75,7405,1.0
25.25,119.0,7406,1.0
25.25,119.25,7407,1.0
25.5,98.25,7572,1.0
25.5,98.5,7573,1.0
25.5,98.75,7574,1.0
25.5,99.0,7575,1.0
25.5,99.25,7576,1.0
25.5,99.5,7577,1.0
25.5,99.75,7578,1.0
25.5,100.0,7579,1.0
25.5,100.25,7580,1.0
25.5,100.5,7581,1.0
25.5,100.75,7582,1.0
25.5,101.0,7583,1.0
25.5,101.25,7584,1.0
25.5,101.5,7585,1.0
25.5,101.75,7586,1.0
25.5,102.0,7587,1.0
25.5,102.25,7588,1.0
25.5,102.5,7589,1.0
25.5,102.75,7590,1.0
25.5,103.0,7591,1.0
25.5,103.25,7592,1.0
25.5,103.5,7593,1.0
25.5,103.75,7594,1.0
25.5,104.0,7595,1.0
25.5,104.25,7596,1.0
25.5,104.5,7597,1.0
25.5,104.75,7598,1.0
25.5,105.0,7599,1.0
25.5,105.25,7600,1.0
25.5,105.5,7601,1.0
25.5,105.75,7602,1.0
25.5,106.0,7603,1.0
25.5,106.25,7604,1.0
25.5,106.5,7605,1.0
25.5,106.75,7606,1.0
25.5,107.0,7607,1.0
25.5,107.25,7608,1.0
25.5,107.5,7609,1.0
25.5,107.75,7610,1.0
25.5,108.0,7611,1.0
25.5,108.25,7612,1.0
25.5,108.5,7613,1.0
25.5,108.75,7614,1.0
25.5,109.0,7615,1.0
25.5,109.25,7616,1.0
25.5,109.5,7617,1.0
25.5,109.75,7618,1.0
25.5,110.0,7619,1.0
25.5,110.25,7620,1.0
25.5,110.5,7621,1.0
25.5,110.75,7622,1.0
25.5,111.0,7623,1.0
25.5,111.25,7624,1.0
25.5,111.5,7625,1.0
25.5,111.75,7626,1.0
25.5,112.0,7627,1.0
25.5,112.25,7628,1.0
25.5,112.5,7629,1.0
25.5,112.75,7630,1.0
25.5,113.0,7631,1.0
25.5,113.25,7632,1.0
25.5,113.5,7633,1.0
25.5,113.75,7634,1.0
25.5,114.0,7635,1.0
25.5,114.25,7636,1.0
25.5,114.5,7637,1.0
25.5,114.75,7638,1.0
25.5,115.0,7639,1.0
25.5,115.25,7640,1.0
25.5,115.5,7641,1.0
25.5,115.75,7642,1.0
25.5,116.0,7643,1.0
25.5,116.25,7644,1.0
25.5,116.5,7645,1.0
25.5,116.75,7646,1.0
25.5,117.0,7647,1.0
25.5,117.25,7648,1.0
25.5,117.5,7649,1.0
25.5,117.75,7650,1.0
25.5,118.0,7651,1.0
25.5,118.25,7652,1.0
25.5,118.5,7653,1.0
25.5,118.75,7654,1.0
25.5,119.0,7655,1.0
25.5,119.25,7656,1.0
25.5,119.5,7657,1.0
25.5,119.75,7658,1.0
25.75,98.5,7822,1.0
25.75,98.75,7823,1.0
25.75,99.0,7824,1.0
25.75,99.25,7825,1.0
25.75,99.5,7826,1.0
25.75,99.75,7827,1.0
25.75,100.0,7828,1.0
25.75,100.25,7829,1.0
25.75,100.5,7830,1.0
25.75,100.75,7831,1.0
25.75,101.0,7832,1.0
25.75,101.25,7833,1.0
25.75,101.5,7834,1.0
25.75,101.75,7835,1.0
25.75,102.0,7836,1.0
25.75,102.25,7837,1.0
25.75,102.5,7838,1.0
25.75,102.75,7839,1.0
25.75,103.0,7840,1.0
25.75,103.25,7841,1.0
25.75,103.5,7842,1.0
25.75,103.75,7843,1.0
25.75,104.0,7844,1.0
25.75,104.25,7845,1.0
25.75,104.5,7846,1.0
25.75,104.75,7847,1.0
25.75,105.0,7848,1.0
25.75,105.25,7849,1.0
25.75,105.5,7850,1.0
25.75,105.75,7851,1.0
25.75,106.0,7852,1.0
25.75,106.25,7853,1.0
25.75,106.5,7854,1.0
25.75,106.75,7855,1.0
25.75,107.0,7856,1.0
25.75,107.25,7857,1.0
25.75,107.5,7858,1.0
25.75,107.75,7859,1.0
25.75,108.0,7860,1.0
25.75,108.25,7861,1.0
25.75,108.5,7862,1.0
25.75,108.75,7863,1.0
25.75,109.0,7864,1.0
25.75,109.25,7865,1.0
25.75,109.5,7866,1.0
25.75,109.75,7867,1.0
25.75,110.0,7868,1.0
25.75,110.25,7869,1.0
25.75,110.5,7870,1.0
25.75,110.75,7871,1.0
25.75,111.0,7872,1.0
25.75,111.25,7873,1.0
25.75,111.5,7874,1.0
25.75,111.75,7875,1.0
25.75,112.0,7876,1.0
25.75,112.25,7877,1.0
25.75,112.5,7878,1.0
25.75,112.75,7879,1.0
25.75,113.0,7880,1.0
25.75,113.25,7881,1.0
25.75,113.5,7882,1.0
25.75,113.75,7883,1.0
25.75,114.0,7884,1.0
25.75,114.25,7885,1.0
25.75,114.5,7886,1.0
25.75,114.75,7887,1.0
25.75,115.0,7888,1.0
25.75,115.25,7889,1.0
25.75,115.5,7890,1.0
25.75,115.75,7891,1.0
25.75,116.0,7892,1.0
25.75,116.25,7893,1.0
25.75,116.5,7894,1.0
25.75,116.75,7895,1.0
25.75,117.0,7896,1.0
25.75,117.25,7897,1.0
25.75,117.5,7898,1.0
25.75,117.75,7899,1.0
25.75,118.0,7900,1.0
25.75,118.25,7901,1.0
25.75,118.5,7902,1.0
25.75,118.75,7903,1.0
25.75,119.0,7904,1.0
25.75,119.25,7905,1.0
25.75,119.5,7906,1.0
26.0,98.75,8072,1.0
26.0,99.0,8073,1.0
26.0,99.25,8074,1.0
26.0,99.5,8075,1.0
26.0,99.75,8076,1.0
26.0,100.0,8077,1.0
26.0,100.25,8078,1.0
26.0,100.5,8079,1.0
26.0,100.75,8080,1.0
26.0,101.0,8081,1.0
26.0,101.25,8082,1.0
26.0,101.5,8083,1.0
26.0,101.75,8084,1.0
26.0,102.0,8085,1.0
26.0,102.25,8086,1.0
26.0,102.5,8087,1.0
26.0,102.75,8088,1.0
26.0,103.0,8089,1.0
26.0,103.25,8090,1.0
26.0,103.5,8091,1.0
26.0,103.75,8092,1.0
26.0,104.0,8093,1.0
26.0,104.25,8094,1.0
26.0,104.5,8095,1.0
26.0,104.75,8096,1.0
26.0,105.0,8097,1.0
26.0,105.25,8098,1.0
26.0,105.5,8099,1.0
26.0,105.75,8100,1.0
26.0,106.0,8101,1.0
26.0,106.25,8102,1.0
26.0,106.5,8103,1.0
26.0,106.75,8104,1.0
26.0,107.0,8105,1.0
26.0,107.25,8106,1.0
26.0,107.5,8107,1.0
26.0,107.75,8108,1.0
26.0,108.0,8109,1.0
26.0,108.25,8110,1.0
26.0,108.5,8111,1.0
26.0,108.75,8112,1.0
26.0,109.0,8113,1.0
26.0,109.25,8114,1.0
26.0,109.5,8115,1.0
26.0,109.75,8116,1.0
26.0,110.0,8117,1.0
26.0,110.25,8118,1.0
26.0,110.5,8119,1.0
26.0,110.75,8120,1.0
26.0,111.0,8121,1.0
26.0,111.25,8122,1.0
26.0,111.5,8123,1.0
26.0,111.75,8124,1.0
26.0,112.0,8125,1.0
26.0,112.25,8126,1.0
26.0,112.5,8127,1.0
26.0,112.75,8128,1.0
26.0,113.0,8129,1.0
26.0,113.25,8130,1.0
26.0,113.5,8131,1.0
26.0,113.75,8132,1.0
26.0,114.0,8133,1.0
26.0,114.25,8134,1.0
26.0,114.5,8135,1.0
26.0,114.75,8136,1.0
26.0,115.0,8137,1.0
26.0,115.25,8138,1.0
26.0,115.5,8139,1.0
26.0,115.75,8140,1.0
26.0,116.0,8141,1.0
26.0,116.25,8142,1.0
26.0,116.5,8143,1.0
26.0,116.75,8144,1.0
26.0,117.0,8145,1.0
26.0,117.25,8146,1.0
26.0,117.5,8147,1.0
26.0,117.75,8148,1.0
26.0,118.0,8149,1.0
26.0,118.25,8150,1.0
26.0,118.5,8151,1.0
26.0,118.75,8152,1.0
26.0,119.0,8153,1.0
26.0,119.5,8155,1.0
26.25,98.75,8321,1.0
26.25,99.0,8322,1.0
26.25,99.25,8323,1.0
26.25,99.5,8324,1.0
26.25,99.75,8325,1.0
26.25,100.0,8326,1.0
26.25,100.25,8327,1.0
26.25,100.5,8328,1.0
26.25,100.75,8329,1.0
26.25,101.0,8330,1.0
26.25,101.25,8331,1.0
26.25,101.5,8332,1.0
26.25,101.75,8333,1.0
26.25,102.0,8334,1.0
26.25,102.25,8335,1.0
26.25,102.5,8336,1.0
26.25,102.75,8337,1.0
26.25,103.0,8338,1.0
26.25,103.25,8339,1.0
26.25,103.5,8340,1.0
26.25,103.75,8341,1.0
26.25,104.0,8342,1.0
26.25,104.25,8343,1.0
26.25,104.5,8344,1.0
26.25,104.75,8345,1.0
26.25,105.0,8346,1.0
26.25,105.25,8347,1.0
26.25,105.5,8348,1.0
26.25,105.75,8349,1.0
26.25,106.0,8350,1.0
26.25,106.25,8351,1.0
26.25,106.5,8352,1.0
26.25,106.75,8353,1.0
26.25,107.0,8354,1.0
26.25,107.25,8355,1.0
26.25,107.5,8356,1.0
26.25,107.75,8357,1.0
26.25,108.0,8358,1.0
26.25,108.25,8359,1.0
26.25,108.5,8360,1.0
26.25,108.75,8361,1.0
26.25,109.0,8362,1.0
26.25,109.25,8363,1.0
26.25,109.5,8364,1.0
26.25,109.75,8365,1.0
26.25,110.0,8366,1.0
26.25,110.25,8367,1.0
26.25,110.5,8368,1.0
26.25,110.75,8369,1.0
26.25,111.0,8370,1.0
26.25,111.25,8371,1.0
26.25,111.5,8372,1.0
26.25,111.75,8373,1.0
26.25,112.0,8374,1.0
26.25,112.25,8375,1.0
26.25,112.5,8376,1.0
26.25,112.75,8377,1.0
26.25,113.0,8378,1.0
26.25,113.25,8379,1.0
26.25,113.5,8380,1.0
26.25,113.75,8381,1.0
26.25,114.0,8382,1.0
26.25,114.25,8383,1.0
26.25,114.5,8384,1.0
26.25,114.75,8385,1.0
26.25,115.0,8386,1.0
26.25,115.25,8387,1.0
26.25,115.5,8388,1.0
26.25,115.75,8389,1.0
26.25,116.0,8390,1.0
26.25,116.25,8391,1.0
26.25,116.5,8392,1.0
26.25,116.75,8393,1.0
26.25,117.0,8394,1.0
26.25,117.25,8395,1.0
26.25,117.5,8396,1.0
26.25,117.75,8397,1.0
26.25,118.0,8398,1.0
26.25,118.25,8399,1.0
26.25,118.5,8400,1.0
26.25,118.75,8401,1.0
26.25,119.0,8402,1.0
26.25,119.25,8403,1.0
26.25,119.5,8404,1.0
26.5,98.75,8570,1.0
26.5,99.0,8571,1.0
26.5,99.25,8572,1.0
26.5,99.5,8573,1.0
26.5,99.75,8574,1.0
26.5,100.0,8575,1.0
26.5,100.25,8576,1.0
26.5,100.5,8577,1.0
26.5,100.75,8578,1.0
26.5,101.0,8579,1.0
26.5,101.25,8580,1.0
26.5,101.5,8581,1.0
26.5,101.75,8582,1.0
26.5,102.0,8583,1.0
26.5,102.25,8584,1.0
26.5,102.5,8585,1.0
26.5,102.75,8586,1.0
26.5,103.0,8587,1.0
26.5,103.25,8588,1.0
26.5,103.5,8589,1.0
26.5,103.75,8590,1.0
26.5,104.0,8591,1.0
26.5,104.25,8592,1.0
26.5,104.5,8593,1.0
26.5,104.75,8594,1.0
26.5,105.0,8595,1.0
26.5,105.25,8596,1.0
26.5,105.5,8597,1.0
26.5,105.75,8598,1.0
26.5,106.0,8599,1.0
26.5,106.25,8600,1.0
26.5,106.5,8601,1.0
26.5,106.75,8602,1.0
26.5,107.0,8603,1.0
26.5,107.25,8604,1.0
26.5,107.5,8605,1.0
26.5,107.75,8606,1.0
26.5,108.0,8607,1.0
26.5,108.25,8608,1.0
26.5,108.5,8609,1.0
26.5,108.75,8610,1.0
26.5,109.0,8611,1.0
26.5,109.25,8612,1.0
26.5,109.5,8613,1.0
26.5,109.75,8614,1.0
26.5,110.0,8615,1.0
26.5,110.25,8616,1.0
26.5,110.5,8617,1.0
26.5,110.75,8618,1.0
26.5,111.0,8619,1.0
26.5,111.25,8620,1.0
26.5,111.5,8621,1.0
26.5,111.75,8622,1.0
26.5,112.0,8623,1.0
26.5,112.25,8624,1.0
26.5,112.5,8625,1.0
26.5,112.75,8626,1.0
26.5,113.0,8627,1.0
26.5,113.25,8628,1.0
26.5,113.5,8629,1.0
26.5,113.75,8630,1.0
26.5,114.0,8631,1.0
26.5,114.25,8632,1.0
26.5,114.5,8633,1.0
26.5,114.75,8634,1.0
26.5,115.0,8635,1.0
26.5,115.25,8636,1.0
26.5,115.5,8637,1.0
26.5,115.75,8638,1.0
26.5,116.0,8639,1.0
26.5,116.25,8640,1.0
26.5,116.5,8641,1.0
26.5,116.75,8642,1.0
26.5,117.0,8643,1.0
26.5,117.25,8644,1.0
26.5,117.5,8645,1.0
26.5,117.75,8646,1.0
26.5,118.0,8647,1.0
26.5,118.25,8648,1.0
26.5,118.5,8649,1.0
26.5,118.75,8650,1.0
26.5,119.0,8651,1.0
26.5,119.25,8652,1.0
26.5,119.5,8653,1.0
26.5,119.75,8654,1.0
26.75,98.75,8819,1.0
26.75,99.0,8820,1.0
26.75,99.25,8821,1.0
26.75,99.5,8822,1.0
26.75,99.75,8823,1.0
26.75,100.0,8824,1.0
26.75,100.25,8825,1.0
26.75,100.5,8826,1.0
26.75,100.75,8827,1.0
26.75,101.0,8828,1.0
26.75,101.25,8829,1.0
26.75,101.5,8830,1.0
26.75,101.75,8831,1.0
26.75,102.0,8832,1.0
26.75,102.25,8833,1.0
26.75,102.5,8834,1.0
26.75,102.75,8835,1.0
26.75,103.0,8836,1.0
26.75,103.25,8837,1.0
26.75,103.5,8838,1.0
26.75,103.75,8839,1.0
26.75,104.0,8840,1.0
26.75,104.25,8841,1.0
26.75,104.5,8842,1.0
26.75,104.75,8843,1.0
26.75,105.0,8844,1.0
26.75,105.25,8845,1.0
26.75,105.5,8846,1.0
26.75,105.75,8847,1.0
26.75,106.0,8848,1.0
26.75,106.25,8849,1.0
26.75,106.5,8850,1.0
26.75,106.75,8851,1.0
26.75,107.0,8852,1.0
26.75,107.25,8853,1.0
26.75,107.5,8854,1.0
26.75,107.75,8855,1.0
26.75,108.0,8856,1.0
26.75,108.25,8857,1.0
26.75,108.5,8858,1.0
26.75,108.75,8859,1.0
26.75,109.0,8860,1.0
26.75,109.25,8861,1.0
26.75,109.5,8862,1.0
26.75,109.75,8863,1.0
26.75,110.0,8864,1.0
26.75,110.25,8865,1.0
26.75,110.5,8866,1.0
26.75,110.75,8867,1.0
26.75,111.0,8868,1.0
26.75,111.25,8869,1.0
26.75,111.5,8870,1.0
26.75,111.75,8871,1.0
26.75,112.0,8872,1.0
26.75,112.25,8873,1.0
26.75,112.5,8874,1.0
26.75,112.75,8875,1.0
26.75,113.0,8876,1.0
26.75,113.25,8877,1.0
26.75,113.5,8878,1.0
26.75,113.75,8879,1.0
26.75,114.0,8880,1.0
26.75,114.25,8881,1.0
26.75,114.5,8882,1.0
26.75,114.75,8883,1.0
26.75,115.0,8884,1.0
26.75,115.25,8885,1.0
26.75,115.5,8886,1.0
26.75,115.75,8887,1.0
26.75,116.0,8888,1.0
26.75,116.25,8889,1.0
26.75,116.5,8890,1.0
26.75,116.75,8891,1.0
26.75,117.0,8892,1.0
26.75,117.25,8893,1.0
26.75,117.5,8894,1.0
26.75,117.75,8895,1.0
26.75,118.0,8896,1.0
26.75,118.25,8897,1.0
26.75,118.5,8898,1.0
26.75,118.75,8899,1.0
26.75,119.0,8900,1.0
26.75,119.25,8901,1.0
26.75,119.5,8902,1.0
26.75,120.0,8904,1.0
27.0,98.75,9068,1.0
27.0,99.0,9069,1.0
27.0,99.25,9070,1.0
27.0,99.5,9071,1.0
27.0,99.75,9072,1.0
27.0,100.0,9073,1.0
27.0,100.25,9074,1.0
27.0,100.5,9075,1.0
27.0,100.75,9076,1.0
27.0,101.0,9077,1.0
27.0,101.25,9078,1.0
27.0,101.5,9079,1.0
27.0,101.75,9080,1.0
27.0,102.0,9081,1.0
27.0,102.25,9082,1.0
27.0,102.5,9083,1.0
27.0,102.75,9084,1.0
27.0,103.0,9085,1.0
27.0,103.25,9086,1.0
27.0,103.5,9087,1.0
27.0,103.75,9088,1.0
27.0,104.0,9089,1.0
27.0,104.25,9090,1.0
27.0,104.5,9091,1.0
27.0,104.75,9092,1.0
27.0,105.0,9093,1.0
27.0,105.25,9094,1.0
27.0,105.5,9095,1.0
27.0,105.75,9096,1.0
27.0,106.0,9097,1.0
27.0,106.25,9098,1.0
27.0,106.5,9099,1.0
27.0,106.75,9100,1.0
27.0,107.0,9101,1.0
27.0,107.25,9102,1.0
27.0,107.5,9103,1.0
27.0,107.75,9104,1.0
27.0,108.0,9105,1.0
27.0,108.25,9106,1.0
27.0,108.5,9107,1.0
27.0,108.75,9108,1.0
27.0,109.0,9109,1.0
27.0,109.25,9110,1.0
27.0,109.5,9111,1.0
27.0,109.75,9112,1.0
27.0,110.0,9113,1.0
27.0,110.25,9114,1.0
27.0,110.5,9115,1.0
27.0,110.75,9116,1.0
27.0,111.0,9117,1.0
27.0,111.25,9118,1.0
27.0,111.5,9119,1.0
27.0,111.75,9120,1.0
27.0,112.0,9121,1.0
27.0,112.25,9122,1.0
27.0,112.5,9123,1.0
27.0,112.75,9124,1.0
27.0,113.0,9125,1.0
27.0,113.25,9126,1.0
27.0,113.5,9127,1.0
27.0,113.75,9128,1.0
27.0,114.0,9129,1.0
27.0,114.25,9130,1.0
27.0,114.5,9131,1.0
27.0,114.75,9132,1.0
27.0,115.0,9133,1.0
27.0,115.25,9134,1.0
27.0,115.5,9135,1.0
27.0,115.75,9136,1.0
27.0,116.0,9137,1.0
27.0,116.25,9138,1.0
27.0,116.5,9139,1.0
27.0,116.75,9140,1.0
27.0,117.0,9141,1.0
27.0,117.25,9142,1.0
27.0,117.5,9143,1.0
27.0,117.75,9144,1.0
27.0,118.0,9145,1.0
27.0,118.25,9146,1.0
27.0,118.5,9147,1.0
27.0,118.75,9148,1.0
27.0,119.0,9149,1.0
27.0,119.25,9150,1.0
27.0,119.5,9151,1.0
27.0,119.75,9152,1.0
27.0,120.0,9153,1.0
27.25,98.75,9317,1.0
27.25,99.0,9318,1.0
27.25,99.25,9319,1.0
27.25,99.5,9320,1.0
27.25,99.75,9321,1.0
27.25,100.0,9322,1.0
27.25,100.25,9323,1.0
27.25,100.5,9324,1.0
27.25,100.75,9325,1.0
27.25,101.0,9326,1.0
27.25,101.25,9327,1.0
27.25,101.5,9328,1.0
27.25,101.75,9329,1.0
27.25,102.0,9330,1.0
27.25,102.25,9331,1.0
27.25,102.5,9332,1.0
27.25,102.75,9333,1.0
27.25,103.0,9334,1.0
27.25,103.25,9335,1.0
27.25,103.5,9336,1.0
27.25,103.75,9337,1.0
27.25,104.0,9338,1.0
27.25,104.25,9339,1.0
27.25,104.5,9340,1.0
27.25,104.75,9341,1.0
27.25,105.0,9342,1.0
27.25,105.25,9343,1.0
27.25,105.5,9344,1.0
27.25,105.75,9345,1.0
27.25,106.0,9346,1.0
27.25,106.25,9347,1.0
27.25,106.5,9348,1.0
27.25,106.75,9349,1.0
27.25,107.0,9350,1.0
27.25,107.25,9351,1.0
27.25,107.5,9352,1.0
27.25,107.75,9353,1.0
27.25,108.0,9354,1.0
27.25,108.25,9355,1.0
27.25,108.5,9356,1.0
27.25,108.75,9357,1.0
27.25,109.0,9358,1.0
27.25,109.25,9359,1.0
27.25,109.5,9360,1.0
27.25,109.75,9361,1.0
27.25,110.0,9362,1.0
27.25,110.25,9363,1.0
27.25,110.5,9364,1.0
27.25,110.75,9365,1.0
27.25,111.0,9366,1.0
27.25,111.25,9367,1.0
27.25,111.5,9368,1.0
27.25,111.75,9369,1.0
27.25,112.0,9370,1.0
27.25,112.25,9371,1.0
27.25,112.5,9372,1.0
27.25,112.75,9373,1.0
27.25,113.0,9374,1.0
27.25,113.25,9375,1.0
27.25,113.5,9376,1.0
27.25,113.75,9377,1.0
27.25,114.0,9378,1.0
27.25,114.25,9379,1.0
27.25,114.5,9380,1.0
27.25,114.75,9381,1.0
27.25,115.0,9382,1.0
27.25,115.25,9383,1.0
27.25,115.5,9384,1.0
27.25,115.75,9385,1.0
27.25,116.0,9386,1.0
27.25,116.25,9387,1.0
27.25,116.5,9388,1.0
27.25,116.75,9389,1.0
27.25,117.0,9390,1.0
27.25,117.25,9391,1.0
27.25,117.5,9392,1.0
27.25,117.75,9393,1.0
27.25,118.0,9394,1.0
27.25,118.25,9395,1.0
27.25,118.5,9396,1.0
27.25,118.75,9397,1.0
27.25,119.0,9398,1.0
27.25,119.25,9399,1.0
27.25,119.5,9400,1.0
27.25,119.75,9401,1.0
27.25,120.0,9402,1.0
27.25,120.25,9403,1.0
27.5,98.75,9566,1.0
27.5,99.0,9567,1.0
27.5,99.25,9568,1.0
27.5,99.5,9569,1.0
27.5,99.75,9570,1.0
27.5,100.0,9571,1.0
27.5,100.25,9572,1.0
27.5,100.5,9573,1.0
27.5,100.75,9574,1.0
27.5,101.0,9575,1.0
27.5,101.25,9576,1.0
27.5,101.5,9577,1.0
27.5,101.75,9578,1.0
27.5,102.0,9579,1.0
27.5,102.25,9580,1.0
27.5,102.5,9581,1.0
27.5,102.75,9582,1.0
27.5,103.0,9583,1.0
27.5,103.25,9584,1.0
27.5,103.5,9585,1.0
27.5,103.75,9586,1.0
27.5,104.0,9587,1.0
27.5,104.25,9588,1.0
27.5,104.5,9589,1.0
27.5,104.75,9590,1.0
27.5,105.0,9591,1.0
27.5,105.25,9592,1.0
27.5,105.5,9593,1.0
27.5,105.75,9594,1.0
27.5,106.0,9595,1.0
27.5,106.25,9596,1.0
27.5,106.5,9597,1.0
27.5,106.75,9598,1.0
27.5,107.0,9599,1.0
27.5,107.25,9600,1.0
27.5,107.5,9601,1.0
27.5,107.75,9602,1.0
27.5,108.0,9603,1.0
27.5,108.25,9604,1.0
27.5,108.5,9605,1.0
27.5,108.75,9606,1.0
27.5,109.0,9607,1.0
27.5,109.25,9608,1.0
27.5,109.5,9609,1.0
27.5,109.75,9610,1.0
27.5,110.0,9611,1.0
27.5,110.25,9612,1.0
27.5,110.5,9613,1.0
27.5,110.75,9614,1.0
27.5,111.0,9615,1.0
27.5,111.25,9616,1.0
27.5,111.5,9617,1.0
27.5,111.75,9618,1.0
27.5,112.0,9619,1.0
27.5,112.25,9620,1.0
27.5,112.5,9621,1.0
27.5,112.75,9622,1.0
27.5,113.0,9623,1.0
27.5,113.25,9624,1.0
27.5,113.5,9625,1.0
27.5,113.75,9626,1.0
27.5,114.0,9627,1.0
27.5,114.25,9628,1.0
27.5,114.5,9629,1.0
27.5,114.75,9630,1.0
27.5,115.0,9631,1.0
27.5,115.25,9632,1.0
27.5,115.5,9633,1.0
27.5,115.75,9634,1.0
27.5,116.0,9635,1.0
27.5,116.25,9636,1.0
27.5,116.5,9637,1.0
27.5,116.75,9638,1.0
27.5,117.0,9639,1.0
27.5,117.25,9640,1.0
27.5,117.5,9641,1.0
27.5,117.75,9642,1.0
27.5,118.0,9643,1.0
27.5,118.25,9644,1.0
27.5,118.5,9645,1.0
27.5,118.75,9646,1.0
27.5,119.0,9647,1.0
27.5,119.25,9648,1.0
27.5,119.5,9649,1.0
27.5,119.75,9650,1.0
27.5,120.0,9651,1.0
27.5,120.25,9652,1.0
27.5,120.5,9653,1.0
27.75,89.0,9776,1.0
27.75,92.0,9788,1.0
27.75,98.25,9813,1.0
27.75,98.5,9814,1.0
27.75,98.75,9815,1.0
27.75,99.0,9816,1.0
27.75,99.25,9817,1.0
27.75,99.5,9818,1.0
27.75,99.75,9819,1.0
27.75,100.0,9820,1.0
27.75,100.25,9821,1.0
27.75,100.5,9822,1.0
27.75,100.75,9823,1.0
27.75,101.0,9824,1.0
27.75,101.25,9825,1.0
27.75,101.5,9826,1.0
27.75,101.75,9827,1.0
27.75,102.0,9828,1.0
27.75,102.25,9829,1.0
27.75,102.5,9830,1.0
27.75,102.75,9831,1.0
27.75,103.0,9832,1.0
27.75,103.25,9833,1.0
27.75,103.5,9834,1.0
27.75,103.75,9835,1.0
27.75,104.0,9836,1.0
27.75,104.25,9837,1.0
27.75,104.5,9838,1.0
27.75,104.75,9839,1.0
27.75,105.0,9840,1.0
27.75,105.25,9841,1.0
27.75,105.5,9842,1.0
27.75,105.75,9843,1.0
27.75,106.0,9844,1.0
27.75,106.25,9845,1.0
27.75,106.5,9846,1.0
27.75,106.75,9847,1.0
27.75,107.0,9848,1.0
27.75,107.25,9849,1.0
27.75,107.5,9850,1.0
27.75,107.75,9851,1.0
27.75,108.0,9852,1.0
27.75,108.25,9853,1.0
27.75,108.5,9854,1.0
27.75,108.75,9855,1.0
27.75,109.0,9856,1.0
27.75,109.25,9857,1.0
27.75,109.5,9858,1.0
27.75,109.75,9859,1.0
27.75,110.0,9860,1.0
27.75,110.25,9861,1.0
27.75,110.5,9862,1.0
27.75,110.75,9863,1.0
27.75,111.0,9864,1.0
27.75,111.25,9865,1.0
27.75,111.5,9866,1.0
27.75,111.75,9867,1.0
27.75,112.0,9868,1.0
27.75,112.25,9869,1.0
27.75,112.5,9870,1.0
27.75,112.75,9871,1.0
27.75,113.0,9872,1.0
27.75,113.25,9873,1.0
27.75,113.5,9874,1.0
27.75,113.75,9875,1.0
27.75,114.0,9876,1.0
27.75,114.25,9877,1.0
27.75,114.5,9878,1.0
27.75,114.75,9879,1.0
27.75,115.0,9880,1.0
27.75,115.25,9881,1.0
27.75,115.5,9882,1.0
27.75,115.75,9883,1.0
27.75,116.0,9884,1.0
27.75,116.25,9885,1.0
27.75,116.5,9886,1.0
27.75,116.75,9887,1.0
27.75,117.0,9888,1.0
27.75,117.25,9889,1.0
27.75,117.5,9890,1.0
27.75,117.75,9891,1.0
27.75,118.0,9892,1.0
27.75,118.25,9893,1.0
27.75,118.5,9894,1.0
27.75,118.75,9895,1.0
27.75,119.0,9896,1.0
27.75,119.25,9897,1.0
27.75,119.5,9898,1.0
27.75,119.75,9899,1.0
27.75,120.0,9900,1.0
27.75,120.25,9901,1.0
27.75,120.5,9902,1.0
28.0,86.0,10013,1.0
28.0,86.5,10015,1.0
28.0,87.0,10017,1.0
28.0,87.25,10018,1.0
28.0,87.5,10019,1.0
28.0,87.75,10020,1.0
28.0,88.0,10021,1.0
28.0,88.25,10022,1.0
28.0,89.0,10025,1.0
28.0,89.25,10026,1.0
28.0,91.0,10033,1.0
28.0,91.5,10035,1.0
28.0,91.75,10036,1.0
28.0,92.0,10037,1.0
28.0,92.25,10038,1.0
28.0,92.5,10039,1.0
28.0,98.25,10062,1.0
28.0,98.5,10063,1.0
28.0,98.75,10064,1.0
28.0,99.0,10065,1.0
28.0,99.25,10066,1.0
28.0,99.5,10067,1.0
28.0,99.75,10068,1.0
28.0,100.0,10069,1.0
28.0,100.25,10070,1.0
28.0,100.5,10071,1.0
28.0,100.75,10072,1.0
28.0,101.0,10073,1.0
28.0,101.25,10074,1.0
28.0,101.5,10075,1.0
28.0,101.75,10076,1.0
28.0,102.0,10077,1.0
28.0,102.25,10078,1.0
28.0,102.5,10079,1.0
28.0,102.75,10080,1.0
28.0,103.0,10081,1.0
28.0,103.25,10082,1.0
28.0,103.5,10083,1.0
28.0,103.75,10084,1.0
28.0,104.0,10085,1.0
28.0,104.25,10086,1.0
28.0,104.5,10087,1.0
28.0,104.75,10088,1.0
28.0,105.0,10089,1.0
28.0,105.25,10090,1.0
28.0,105.5,10091,1.0
28.0,105.75,10092,1.0
28.0,106.0,10093,1.0
28.0,106.25,10094,1.0
28.0,106.5,10095,1.0
28.0,106.75,10096,1.0
28.0,107.0,10097,1.0
28.0,107.25,10098,1.0
28.0,107.5,10099,1.0
28.0,107.75,10100,1.0
28.0,108.0,10101,1.0
28.0,108.25,10102,1.0
28.0,108.5,10103,1.0
28.0,108.75,10104,1.0
28.0,109.0,10105,1.0
28.0,109.25,10106,1.0
28.0,109.5,10107,1.0
28.0,109.75,10108,1.0
28.0,110.0,10109,1.0
28.0,110.25,10110,1.0
28.0,110.5,10111,1.0
28.0,110.75,10112,1.0
28.0,111.0,10113,1.0
28.0,111.25,10114,1.0
28.0,111.5,10115,1.0
28.0,111.75,10116,1.0
28.0,112.0,10117,1.0
28.0,112.25,10118,1.0
28.0,112.5,10119,1.0
28.0,112.75,10120,1.0
28.0,113.0,10121,1.0
28.0,113.25,10122,1.0
28.0,113.5,10123,1.0
28.0,113.75,10124,1.0
28.0,114.0,10125,1.0
28.0,114.25,10126,1.0
28.0,114.5,10127,1.0
28.0,114.75,10128,1.0
28.0,115.0,10129,1.0
28.0,115.25,10130,1.0
28.0,115.5,10131,1.0
28.0,115.75,10132,1.0
28.0,116.0,10133,1.0
28.0,116.25,10134,1.0
28.0,116.5,10135,1.0
28.0,116.75,10136,1.0
28.0,117.0,10137,1.0
28.0,117.25,10138,1.0
28.0,117.5,10139,1.0
28.0,117.75,10140,1.0
28.0,118.0,10141,1.0
28.0,118.25,10142,1.0
28.0,118.5,10143,1.0
28.0,118.75,10144,1.0
28.0,119.0,10145,1.0
28.0,119.25,10146,1.0
28.0,119.5,10147,1.0
28.0,119.75,10148,1.0
28.0,120.0,10149,1.0
28.0,120.25,10150,1.0
28.0,120.5,10151,1.0
28.0,120.75,10152,1.0
28.25,85.75,10261,1.0
28.25,86.0,10262,1.0
28.25,86.25,10263,1.0
28.25,86.5,10264,1.0
28.25,86.75,10265,1.0
28.25,87.0,10266,1.0
28.25,87.25,10267,1.0
28.25,87.5,10268,1.0
28.25,87.75,10269,1.0
28.25,88.0,10270,1.0
28.25,88.25,10271,1.0
28.25,88.5,10272,1.0
28.25,88.75,10273,1.0
28.25,89.0,10274,1.0
28.25,89.25,10275,1.0
28.25,89.5,10276,1.0
28.25,89.75,10277,1.0
28.25,90.5,10280,1.0
28.25,90.75,10281,1.0
28.25,91.0,10282,1.0
28.25,91.25,10283,1.0
28.25,91.5,10284,1.0
28.25,91.75,10285,1.0
28.25,92.0,10286,1.0
28.25,92.25,10287,1.0
28.25,92.5,10288,1.0
28.25,92.75,10289,1.0
28.25,98.0,10310,1.0
28.25,98.25,10311,1.0
28.25,98.5,10312,1.0
28.25,98.75,10313,1.0
28.25,99.0,10314,1.0
28.25,99.25,10315,1.0
28.25,99.5,10316,1.0
28.25,99.75,10317,1.0
28.25,100.0,10318,1.0
28.25,100.25,10319,1.0
28.25,100.5,10320,1.0
28.25,100.75,10321,1.0
28.25,101.0,10322,1.0
28.25,101.25,10323,1.0
28.25,101.5,10324,1.0
28.25,101.75,10325,1.0
28.25,102.0,10326,1.0
28.25,102.25,10327,1.0
28.25,102.5,10328,1.0
28.25,102.75,10329,1.0
28.25,103.0,10330,1.0
28.25,103.25,10331,1.0
28.25,103.5,10332,1.0
28.25,103.75,10333,1.0
28.25,104.0,10334,1.0
28.25,104.25,10335,1.0
28.25,104.5,10336,1.0
28.25,104.75,10337,1.0
28.25,105.0,10338,1.0
28.25,105.25,10339,1.0
28.25,105.5,10340,1.0
28.25,105.75,10341,1.0
28.25,106.0,10342,1.0
28.25,106.25,10343,1.0
28.25,106.5,10344,1.0
28.25,106.75,10345,1.0
28.25,107.0,10346,1.0
28.25,107.25,10347,1.0
28.25,107.5,10348,1.0
28.25,107.75,10349,1.0
28.25,108.0,10350,1.0
28.25,108.25,10351,1.0
28.25,108.5,10352,1.0
28.25,108.75,10353,1.0
28.25,109.0,10354,1.0
28.25,109.25,10355,1.0
28.25,109.5,10356,1.0
28.25,109.75,10357,1.0
28.25,110.0,10358,1.0
28.25,110.25,10359,1.0
28.25,110.5,10360,1.0
28.25,110.75,10361,1.0
28.25,111.0,10362,1.0
28.25,111.25,10363,1.0
28.25,111.5,10364,1.0
28.25,111.75,10365,1.0
28.25,112.0,10366,1.0
28.25,112.25,10367,1.0
28.25,112.5,10368,1.0
28.25,112.75,10369,1.0
28.25,113.0,10370,1.0
28.25,113.25,10371,1.0
28.25,113.5,10372,1.0
28.25,113.75,10373,1.0
28.25,114.0,10374,1.0
28.25,114.25,10375,1.0
28.25,114.5,10376,1.0
28.25,114.75,10377,1.0
28.25,115.0,10378,1.0
28.25,115.25,10379,1.0
28.25,115.5,10380,1.0
28.25,115.75,10381,1.0
28.25,116.0,10382,1.0
28.25,116.25,10383,1.0
28.25,116.5,10384,1.0
28.25,116.75,10385,1.0
28.25,117.0,10386,1.0
28.25,117.25,10387,1.0
28.25,117.5,10388,1.0
28.25,117.75,10389,1.0
28.25,118.0,10390,1.0
28.25,118.25,10391,1.0
28.25,118.5,10392,1.0
28.25,118.75,10393,1.0
28.25,119.0,10394,1.0
28.25,119.25,10395,1.0
28.25,119.5,10396,1.0
28.25,119.75,10397,1.0
28.25,120.0,10398,1.0
28.25,120.25,10399,1.0
28.25,120.5,10400,1.0
28.25,120.75,10401,1.0
28.25,121.0,10402,1.0
28.5,85.25,10508,1.0
28.5,85.5,10509,1.0
28.5,85.75,10510,1.0
28.5,86.0,10511,1.0
28.5,86.25,10512,1.0
28.5,86.5,10513,1.0
28.5,86.75,10514,1.0
28.5,87.0,10515,1.0
28.5,87.25,10516,1.0
28.5,87.5,10517,1.0
28.5,87.75,10518,1.0
28.5,88.0,10519,1.0
28.5,88.25,10520,1.0
28.5,88.5,10521,1.0
28.5,88.75,10522,1.0
28.5,89.0,10523,1.0
28.5,89.25,10524,1.0
28.5,89.5,10525,1.0
28.5,89.75,10526,1.0
28.5,90.0,10527,1.0
28.5,90.25,10528,1.0
28.5,90.5,10529,1.0
28.5,90.75,10530,1.0
28.5,91.0,10531,1.0
28.5,91.25,10532,1.0
28.5,91.5,10533,1.0
28.5,91.75,10534,1.0
28.5,92.0,10535,1.0
28.5,92.25,10536,1.0
28.5,92.5,10537,1.0
28.5,92.75,10538,1.0
28.5,93.0,10539,1.0
28.5,96.5,10553,1.0
28.5,96.75,10554,1.0
28.5,97.0,10555,1.0
28.5,97.25,10556,1.0
28.5,97.5,10557,1.0
28.5,97.75,10558,1.0
28.5,98.0,10559,1.0
28.5,98.25,10560,1.0
28.5,98.5,10561,1.0
28.5,98.75,10562,1.0
28.5,99.0,10563,1.0
28.5,99.25,10564,1.0
28.5,99.5,10565,1.0
28.5,99.75,10566,1.0
28.5,100.0,10567,1.0
28.5,100.25,10568,1.0
28.5,100.5,10569,1.0
28.5,100.75,10570,1.0
28.5,101.0,10571,1.0
28.5,101.25,10572,1.0
28.5,101.5,10573,1.0
28.5,101.75,10574,1.0
28.5,102.0,10575,1.0
28.5,102.25,10576,1.0
28.5,102.5,10577,1.0
28.5,102.75,10578,1.0
28.5,103.0,10579,1.0
28.5,103.25,10580,1.0
28.5,103.5,10581,1.0
28.5,103.75,10582,1.0
28.5,104.0,10583,1.0
28.5,104.25,10584,1.0
28.5,104.5,10585,1.0
28.5,104.75,10586,1.0
28.5,105.0,10587,1.0
28.5,105.25,10588,1.0
28.5,105.5,10589,1.0
28.5,105.75,10590,1.0
28.5,106.0,10591,1.0
28.5,106.25,10592,1.0
28.5,106.5,10593,1.0
28.5,106.75,10594,1.0
28.5,107.0,10595,1.0
28.5,107.25,10596,1.0
28.5,107.5,10597,1.0
28.5,107.75,10598,1.0
28.5,108.0,10599,1.0
28.5,108.25,10600,1.0
28.5,108.5,10601,1.0
28.5,108.75,10602,1.0
28.5,109.0,10603,1.0
28.5,109.25,10604,1.0
28.5,109.5,10605,1.0
28.5,109.75,10606,1.0
28.5,110.0,10607,1.0
28.5,110.25,10608,1.0
28.5,110.5,10609,1.0
28.5,110.75,10610,1.0
28.5,111.0,10611,1.0
28.5,111.25,10612,1.0
28.5,111.5,10613,1.0
28.5,111.75,10614,1.0
28.5,112.0,10615,1.0
28.5,112.25,10616,1.0
28.5,112.5,10617,1.0
28.5,112.75,10618,1.0
28.5,113.0,10619,1.0
28.5,113.25,10620,1.0
28.5,113.5,10621,1.0
28.5,113.75,10622,1.0
28.5,114.0,10623,1.0
28.5,114.25,10624,1.0
28.5,114.5,10625,1.0
28.5,114.75,10626,1.0
28.5,115.0,10627,1.0
28.5,115.25,10628,1.0
28.5,115.5,10629,1.0
28.5,115.75,10630,1.0
28.5,116.0,10631,1.0
28.5,116.25,10632,1.0
28.5,116.5,10633,1.0
28.5,116.75,10634,1.0
28.5,117.0,10635,1.0
28.5,117.25,10636,1.0
28.5,117.5,10637,1.0
28.5,117.75,10638,1.0
28.5,118.0,10639,1.0
28.5,118.25,10640,1.0
28.5,118.5,10641,1.0
28.5,118.75,10642,1.0
28.5,119.0,10643,1.0
28.5,119.25,10644,1.0
28.5,119.5,10645,1.0
28.5,119.75,10646,1.0
28.5,120.0,10647,1.0
28.5,120.25,10648,1.0
28.5,120.5,10649,1.0
28.5,120.75,10650,1.0
28.5,121.0,10651,1.0
28.5,121.25,10652,1.0
28.5,121.5,10653,1.0
28.75,84.5,10754,1.0
28.75,84.75,10755,1.0
28.75,85.0,10756,1.0
28.75,85.25,10757,1.0
28.75,85.5,10758,1.0
28.75,85.75,10759,1.0
28.75,86.0,10760,1.0
28.75,86.25,10761,1.0
28.75,86.5,10762,1.0
28.75,86.75,10763,1.0
28.75,87.0,10764,1.0
28.75,87.25,10765,1.0
28.75,87.5,10766,1.0
28.75,87.75,10767,1.0
28.75,88.0,10768,1.0
28.75,88.25,10769,1.0
28.75,88.5,10770,1.0
28.75,88.75,10771,1.0
28.75,89.0,10772,1.0
28.75,89.25,10773,1.0
28.75,89.5,10774,1.0
28.75,89.75,10775,1.0
28.75,90.0,10776,1.0
28.75,90.25,10777,1.0
28.75,90.5,10778,1.0
28.75,90.75,10779,1.0
28.75,91.0,10780,1.0
28.75,91.25,10781,1.0
28.75,91.5,10782,1.0
28.75,91.75,10783,1.0
28.75,92.0,10784,1.0
28.75,92.25,10785,1.0
28.75,92.5,10786,1.0
28.75,92.75,10787,1.0
28.75,93.0,10788,1.0
28.75,93.25,10789,1.0
28.75,93.5,10790,1.0
28.75,93.75,10791,1.0
28.75,96.75,10803,1.0
28.75,97.0,10804,1.0
28.75,97.25,10805,1.0
28.75,97.5,10806,1.0
28.75,97.75,10807,1.0
28.75,98.0,10808,1.0
28.75,98.25,10809,1.0
28.75,98.5,10810,1.0
28.75,98.75,10811,1.0
28.75,99.0,10812,1.0
28.75,99.25,10813,1.0
28.75,99.5,10814,1.0
28.75,99.75,10815,1.0
28.75,100.0,10816,1.0
28.75,100.25,10817,1.0
28.75,100.5,10818,1.0
28.75,100.75,10819,1.0
28.75,101.0,10820,1.0
28.75,101.25,10821,1.0
28.75,101.5,10822,1.0
28.75,101.75,10823,1.0
28.75,102.0,10824,1.0
28.75,102.25,10825,1.0
28.75,102.5,10826,1.0
28.75,102.75,10827,1.0
28.75,103.0,10828,1.0
28.75,103.25,10829,1.0
28.75,103.5,10830,1.0
28.75,103.75,10831,1.0
28.75,104.0,10832,1.0
28.75,104.25,10833,1.0
28.75,104.5,10834,1.0
28.75,104.75,10835,1.0
28.75,105.0,10836,1.0
28.75,105.25,10837,1.0
28.75,105.5,10838,1.0
28.75,105.75,10839,1.0
28.75,106.0,10840,1.0
28.75,106.25,10841,1.0
28.75,106.5,10842,1.0
28.75,106.75,10843,1.0
28.75,107.0,10844,1.0
28.75,107.25,10845,1.0
28.75,107.5,10846,1.0
28.75,107.75,10847,1.0
28.75,108.0,10848,1.0
28.75,108.25,10849,1.0
28.75,108.5,10850,1.0
28.75,108.75,10851,1.0
28.75,109.0,10852,1.0
28.75,109.25,10853,1.0
28.75,109.5,10854,1.0
28.75,109.75,10855,1.0
28.75,110.0,10856,1.0
28.75,110.25,10857,1.0
28.75,110.5,10858,1.0
28.75,110.75,10859,1.0
28.75,111.0,10860,1.0
28.75,111.25,10861,1.0
28.75,111.5,10862,1.0
28.75,111.75,10863,1.0
28.75,112.0,10864,1.0
28.75,112.25,10865,1.0
28.75,112.5,10866,1.0
28.75,112.75,10867,1.0
28.75,113.0,10868,1.0
28.75,113.25,10869,1.0
28.75,113.5,10870,1.0
28.75,113.75,10871,1.0
28.75,114.0,10872,1.0
28.75,114.25,10873,1.0
28.75,114.5,10874,1.0
28.75,114.75,10875,1.0
28.75,115.0,10876,1.0
28.75,115.25,10877,1.0
28.75,115.5,10878,1.0
28.75,115.75,10879,1.0
28.75,116.0,10880,1.0
28.75,116.25,10881,1.0
28.75,116.5,10882,1.0
28.75,116.75,10883,1.0
28.75,117.0,10884,1.0
28.75,117.25,10885,1.0
28.75,117.5,10886,1.0
28.75,117.75,10887,1.0
28.75,118.0,10888,1.0
28.75,118.25,10889,1.0
28.75,118.5,10890,1.0
28.75,118.75,10891,1.0
28.75,119.0,10892,1.0
28.75,119.25,10893,1.0
28.75,119.5,10894,1.0
28.75,119.75,10895,1.0
28.75,120.0,10896,1.0
28.75,120.25,10897,1.0
28.75,120.5,10898,1.0
28.75,120.75,10899,1.0
28.75,121.0,10900,1.0
28.75,121.25,10901,1.0
28.75,121.5,10902,1.0
29.0,84.25,11002,1.0
29.0,84.5,11003,1.0
29.0,84.75,11004,1.0
29.0,85.0,11005,1.0
29.0,85.25,11006,1.0
29.0,85.5,11007,1.0
29.0,85.75,11008,1.0
29.0,86.0,11009,1.0
29.0,86.25,11010,1.0
29.0,86.5,11011,1.0
29.0,86.75,11012,1.0
29.0,87.0,11013,1.0
29.0,87.25,11014,1.0
29.0,87.5,11015,1.0
29.0,87.75,11016,1.0
29.0,88.0,11017,1.0
29.0,88.25,11018,1.0
29.0,88.5,11019,1.0
29.0,88.75,11020,1.0
29.0,89.0,11021,1.0
29.0,89.25,11022,1.0
29.0,89.5,11023,1.0
29.0,89.75,11024,1.0
29.0,90.0,11025,1.0
29.0,90.25,11026,1.0
29.0,90.5,11027,1.0
29.0,90.75,11028,1.0
29.0,91.0,11029,1.0
29.0,91.25,11030,1.0
29.0,91.5,11031,1.0
29.0,91.75,11032,1.0
29.0,92.0,11033,1.0
29.0,92.25,11034,1.0
29.0,92.5,11035,1.0
29.0,92.75,11036,1.0
29.0,93.0,11037,1.0
29.0,93.25,11038,1.0
29.0,93.5,11039,1.0
29.0,93.75,11040,1.0
29.0,94.0,11041,1.0
29.0,96.25,11050,1.0
29.0,96.5,11051,1.0
29.0,96.75,11052,1.0
29.0,97.0,11053,1.0
29.0,97.25,11054,1.0
29.0,97.5,11055,1.0
29.0,97.75,11056,1.0
29.0,98.0,11057,1.0
29.0,98.25,11058,1.0
29.0,98.5,11059,1.0
29.0,98.75,11060,1.0
29.0,99.0,11061,1.0
29.0,99.25,11062,1.0
29.0,99.5,11063,1.0
29.0,99.75,11064,1.0
29.0,100.0,11065,1.0
29.0,100.25,11066,1.0
29.0,100.5,11067,1.0
29.0,100.75,11068,1.0
29.0,101.0,11069,1.0
29.0,101.25,11070,1.0
29.0,101.5,11071,1.0
29.0,101.75,11072,1.0
29.0,102.0,11073,1.0
29.0,102.25,11074,1.0
29.0,102.5,11075,1.0
29.0,102.75,11076,1.0
29.0,103.0,11077,1.0
29.0,103.25,11078,1.0
29.0,103.5,11079,1.0
29.0,103.75,11080,1.0
29.0,104.0,11081,1.0
29.0,104.25,11082,1.0
29.0,104.5,11083,1.0
29.0,104.75,11084,1.0
29.0,105.0,11085,1.0
29.0,105.25,11086,1.0
29.0,105.5,11087,1.0
29.0,105.75,11088,1.0
29.0,106.0,11089,1.0
29.0,106.25,11090,1.0
29.0,106.5,11091,1.0
29.0,106.75,11092,1.0
29.0,107.0,11093,1.0
29.0,107.25,11094,1.0
29.0,107.5,11095,1.0
29.0,107.75,11096,1.0
29.0,108.0,11097,1.0
29.0,108.25,11098,1.0
29.0,108.5,11099,1.0
29.0,108.75,11100,1.0
29.0,109.0,11101,1.0
29.0,109.25,11102,1.0
29.0,109.5,11103,1.0
29.0,109.75,11104,1.0
29.0,110.0,11105,1.0
29.0,110.25,11106,1.0
29.0,110.5,11107,1.0
29.0,110.75,11108,1.0
29.0,111.0,11109,1.0
29.0,111.25,11110,1.0
29.0,111.5,11111,1.0
29.0,111.75,11112,1.0
29.0,112.0,11113,1.0
29.0,112.25,11114,1.0
29.0,112.5,11115,1.0
29.0,112.75,11116,1.0
29.0,113.0,11117,1.0
29.0,113.25,11118,1.0
29.0,113.5,11119,1.0
29.0,113.75,11120,1.0
29.0,114.0,11121,1.0
29.0,114.25,11122,1.0
29.0,114.5,11123,1.0
29.0,114.75,11124,1.0
29.0,115.0,11125,1.0
29.0,115.25,11126,1.0
29.0,115.5,11127,1.0
29.0,115.75,11128,1.0
29.0,116.0,11129,1.0
29.0,116.25,11130,1.0
29.0,116.5,11131,1.0
29.0,116.75,11132,1.0
29.0,117.0,11133,1.0
29.0,117.25,11134,1.0
29.0,117.5,11135,1.0
29.0,117.75,11136,1.0
29.0,118.0,11137,1.0
29.0,118.25,11138,1.0
29.0,118.5,11139,1.0
29.0,118.75,11140,1.0
29.0,119.0,11141,1.0
29.0,119.25,11142,1.0
29.0,119.5,11143,1.0
29.0,119.75,11144,1.0
29.0,120.0,11145,1.0
29.0,120.25,11146,1.0
29.0,120.5,11147,1.0
29.0,120.75,11148,1.0
29.0,121.0,11149,1.0
29.0,121.25,11150,1.0
29.0,121.5,11151,1.0
29.25,83.75,11249,1.0
29.25,84.25,11251,1.0
29.25,84.5,11252,1.0
29.25,84.75,11253,1.0
29.25,85.0,11254,1.0
29.25,85.25,11255,1.0
29.25,85.5,11256,1.0
29.25,85.75,11257,1.0
29.25,86.0,11258,1.0
29.25,86.25,11259,1.0
29.25,86.5,11260,1.0
29.25,86.75,11261,1.0
29.25,87.0,11262,1.0
29.25,87.25,11263,1.0
29.25,87.5,11264,1.0
29.25,87.75,11265,1.0
29.25,88.0,11266,1.0
29.25,88.25,11267,1.0
29.25,88.5,11268,1.0
29.25,88.75,11269,1.0
29.25,89.0,11270,1.0
29.25,89.25,11271,1.0
29.25,89.5,11272,1.0
29.25,89.75,11273,1.0
29.25,90.0,11274,1.0
29.25,90.25,11275,1.0
29.25,90.5,11276,1.0
29.25,90.75,11277,1.0
29.25,91.0,11278,1.0
29.25,91.25,11279,1.0
29.25,91.5,11280,1.0
29.25,91.75,11281,1.0
29.25,92.0,11282,1.0
29.25,92.25,11283,1.0
29.25,92.5,11284,1.0
29.25,92.75,11285,1.0
29.25,93.0,11286,1.0
29.25,93.25,11287,1.0
29.25,93.5,11288,1.0
29.25,93.75,11289,1.0
29.25,94.0,11290,1.0
29.25,94.25,11291,1.0
29.25,94.5,11292,1.0
29.25,94.75,11293,1.0
29.25,95.0,11294,1.0
29.25,95.25,11295,1.0
29.25,95.5,11296,1.0
29.25,96.25,11299,1.0
29.25,96.5,11300,1.0
29.25,96.75,11301,1.0
29.25,97.0,11302,1.0
29.25,97.25,11303,1.0
29.25,97.5,11304,1.0
29.25,97.75,11305,1.0
29.25,98.0,11306,1.0
29.25,98.25,11307,1.0
29.25,98.5,11308,1.0
29.25,98.75,11309,1.0
29.25,99.0,11310,1.0
29.25,99.25,11311,1.0
29.25,99.5,11312,1.0
29.25,99.75,11313,1.0
29.25,100.0,11314,1.0
29.25,100.25,11315,1.0
29.25,100.5,11316,1.0
29.25,100.75,11317,1.0
29.25,101.0,11318,1.0
29.25,101.25,11319,1.0
29.25,101.5,11320,1.0
29.25,101.75,11321,1.0
29.25,102.0,11322,1.0
29.25,102.25,11323,1.0
29.25,102.5,11324,1.0
29.25,102.75,11325,1.0
29.25,103.0,11326,1.0
29.25,103.25,11327,1.0
29.25,103.5,11328,1.0
29.25,103.75,11329,1.0
29.25,104.0,11330,1.0
29.25,104.25,11331,1.0
29.25,104.5,11332,1.0
29.25,104.75,11333,1.0
29.25,105.0,11334,1.0
29.25,105.25,11335,1.0
29.25,105.5,11336,1.0
29.25,105.75,11337,1.0
29.25,106.0,11338,1.0
29.25,106.25,11339,1.0
29.25,106.5,11340,1.0
29.25,106.75,11341,1.0
29.25,107.0,11342,1.0
29.25,107.25,11343,1.0
29.25,107.5,11344,1.0
29.25,107.75,11345,1.0
29.25,108.0,11346,1.0
29.25,108.25,11347,1.0
29.25,108.5,11348,1.0
29.25,108.75,11349,1.0
29.25,109.0,11350,1.0
29.25,109.25,11351,1.0
29.25,109.5,11352,1.0
29.25,109.75,11353,1.0
29.25,110.0,11354,1.0
29.25,110.25,11355,1.0
29.25,110.5,11356,1.0
29.25,110.75,11357,1.0
29.25,111.0,11358,1.0
29.25,111.25,11359,1.0
29.25,111.5,11360,1.0
29.25,111.75,11361,1.0
29.25,112.0,11362,1.0
29.25,112.25,11363,1.0
29.25,112.5,11364,1.0
29.25,112.75,11365,1.0
29.25,113.0,11366,1.0
29.25,113.25,11367,1.0
29.25,113.5,11368,1.0
29.25,113.75,11369,1.0
29.25,114.0,11370,1.0
29.25,114.25,11371,1.0
29.25,114.5,11372,1.0
29.25,114.75,11373,1.0
29.25,115.0,11374,1.0
29.25,115.25,11375,1.0
29.25,115.5,11376,1.0
29.25,115.75,11377,1.0
29.25,116.0,11378,1.0
29.25,116.25,11379,1.0
29.25,116.5,11380,1.0
29.25,116.75,11381,1.0
29.25,117.0,11382,1.0
29.25,117.25,11383,1.0
29.25,117.5,11384,1.0
29.25,117.75,11385,1.0
29.25,118.0,11386,1.0
29.25,118.25,11387,1.0
29.25,118.5,11388,1.0
29.25,118.75,11389,1.0
29.25,119.0,11390,1.0
29.25,119.25,11391,1.0
29.25,119.5,11392,1.0
29.25,119.75,11393,1.0
29.25,120.0,11394,1.0
29.25,120.25,11395,1.0
29.25,120.5,11396,1.0
29.25,120.75,11397,1.0
29.25,121.0,11398,1.0
29.25,121.25,11399,1.0
29.25,121.5,11400,1.0
29.25,121.75,11401,1.0
29.5,83.5,11497,1.0
29.5,83.75,11498,1.0
29.5,84.0,11499,1.0
29.5,84.25,11500,1.0
29.5,84.5,11501,1.0
29.5,84.75,11502,1.0
29.5,85.0,11503,1.0
29.5,85.25,11504,1.0
29.5,85.5,11505,1.0
29.5,85.75,11506,1.0
29.5,86.0,11507,1.0
29.5,86.25,11508,1.0
29.5,86.5,11509,1.0
29.5,86.75,11510,1.0
29.5,87.0,11511,1.0
29.5,87.25,11512,1.0
29.5,87.5,11513,1.0
29.5,87.75,11514,1.0
29.5,88.0,11515,1.0
29.5,88.25,11516,1.0
29.5,88.5,11517,1.0
29.5,88.75,11518,1.0
29.5,89.0,11519,1.0
29.5,89.25,11520,1.0
29.5,89.5,11521,1.0
29.5,89.75,11522,1.0
29.5,90.0,11523,1.0
29.5,90.25,11524,1.0
29.5,90.5,11525,1.0
29.5,90.75,11526,1.0
29.5,91.0,11527,1.0
29.5,91.25,11528,1.0
29.5,91.5,11529,1.0
29.5,91.75,11530,1.0
29.5,92.0,11531,1.0
29.5,92.25,11532,1.0
29.5,92.5,11533,1.0
29.5,92.75,11534,1.0
29.5,93.0,11535,1.0
29.5,93.25,11536,1.0
29.5,93.5,11537,1.0
29.5,93.75,11538,1.0
29.5,94.0,11539,1.0
29.5,94.25,11540,1.0
29.5,94.5,11541,1.0
29.5,94.75,11542,1.0
29.5,95.0,11543,1.0
29.5,95.25,11544,1.0
29.5,95.5,11545,1.0
29.5,95.75,11546,1.0
29.5,96.0,11547,1.0
29.5,96.25,11548,1.0
29.5,96.5,11549,1.0
29.5,96.75,11550,1.0
29.5,97.0,11551,1.0
29.5,97.25,11552,1.0
29.5,97.5,11553,1.0
29.5,97.75,11554,1.0
29.5,98.0,11555,1.0
29.5,98.25,11556,1.0
29.5,98.5,11557,1.0
29.5,98.75,11558,1.0
29.5,99.0,11559,1.0
29.5,99.25,11560,1.0
29.5,99.5,11561,1.0
29.5,99.75,11562,1.0
29.5,100.0,11563,1.0
29.5,100.25,11564,1.0
29.5,100.5,11565,1.0
29.5,100.75,11566,1.0
29.5,101.0,11567,1.0
29.5,101.25,11568,1.0
29.5,101.5,11569,1.0
29.5,101.75,11570,1.0
29.5,102.0,11571,1.0
29.5,102.25,11572,1.0
29.5,102.5,11573,1.0
29.5,102.75,11574,1.0
29.5,103.0,11575,1.0
29.5,103.25,11576,1.0
29.5,103.5,11577,1.0
29.5,103.75,11578,1.0
29.5,104.0,11579,1.0
29.5,104.25,11580,1.0
29.5,104.5,11581,1.0
29.5,104.75,11582,1.0
29.5,105.0,11583,1.0
29.5,105.25,11584,1.0
29.5,105.5,11585,1.0
29.5,105.75,11586,1.0
29.5,106.0,11587,1.0
29.5,106.25,11588,1.0
29.5,106.5,11589,1.0
29.5,106.75,11590,1.0
29.5,107.0,11591,1.0
29.5,107.25,11592,1.0
29.5,107.5,11593,1.0
29.5,107.75,11594,1.0
29.5,108.0,11595,1.0
29.5,108.25,11596,1.0
29.5,108.5,11597,1.0
29.5,108.75,11598,1.0
29.5,109.0,11599,1.0
29.5,109.25,11600,1.0
29.5,109.5,11601,1.0
29.5,109.75,11602,1.0
29.5,110.0,11603,1.0
29.5,110.25,11604,1.0
29.5,110.5,11605,1.0
29.5,110.75,11606,1.0
29.5,111.0,11607,1.0
29.5,111.25,11608,1.0
29.5,111.5,11609,1.0
29.5,111.75,11610,1.0
29.5,112.0,11611,1.0
29.5,112.25,11612,1.0
29.5,112.5,11613,1.0
29.5,112.75,11614,1.0
29.5,113.0,11615,1.0
29.5,113.25,11616,1.0
29.5,113.5,11617,1.0
29.5,113.75,11618,1.0
29.5,114.0,11619,1.0
29.5,114.25,11620,1.0
29.5,114.5,11621,1.0
29.5,114.75,11622,1.0
29.5,115.0,11623,1.0
29.5,115.25,11624,1.0
29.5,115.5,11625,1.0
29.5,115.75,11626,1.0
29.5,116.0,11627,1.0
29.5,116.25,11628,1.0
29.5,116.5,11629,1.0
29.5,116.75,11630,1.0
29.5,117.0,11631,1.0
29.5,117.25,11632,1.0
29.5,117.5,11633,1.0
29.5,117.75,11634,1.0
29.5,118.0,11635,1.0
29.5,118.25,11636,1.0
29.5,118.5,11637,1.0
29.5,118.75,11638,1.0
29.5,119.0,11639,1.0
29.5,119.25,11640,1.0
29.5,119.5,11641,1.0
29.5,119.75,11642,1.0
29.5,120.0,11643,1.0
29.5,120.25,11644,1.0
29.5,120.5,11645,1.0
29.5,120.75,11646,1.0
29.5,121.0,11647,1.0
29.5,121.25,11648,1.0
29.5,121.5,11649,1.0
29.5,121.75,11650,1.0
29.75,83.0,11744,1.0
29.75,83.25,11745,1.0
29.75,83.5,11746,1.0
29.75,83.75,11747,1.0
29.75,84.0,11748,1.0
29.75,84.25,11749,1.0
29.75,84.5,11750,1.0
29.75,84.75,11751,1.0
29.75,85.0,11752,1.0
29.75,85.25,11753,1.0
29.75,85.5,11754,1.0
29.75,85.75,11755,1.0
29.75,86.0,11756,1.0
29.75,86.25,11757,1.0
29.75,86.5,11758,1.0
29.75,86.75,11759,1.0
29.75,87.0,11760,1.0
29.75,87.25,11761,1.0
29.75,87.5,11762,1.0
29.75,87.75,11763,1.0
29.75,88.0,11764,1.0
29.75,88.25,11765,1.0
29.75,88.5,11766,1.0
29.75,88.75,11767,1.0
29.75,89.0,11768,1.0
29.75,89.25,11769,1.0
29.75,89.5,11770,1.0
29.75,89.75,11771,1.0
29.75,90.0,11772,1.0
29.75,90.25,11773,1.0
29.75,90.5,11774,1.0
29.75,90.75,11775,1.0
29.75,91.0,11776,1.0
29.75,91.25,11777,1.0
29.75,91.5,11778,1.0
29.75,91.75,11779,1.0
29.75,92.0,11780,1.0
29.75,92.25,11781,1.0
29.75,92.5,11782,1.0
29.75,92.75,11783,1.0
29.75,93.0,11784,1.0
29.75,93.25,11785,1.0
29.75,93.5,11786,1.0
29.75,93.75,11787,1.0
29.75,94.0,11788,1.0
29.75,94.25,11789,1.0
29.75,94.5,11790,1.0
29.75,94.75,11791,1.0
29.75,95.0,11792,1.0
29.75,95.25,11793,1.0
29.75,95.5,11794,1.0
29.75,95.75,11795,1.0
29.75,96.0,11796,1.0
29.75,96.25,11797,1.0
29.75,96.5,11798,1.0
29.75,96.75,11799,1.0
29.75,97.0,11800,1.0
29.75,97.25,11801,1.0
29.75,97.5,11802,1.0
29.75,97.75,11803,1.0
29.75,98.0,11804,1.0
29.75,98.25,11805,1.0
29.75,98.5,11806,1.0
29.75,98.75,11807,1.0
29.75,99.0,11808,1.0
29.75,99.25,11809,1.0
29.75,99.5,11810,1.0
29.75,99.75,11811,1.0
29.75,100.0,11812,1.0
29.75,100.25,11813,1.0
29.75,100.5,11814,1.0
29.75,100.75,11815,1.0
29.75,101.0,11816,1.0
29.75,101.25,11817,1.0
29.75,101.5,11818,1.0
29.75,101.75,11819,1.0
29.75,102.0,11820,1.0
29.75,102.25,11821,1.0
29.75,102.5,11822,1.0
29.75,102.75,11823,1.0
29.75,103.0,11824,1.0
29.75,103.25,11825,1.0
29.75,103.5,11826,1.0
29.75,103.75,11827,1.0
29.75,104.0,11828,1.0
29.75,104.25,11829,1.0
29.75,104.5,11830,1.0
29.75,104.75,11831,1.0
29.75,105.0,11832,1.0
29.75,105.25,11833,1.0
29.75,105.5,11834,1.0
29.75,105.75,11835,1.0
29.75,106.0,11836,1.0
29.75,106.25,11837,1.0
29.75,106.5,11838,1.0
29.75,106.75,11839,1.0
29.75,107.0,11840,1.0
29.75,107.25,11841,1.0
29.75,107.5,11842,1.0
29.75,107.75,11843,1.0
29.75,108.0,11844,1.0
29.75,108.25,11845,1.0
29.75,108.5,11846,1.0
29.75,108.75,11847,1.0
29.75,109.0,11848,1.0
29.75,109.25,11849,1.0
29.75,109.5,11850,1.0
29.75,109.75,11851,1.0
29.75,110.0,11852,1.0
29.75,110.25,11853,1.0
29.75,110.5,11854,1.0
29.75,110.75,11855,1.0
29.75,111.0,11856,1.0
29.75,111.25,11857,1.0
29.75,111.5,11858,1.0
29.75,111.75,11859,1.0
29.75,112.0,11860,1.0
29.75,112.25,11861,1.0
29.75,112.5,11862,1.0
29.75,112.75,11863,1.0
29.75,113.0,11864,1.0
29.75,113.25,11865,1.0
29.75,113.5,11866,1.0
29.75,113.75,11867,1.0
29.75,114.0,11868,1.0
29.75,114.25,11869,1.0
29.75,114.5,11870,1.0
29.75,114.75,11871,1.0
29.75,115.0,11872,1.0
29.75,115.25,11873,1.0
29.75,115.5,11874,1.0
29.75,115.75,11875,1.0
29.75,116.0,11876,1.0
29.75,116.25,11877,1.0
29.75,116.5,11878,1.0
29.75,116.75,11879,1.0
29.75,117.0,11880,1.0
29.75,117.25,11881,1.0
29.75,117.5,11882,1.0
29.75,117.75,11883,1.0
29.75,118.0,11884,1.0
29.75,118.25,11885,1.0
29.75,118.5,11886,1.0
29.75,118.75,11887,1.0
29.75,119.0,11888,1.0
29.75,119.25,11889,1.0
29.75,119.5,11890,1.0
29.75,119.75,11891,1.0
29.75,120.0,11892,1.0
29.75,120.25,11893,1.0
29.75,120.5,11894,1.0
29.75,120.75,11895,1.0
29.75,121.0,11896,1.0
29.75,121.25,11897,1.0
29.75,121.5,11898,1.0
29.75,121.75,11899,1.0
30.0,82.5,11991,1.0
30.0,82.75,11992,1.0
30.0,83.0,11993,1.0
30.0,83.25,11994,1.0
30.0,83.5,11995,1.0
30.0,83.75,11996,1.0
30.0,84.0,11997,1.0
30.0,84.25,11998,1.0
30.0,84.5,11999,1.0
30.0,84.75,12000,1.0
30.0,85.0,12001,1.0
30.0,85.25,12002,1.0
30.0,85.5,12003,1.0
30.0,85.75,12004,1.0
30.0,86.0,12005,1.0
30.0,86.25,12006,1.0
30.0,86.5,12007,1.0
30.0,86.75,12008,1.0
30.0,87.0,12009,1.0
30.0,87.25,12010,1.0
30.0,87.5,12011,1.0
30.0,87.75,12012,1.0
30.0,88.0,12013,1.0
30.0,88.25,12014,1.0
30.0,88.5,12015,1.0
30.0,88.75,12016,1.0
30.0,89.0,12017,1.0
30.0,89.25,12018,1.0
30.0,89.5,12019,1.0
30.0,89.75,12020,1.0
30.0,90.0,12021,1.0
30.0,90.25,12022,1.0
30.0,90.5,12023,1.0
30.0,90.75,12024,1.0
30.0,91.0,12025,1.0
30.0,91.25,12026,1.0
30.0,91.5,12027,1.0
30.0,91.75,12028,1.0
30.0,92.0,12029,1.0
30.0,92.25,12030,1.0
30.0,92.5,12031,1.0
30.0,92.75,12032,1.0
30.0,93.0,12033,1.0
30.0,93.25,12034,1.0
30.0,93.5,12035,1.0
30.0,93.75,12036,1.0
30.0,94.0,12037,1.0
30.0,94.25,12038,1.0
30.0,94.5,12039,1.0
30.0,94.75,12040,1.0
30.0,95.0,12041,1.0
30.0,95.25,12042,1.0
30.0,95.5,12043,1.0
30.0,95.75,12044,1.0
30.0,96.0,12045,1.0
30.0,96.25,12046,1.0
30.0,96.5,12047,1.0
30.0,96.75,12048,1.0
30.0,97.0,12049,1.0
30.0,97.25,12050,1.0
30.0,97.5,12051,1.0
30.0,97.75,12052,1.0
30.0,98.0,12053,1.0
30.0,98.25,12054,1.0
30.0,98.5,12055,1.0
30.0,98.75,12056,1.0
30.0,99.0,12057,1.0
30.0,99.25,12058,1.0
30.0,99.5,12059,1.0
30.0,99.75,12060,1.0
30.0,100.0,12061,1.0
30.0,100.25,12062,1.0
30.0,100.5,12063,1.0
30.0,100.75,12064,1.0
30.0,101.0,12065,1.0
30.0,101.25,12066,1.0
30.0,101.5,12067,1.0
30.0,101.75,12068,1.0
30.0,102.0,12069,1.0
30.0,102.25,12070,1.0
30.0,102.5,12071,1.0
30.0,102.75,12072,1.0
30.0,103.0,12073,1.0
30.0,103.25,12074,1.0
30.0,103.5,12075,1.0
30.0,103.75,12076,1.0
30.0,104.0,12077,1.0
30.0,104.25,12078,1.0
30.0,104.5,12079,1.0
30.0,104.75,12080,1.0
30.0,105.0,12081,1.0
30.0,105.25,12082,1.0
30.0,105.5,12083,1.0
30.0,105.75,12084,1.0
30.0,106.0,12085,1.0
30.0,106.25,12086,1.0
30.0,106.5,12087,1.0
30.0,106.75,12088,1.0
30.0,107.0,12089,1.0
30.0,107.25,12090,1.0
30.0,107.5,12091,1.0
30.0,107.75,12092,1.0
30.0,108.0,12093,1.0
30.0,108.25,12094,1.0
30.0,108.5,12095,1.0
30.0,108.75,12096,1.0
30.0,109.0,12097,1.0
30.0,109.25,12098,1.0
30.0,109.5,12099,1.0
30.0,109.75,12100,1.0
30.0,110.0,12101,1.0
30.0,110.25,12102,1.0
30.0,110.5,12103,1.0
30.0,110.75,12104,1.0
30.0,111.0,12105,1.0
30.0,111.25,12106,1.0
30.0,111.5,12107,1.0
30.0,111.75,12108,1.0
30.0,112.0,12109,1.0
30.0,112.25,12110,1.0
30.0,112.5,12111,1.0
30.0,112.75,12112,1.0
30.0,113.0,12113,1.0
30.0,113.25,12114,1.0
30.0,113.5,12115,1.0
30.0,113.75,12116,1.0
30.0,114.0,12117,1.0
30.0,114.25,12118,1.0
30.0,114.5,12119,1.0
30.0,114.75,12120,1.0
30.0,115.0,12121,1.0
30.0,115.25,12122,1.0
30.0,115.5,12123,1.0
30.0,115.75,12124,1.0
30.0,116.0,12125,1.0
30.0,116.25,12126,1.0
30.0,116.5,12127,1.0
30.0,116.75,12128,1.0
30.0,117.0,12129,1.0
30.0,117.25,12130,1.0
30.0,117.5,12131,1.0
30.0,117.75,12132,1.0
30.0,118.0,12133,1.0
30.0,118.25,12134,1.0
30.0,118.5,12135,1.0
30.0,118.75,12136,1.0
30.0,119.0,12137,1.0
30.0,119.25,12138,1.0
30.0,119.5,12139,1.0
30.0,119.75,12140,1.0
30.0,120.0,12141,1.0
30.0,120.25,12142,1.0
30.0,120.5,12143,1.0
30.0,120.75,12144,1.0
30.0,121.0,12145,1.0
30.0,121.25,12146,1.0
30.0,121.5,12147,1.0
30.0,122.25,12150,1.0
30.25,81.0,12234,1.0
30.25,81.25,12235,1.0
30.25,82.25,12239,1.0
30.25,82.5,12240,1.0
30.25,82.75,12241,1.0
30.25,83.0,12242,1.0
30.25,83.25,12243,1.0
30.25,83.5,12244,1.0
30.25,83.75,12245,1.0
30.25,84.0,12246,1.0
30.25,84.25,12247,1.0
30.25,84.5,12248,1.0
30.25,84.75,12249,1.0
30.25,85.0,12250,1.0
30.25,85.25,12251,1.0
30.25,85.5,12252,1.0
30.25,85.75,12253,1.0
30.25,86.0,12254,1.0
30.25,86.25,12255,1.0
30.25,86.5,12256,1.0
30.25,86.75,12257,1.0
30.25,87.0,12258,1.0
30.25,87.25,12259,1.0
30.25,87.5,12260,1.0
30.25,87.75,12261,1.0
30.25,88.0,12262,1.0
30.25,88.25,12263,1.0
30.25,88.5,12264,1.0
30.25,88.75,12265,1.0
30.25,89.0,12266,1.0
30.25,89.25,12267,1.0
30.25,89.5,12268,1.0
30.25,89.75,12269,1.0
30.25,90.0,12270,1.0
30.25,90.25,12271,1.0
30.25,90.5,12272,1.0
30.25,90.75,12273,1.0
30.25,91.0,12274,1.0
30.25,91.25,12275,1.0
30.25,91.5,12276,1.0
30.25,91.75,12277,1.0
30.25,92.0,12278,1.0
30.25,92.25,12279,1.0
30.25,92.5,12280,1.0
30.25,92.75,12281,1.0
30.25,93.0,12282,1.0
30.25,93.25,12283,1.0
30.25,93.5,12284,1.0
30.25,93.75,12285,1.0
30.25,94.0,12286,1.0
30.25,94.25,12287,1.0
30.25,94.5,12288,1.0
30.25,94.75,12289,1.0
30.25,95.0,12290,1.0
30.25,95.25,12291,1.0
30.25,95.5,12292,1.0
30.25,95.75,12293,1.0
30.25,96.0,12294,1.0
30.25,96.25,12295,1.0
30.25,96.5,12296,1.0
30.25,96.75,12297,1.0
30.25,97.0,12298,1.0
30.25,97.25,12299,1.0
30.25,97.5,12300,1.0
30.25,97.75,12301,1.0
30.25,98.0,12302,1.0
30.25,98.25,12303,1.0
30.25,98.5,12304,1.0
30.25,98.75,12305,1.0
30.25,99.0,12306,1.0
30.25,99.25,12307,1.0
30.25,99.5,12308,1.0
30.25,99.75,12309,1.0
30.25,100.0,12310,1.0
30.25,100.25,12311,1.0
30.25,100.5,12312,1.0
30.25,100.75,12313,1.0
30.25,101.0,12314,1.0
30.25,101.25,12315,1.0
30.25,101.5,12316,1.0
30.25,101.75,12317,1.0
30.25,102.0,12318,1.0
30.25,102.25,12319,1.0
30.25,102.5,12320,1.0
30.25,102.75,12321,1.0
30.25,103.0,12322,1.0
30.25,103.25,12323,1.0
30.25,103.5,12324,1.0
30.25,103.75,12325,1.0
30.25,104.0,12326,1.0
30.25,104.25,12327,1.0
30.25,104.5,12328,1.0
30.25,104.75,12329,1.0
30.25,105.0,12330,1.0
30.25,105.25,12331,1.0
30.25,105.5,12332,1.0
30.25,105.75,12333,1.0
30.25,106.0,12334,1.0
30.25,106.25,12335,1.0
30.25,106.5,12336,1.0
30.25,106.75,12337,1.0
30.25,107.0,12338,1.0
30.25,107.25,12339,1.0
30.25,107.5,12340,1.0
30.25,107.75,12341,1.0
30.25,108.0,12342,1.0
30.25,108.25,12343,1.0
30.25,108.5,12344,1.0
30.25,108.75,12345,1.0
30.25,109.0,12346,1.0
30.25,109.25,12347,1.0
30.25,109.5,12348,1.0
30.25,109.75,12349,1.0
30.25,110.0,12350,1.0
30.25,110.25,12351,1.0
30.25,110.5,12352,1.0
30.25,110.75,12353,1.0
30.25,111.0,12354,1.0
30.25,111.25,12355,1.0
30.25,111.5,12356,1.0
30.25,111.75,12357,1.0
30.25,112.0,12358,1.0
30.25,112.25,12359,1.0
30.25,112.5,12360,1.0
30.25,112.75,12361,1.0
30.25,113.0,12362,1.0
30.25,113.25,12363,1.0
30.25,113.5,12364,1.0
30.25,113.75,12365,1.0
30.25,114.0,12366,1.0
30.25,114.25,12367,1.0
30.25,114.5,12368,1.0
30.25,114.75,12369,1.0
30.25,115.0,12370,1.0
30.25,115.25,12371,1.0
30.25,115.5,12372,1.0
30.25,115.75,12373,1.0
30.25,116.0,12374,1.0
30.25,116.25,12375,1.0
30.25,116.5,12376,1.0
30.25,116.75,12377,1.0
30.25,117.0,12378,1.0
30.25,117.25,12379,1.0
30.25,117.5,12380,1.0
30.25,117.75,12381,1.0
30.25,118.0,12382,1.0
30.25,118.25,12383,1.0
30.25,118.5,12384,1.0
30.25,118.75,12385,1.0
30.25,119.0,12386,1.0
30.25,119.25,12387,1.0
30.25,119.5,12388,1.0
30.25,119.75,12389,1.0
30.25,120.0,12390,1.0
30.25,120.25,12391,1.0
30.25,120.5,12392,1.0
30.25,121.25,12395,1.0
30.5,80.5,12481,1.0
30.5,80.75,12482,1.0
30.5,81.0,12483,1.0
30.5,81.25,12484,1.0
30.5,81.5,12485,1.0
30.5,81.75,12486,1.0
30.5,82.0,12487,1.0
30.5,82.25,12488,1.0
30.5,82.5,12489,1.0
30.5,82.75,12490,1.0
30.5,83.0,12491,1.0
30.5,83.25,12492,1.0
30.5,83.5,12493,1.0
30.5,83.75,12494,1.0
30.5,84.0,12495,1.0
30.5,84.25,12496,1.0
30.5,84.5,12497,1.0
30.5,84.75,12498,1.0
30.5,85.0,12499,1.0
30.5,85.25,12500,1.0
30.5,85.5,12501,1.0
30.5,85.75,12502,1.0
30.5,86.0,12503,1.0
30.5,86.25,12504,1.0
30.5,86.5,12505,1.0
30.5,86.75,12506,1.0
30.5,87.0,12507,1.0
30.5,87.25,12508,1.0
30.5,87.5,12509,1.0
30.5,87.75,12510,1.0
30.5,88.0,12511,1.0
30.5,88.25,12512,1.0
30.5,88.5,12513,1.0
30.5,88.75,12514,1.0
30.5,89.0,12515,1.0
30.5,89.25,12516,1.0
30.5,89.5,12517,1.0
30.5,89.75,12518,1.0
30.5,90.0,12519,1.0
30.5,90.25,12520,1.0
30.5,90.5,12521,1.0
30.5,90.75,12522,1.0
30.5,91.0,12523,1.0
30.5,91.25,12524,1.0
30.5,91.5,12525,1.0
30.5,91.75,12526,1.0
30.5,92.0,12527,1.0
30.5,92.25,12528,1.0
30.5,92.5,12529,1.0
30.5,92.75,12530,1.0
30.5,93.0,12531,1.0
30.5,93.25,12532,1.0
30.5,93.5,12533,1.0
30.5,93.75,12534,1.0
30.5,94.0,12535,1.0
30.5,94.25,12536,1.0
30.5,94.5,12537,1.0
30.5,94.75,12538,1.0
30.5,95.0,12539,1.0
30.5,95.25,12540,1.0
30.5,95.5,12541,1.0
30.5,95.75,12542,1.0
30.5,96.0,12543,1.0
30.5,96.25,12544,1.0
30.5,96.5,12545,1.0
30.5,96.75,12546,1.0
30.5,97.0,12547,1.0
30.5,97.25,12548,1.0
30.5,97.5,12549,1.0
30.5,97.75,12550,1.0
30.5,98.0,12551,1.0
30.5,98.25,12552,1.0
30.5,98.5,12553,1.0
30.5,98.75,12554,1.0
30.5,99.0,12555,1.0
30.5,99.25,12556,1.0
30.5,99.5,12557,1.0
30.5,99.75,12558,1.0
30.5,100.0,12559,1.0
30.5,100.25,12560,1.0
30.5,100.5,12561,1.0
30.5,100.75,12562,1.0
30.5,101.0,12563,1.0
30.5,101.25,12564,1.0
30.5,101.5,12565,1.0
30.5,101.75,12566,1.0
30.5,102.0,12567,1.0
30.5,102.25,12568,1.0
30.5,102.5,12569,1.0
30.5,102.75,12570,1.0
30.5,103.0,12571,1.0
30.5,103.25,12572,1.0
30.5,103.5,12573,1.0
30.5,103.75,12574,1.0
30.5,104.0,12575,1.0
30.5,104.25,12576,1.0
30.5,104.5,12577,1.0
30.5,104.75,12578,1.0
30.5,105.0,12579,1.0
30.5,105.25,12580,1.0
30.5,105.5,12581,1.0
30.5,105.75,12582,1.0
30.5,106.0,12583,1.0
30.5,106.25,12584,1.0
30.5,106.5,12585,1.0
30.5,106.75,12586,1.0
30.5,107.0,12587,1.0
30.5,107.25,12588,1.0
30.5,107.5,12589,1.0
30.5,107.75,12590,1.0
30.5,108.0,12591,1.0
30.5,108.25,12592,1.0
30.5,108.5,12593,1.0
30.5,108.75,12594,1.0
30.5,109.0,12595,1.0
30.5,109.25,12596,1.0
30.5,109.5,12597,1.0
30.5,109.75,12598,1.0
30.5,110.0,12599,1.0
30.5,110.25,12600,1.0
30.5,110.5,12601,1.0
30.5,110.75,12602,1.0
30.5,111.0,12603,1.0
30.5,111.25,12604,1.0
30.5,111.5,12605,1.0
30.5,111.75,12606,1.0
30.5,112.0,12607,1.0
30.5,112.25,12608,1.0
30.5,112.5,12609,1.0
30.5,112.75,12610,1.0
30.5,113.0,12611,1.0
30.5,113.25,12612,1.0
30.5,113.5,12613,1.0
30.5,113.75,12614,1.0
30.5,114.0,12615,1.0
30.5,114.25,12616,1.0
30.5,114.5,12617,1.0
30.5,114.75,12618,1.0
30.5,115.0,12619,1.0
30.5,115.25,12620,1.0
30.5,115.5,12621,1.0
30.5,115.75,12622,1.0
30.5,116.0,12623,1.0
30.5,116.25,12624,1.0
30.5,116.5,12625,1.0
30.5,116.75,12626,1.0
30.5,117.0,12627,1.0
30.5,117.25,12628,1.0
30.5,117.5,12629,1.0
30.5,117.75,12630,1.0
30.5,118.0,12631,1.0
30.5,118.25,12632,1.0
30.5,118.5,12633,1.0
30.5,118.75,12634,1.0
30.5,119.0,12635,1.0
30.5,119.25,12636,1.0
30.5,119.5,12637,1.0
30.5,119.75,12638,1.0
30.5,120.0,12639,1.0
30.5,120.25,12640,1.0
30.5,120.5,12641,1.0
30.5,120.75,12642,1.0
30.75,80.25,12729,1.0
30.75,80.5,12730,1.0
30.75,80.75,12731,1.0
30.75,81.0,12732,1.0
30.75,81.25,12733,1.0
30.75,81.5,12734,1.0
30.75,81.75,12735,1.0
30.75,82.0,12736,1.0
30.75,82.25,12737,1.0
30.75,82.5,12738,1.0
30.75,82.75,12739,1.0
30.75,83.0,12740,1.0
30.75,83.25,12741,1.0
30.75,83.5,12742,1.0
30.75,83.75,12743,1.0
30.75,84.0,12744,1.0
30.75,84.25,12745,1.0
30.75,84.5,12746,1.0
30.75,84.75,12747,1.0
30.75,85.0,12748,1.0
30.75,85.25,12749,1.0
30.75,85.5,12750,1.0
30.75,85.75,12751,1.0
30.75,86.0,12752,1.0
30.75,86.25,12753,1.0
30.75,86.5,12754,1.0
30.75,86.75,12755,1.0
30.75,87.0,12756,1.0
30.75,87.25,12757,1.0
30.75,87.5,12758,1.0
30.75,87.75,12759,1.0
30.75,88.0,12760,1.0
30.75,88.25,12761,1.0
30.75,88.5,12762,1.0
30.75,88.75,12763,1.0
30.75,89.0,12764,1.0
30.75,89.25,12765,1.0
30.75,89.5,12766,1.0
30.75,89.75,12767,1.0
30.75,90.0,12768,1.0
30.75,90.25,12769,1.0
30.75,90.5,12770,1.0
30.75,90.75,12771,1.0
30.75,91.0,12772,1.0
30.75,91.25,12773,1.0
30.75,91.5,12774,1.0
30.75,91.75,12775,1.0
30.75,92.0,12776,1.0
30.75,92.25,12777,1.0
30.75,92.5,12778,1.0
30.75,92.75,12779,1.0
30.75,93.0,12780,1.0
30.75,93.25,12781,1.0
30.75,93.5,12782,1.0
30.75,93.75,12783,1.0
30.75,94.0,12784,1.0
30.75,94.25,12785,1.0
30.75,94.5,12786,1.0
30.75,94.75,12787,1.0
30.75,95.0,12788,1.0
30.75,95.25,12789,1.0
30.75,95.5,12790,1.0
30.75,95.75,12791,1.0
30.75,96.0,12792,1.0
30.75,96.25,12793,1.0
30.75,96.5,12794,1.0
30.75,96.75,12795,1.0
30.75,97.0,12796,1.0
30.75,97.25,12797,1.0
30.75,97.5,12798,1.0
30.75,97.75,12799,1.0
30.75,98.0,12800,1.0
30.75,98.25,12801,1.0
30.75,98.5,12802,1.0
30.75,98.75,12803,1.0
30.75,99.0,12804,1.0
30.75,99.25,12805,1.0
30.75,99.5,12806,1.0
30.75,99.75,12807,1.0
30.75,100.0,12808,1.0
30.75,100.25,12809,1.0
30.75,100.5,12810,1.0
30.75,100.75,12811,1.0
30.75,101.0,12812,1.0
30.75,101.25,12813,1.0
30.75,101.5,12814,1.0
30.75,101.75,12815,1.0
30.75,102.0,12816,1.0
30.75,102.25,12817,1.0
30.75,102.5,12818,1.0
30.75,102.75,12819,1.0
30.75,103.0,12820,1.0
30.75,103.25,12821,1.0
30.75,103.5,12822,1.0
30.75,103.75,12823,1.0
30.75,104.0,12824,1.0
30.75,104.25,12825,1.0
30.75,104.5,12826,1.0
30.75,104.75,12827,1.0
30.75,105.0,12828,1.0
30.75,105.25,12829,1.0
30.75,105.5,12830,1.0
30.75,105.75,12831,1.0
30.75,106.0,12832,1.0
30.75,106.25,12833,1.0
30.75,106.5,12834,1.0
30.75,106.75,12835,1.0
30.75,107.0,12836,1.0
30.75,107.25,12837,1.0
30.75,107.5,12838,1.0
30.75,107.75,12839,1.0
30.75,108.0,12840,1.0
30.75,108.25,12841,1.0
30.75,108.5,12842,1.0
30.75,108.75,12843,1.0
30.75,109.0,12844,1.0
30.75,109.25,12845,1.0
30.75,109.5,12846,1.0
30.75,109.75,12847,1.0
30.75,110.0,12848,1.0
30.75,110.25,12849,1.0
30.75,110.5,12850,1.0
30.75,110.75,12851,1.0
30.75,111.0,12852,1.0
30.75,111.25,12853,1.0
30.75,111.5,12854,1.0
30.75,111.75,12855,1.0
30.75,112.0,12856,1.0
30.75,112.25,12857,1.0
30.75,112.5,12858,1.0
30.75,112.75,12859,1.0
30.75,113.0,12860,1.0
30.75,113.25,12861,1.0
30.75,113.5,12862,1.0
30.75,113.75,12863,1.0
30.75,114.0,12864,1.0
30.75,114.25,12865,1.0
30.75,114.5,12866,1.0
30.75,114.75,12867,1.0
30.75,115.0,12868,1.0
30.75,115.25,12869,1.0
30.75,115.5,12870,1.0
30.75,115.75,12871,1.0
30.75,116.0,12872,1.0
30.75,116.25,12873,1.0
30.75,116.5,12874,1.0
30.75,116.75,12875,1.0
30.75,117.0,12876,1.0
30.75,117.25,12877,1.0
30.75,117.5,12878,1.0
30.75,117.75,12879,1.0
30.75,118.0,12880,1.0
30.75,118.25,12881,1.0
30.75,118.5,12882,1.0
30.75,118.75,12883,1.0
30.75,119.0,12884,1.0
30.75,119.25,12885,1.0
30.75,119.5,12886,1.0
30.75,119.75,12887,1.0
30.75,120.0,12888,1.0
30.75,120.25,12889,1.0
30.75,120.5,12890,1.0
30.75,120.75,12891,1.0
30.75,121.0,12892,1.0
30.75,121.25,12893,1.0
31.0,79.5,12975,1.0
31.0,79.75,12976,1.0
31.0,80.0,12977,1.0
31.0,80.25,12978,1.0
31.0,80.5,12979,1.0
31.0,80.75,12980,1.0
31.0,81.0,12981,1.0
31.0,81.25,12982,1.0
31.0,81.5,12983,1.0
31.0,81.75,12984,1.0
31.0,82.0,12985,1.0
31.0,82.25,12986,1.0
31.0,82.5,12987,1.0
31.0,82.75,12988,1.0
31.0,83.0,12989,1.0
31.0,83.25,12990,1.0
31.0,83.5,12991,1.0
31.0,83.75,12992,1.0
31.0,84.0,12993,1.0
31.0,84.25,12994,1.0
31.0,84.5,12995,1.0
31.0,84.75,12996,1.0
31.0,85.0,12997,1.0
31.0,85.25,12998,1.0
31.0,85.5,12999,1.0
31.0,85.75,13000,1.0
31.0,86.0,13001,1.0
31.0,86.25,13002,1.0
31.0,86.5,13003,1.0
31.0,86.75,13004,1.0
31.0,87.0,13005,1.0
31.0,87.25,13006,1.0
31.0,87.5,13007,1.0
31.0,87.75,13008,1.0
31.0,88.0,13009,1.0
31.0,88.25,13010,1.0
31.0,88.5,13011,1.0
31.0,88.75,13012,1.0
31.0,89.0,13013,1.0
31.0,89.25,13014,1.0
31.0,89.5,13015,1.0
31.0,89.75,13016,1.0
31.0,90.0,13017,1.0
31.0,90.25,13018,1.0
31.0,90.5,13019,1.0
31.0,90.75,13020,1.0
31.0,91.0,13021,1.0
31.0,91.25,13022,1.0
31.0,91.5,13023,1.0
31.0,91.75,13024,1.0
31.0,92.0,13025,1.0
31.0,92.25,13026,1.0
31.0,92.5,13027,1.0
31.0,92.75,13028,1.0
31.0,93.0,13029,1.0
31.0,93.25,13030,1.0
31.0,93.5,13031,1.0
31.0,93.75,13032,1.0
31.0,94.0,13033,1.0
31.0,94.25,13034,1.0
31.0,94.5,13035,1.0
31.0,94.75,13036,1.0
31.0,95.0,13037,1.0
31.0,95.25,13038,1.0
31.0,95.5,13039,1.0
31.0,95.75,13040,1.0
31.0,96.0,13041,1.0
31.0,96.25,13042,1.0
31.0,96.5,13043,1.0
31.0,96.75,13044,1.0
31.0,97.0,13045,1.0
31.0,97.25,13046,1.0
31.0,97.5,13047,1.0
31.0,97.75,13048,1.0
31.0,98.0,13049,1.0
31.0,98.25,13050,1.0
31.0,98.5,13051,1.0
31.0,98.75,13052,1.0
31.0,99.0,13053,1.0
31.0,99.25,13054,1.0
31.0,99.5,13055,1.0
31.0,99.75,13056,1.0
31.0,100.0,13057,1.0
31.0,100.25,13058,1.0
31.0,100.5,13059,1.0
31.0,100.75,13060,1.0
31.0,101.0,13061,1.0
31.0,101.25,13062,1.0
31.0,101.5,13063,1.0
31.0,101.75,13064,1.0
31.0,102.0,13065,1.0
31.0,102.25,13066,1.0
31.0,102.5,13067,1.0
31.0,102.75,13068,1.0
31.0,103.0,13069,1.0
31.0,103.25,13070,1.0
31.0,103.5,13071,1.0
31.0,103.75,13072,1.0
31.0,104.0,13073,1.0
31.0,104.25,13074,1.0
31.0,104.5,13075,1.0
31.0,104.75,13076,1.0
31.0,105.0,13077,1.0
31.0,105.25,13078,1.0
31.0,105.5,13079,1.0
31.0,105.75,13080,1.0
31.0,106.0,13081,1.0
31.0,106.25,13082,1.0
31.0,106.5,13083,1.0
31.0,106.75,13084,1.0
31.0,107.0,13085,1.0
31.0,107.25,13086,1.0
31.0,107.5,13087,1.0
31.0,107.75,13088,1.0
31.0,108.0,13089,1.0
31.0,108.25,13090,1.0
31.0,108.5,13091,1.0
31.0,108.75,13092,1.0
31.0,109.0,13093,1.0
31.0,109.25,13094,1.0
31.0,109.5,13095,1.0
31.0,109.75,13096,1.0
31.0,110.0,13097,1.0
31.0,110.25,13098,1.0
31.0,110.5,13099,1.0
31.0,110.75,13100,1.0
31.0,111.0,13101,1.0
31.0,111.25,13102,1.0
31.0,111.5,13103,1.0
31.0,111.75,13104,1.0
31.0,112.0,13105,1.0
31.0,112.25,13106,1.0
31.0,112.5,13107,1.0
31.0,112.75,13108,1.0
31.0,113.0,13109,1.0
31.0,113.25,13110,1.0
31.0,113.5,13111,1.0
31.0,113.75,13112,1.0
31.0,114.0,13113,1.0
31.0,114.25,13114,1.0
31.0,114.5,13115,1.0
31.0,114.75,13116,1.0
31.0,115.0,13117,1.0
31.0,115.25,13118,1.0
31.0,115.5,13119,1.0
31.0,115.75,13120,1.0
31.0,116.0,13121,1.0
31.0,116.25,13122,1.0
31.0,116.5,13123,1.0
31.0,116.75,13124,1.0
31.0,117.0,13125,1.0
31.0,117.25,13126,1.0
31.0,117.5,13127,1.0
31.0,117.75,13128,1.0
31.0,118.0,13129,1.0
31.0,118.25,13130,1.0
31.0,118.5,13131,1.0
31.0,118.75,13132,1.0
31.0,119.0,13133,1.0
31.0,119.25,13134,1.0
31.0,119.5,13135,1.0
31.0,119.75,13136,1.0
31.0,120.0,13137,1.0
31.0,120.25,13138,1.0
31.0,120.5,13139,1.0
31.0,120.75,13140,1.0
31.0,121.0,13141,1.0
31.0,121.25,13142,1.0
31.0,121.5,13143,1.0
31.0,121.75,13144,1.0
31.25,79.25,13223,1.0
31.25,79.5,13224,1.0
31.25,79.75,13225,1.0
31.25,80.0,13226,1.0
31.25,80.25,13227,1.0
31.25,80.5,13228,1.0
31.25,80.75,13229,1.0
31.25,81.0,13230,1.0
31.25,81.25,13231,1.0
31.25,81.5,13232,1.0
31.25,81.75,13233,1.0
31.25,82.0,13234,1.0
31.25,82.25,13235,1.0
31.25,82.5,13236,1.0
31.25,82.75,13237,1.0
31.25,83.0,13238,1.0
31.25,83.25,13239,1.0
31.25,83.5,13240,1.0
31.25,83.75,13241,1.0
31.25,84.0,13242,1.0
31.25,84.25,13243,1.0
31.25,84.5,13244,1.0
31.25,84.75,13245,1.0
31.25,85.0,13246,1.0
31.25,85.25,13247,1.0
31.25,85.5,13248,1.0
31.25,85.75,13249,1.0
31.25,86.0,13250,1.0
31.25,86.25,13251,1.0
31.25,86.5,13252,1.0
31.25,86.75,13253,1.0
31.25,87.0,13254,1.0
31.25,87.25,13255,1.0
31.25,87.5,13256,1.0
31.25,87.75,13257,1.0
31.25,88.0,13258,1.0
31.25,88.25,13259,1.0
31.25,88.5,13260,1.0
31.25,88.75,13261,1.0
31.25,89.0,13262,1.0
31.25,89.25,13263,1.0
31.25,89.5,13264,1.0
31.25,89.75,13265,1.0
31.25,90.0,13266,1.0
31.25,90.25,13267,1.0
31.25,90.5,13268,1.0
31.25,90.75,13269,1.0
31.25,91.0,13270,1.0
31.25,91.25,13271,1.0
31.25,91.5,13272,1.0
31.25,91.75,13273,1.0
31.25,92.0,13274,1.0
31.25,92.25,13275,1.0
31.25,92.5,13276,1.0
31.25,92.75,13277,1.0
31.25,93.0,13278,1.0
31.25,93.25,13279,1.0
31.25,93.5,13280,1.0
31.25,93.75,13281,1.0
31.25,94.0,13282,1.0
31.25,94.25,13283,1.0
31.25,94.5,13284,1.0
31.25,94.75,13285,1.0
31.25,95.0,13286,1.0
31.25,95.25,13287,1.0
31.25,95.5,13288,1.0
31.25,95.75,13289,1.0
31.25,96.0,13290,1.0
31.25,96.25,13291,1.0
31.25,96.5,13292,1.0
31.25,96.75,13293,1.0
31.25,97.0,13294,1.0
31.25,97.25,13295,1.0
31.25,97.5,13296,1.0
31.25,97.75,13297,1.0
31.25,98.0,13298,1.0
31.25,98.25,13299,1.0
31.25,98.5,13300,1.0
31.25,98.75,13301,1.0
31.25,99.0,13302,1.0
31.25,99.25,13303,1.0
31.25,99.5,13304,1.0
31.25,99.75,13305,1.0
31.25,100.0,13306,1.0
31.25,100.25,13307,1.0
31.25,100.5,13308,1.0
31.25,100.75,13309,1.0
31.25,101.0,13310,1.0
31.25,101.25,13311,1.0
31.25,101.5,13312,1.0
31.25,101.75,13313,1.0
31.25,102.0,13314,1.0
31.25,102.25,13315,1.0
31.25,102.5,13316,1.0
31.25,102.75,13317,1.0
31.25,103.0,13318,1.0
31.25,103.25,13319,1.0
31.25,103.5,13320,1.0
31.25,103.75,13321,1.0
31.25,104.0,13322,1.0
31.25,104.25,13323,1.0
31.25,104.5,13324,1.0
31.25,104.75,13325,1.0
31.25,105.0,13326,1.0
31.25,105.25,13327,1.0
31.25,105.5,13328,1.0
31.25,105.75,13329,1.0
31.25,106.0,13330,1.0
31.25,106.25,13331,1.0
31.25,106.5,13332,1.0
31.25,106.75,13333,1.0
31.25,107.0,13334,1.0
31.25,107.25,13335,1.0
31.25,107.5,13336,1.0
31.25,107.75,13337,1.0
31.25,108.0,13338,1.0
31.25,108.25,13339,1.0
31.25,108.5,13340,1.0
31.25,108.75,13341,1.0
31.25,109.0,13342,1.0
31.25,109.25,13343,1.0
31.25,109.5,13344,1.0
31.25,109.75,13345,1.0
31.25,110.0,13346,1.0
31.25,110.25,13347,1.0
31.25,110.5,13348,1.0
31.25,110.75,13349,1.0
31.25,111.0,13350,1.0
31.25,111.25,13351,1.0
31.25,111.5,13352,1.0
31.25,111.75,13353,1.0
31.25,112.0,13354,1.0
31.25,112.25,13355,1.0
31.25,112.5,13356,1.0
31.25,112.75,13357,1.0
31.25,113.0,13358,1.0
31.25,113.25,13359,1.0
31.25,113.5,13360,1.0
31.25,113.75,13361,1.0
31.25,114.0,13362,1.0
31.25,114.25,13363,1.0
31.25,114.5,13364,1.0
31.25,114.75,13365,1.0
31.25,115.0,13366,1.0
31.25,115.25,13367,1.0
31.25,115.5,13368,1.0
31.25,115.75,13369,1.0
31.25,116.0,13370,1.0
31.25,116.25,13371,1.0
31.25,116.5,13372,1.0
31.25,116.75,13373,1.0
31.25,117.0,13374,1.0
31.25,117.25,13375,1.0
31.25,117.5,13376,1.0
31.25,117.75,13377,1.0
31.25,118.0,13378,1.0
31.25,118.25,13379,1.0
31.25,118.5,13380,1.0
31.25,118.75,13381,1.0
31.25,119.0,13382,1.0
31.25,119.25,13383,1.0
31.25,119.5,13384,1.0
31.25,119.75,13385,1.0
31.25,120.0,13386,1.0
31.25,120.25,13387,1.0
31.25,120.5,13388,1.0
31.25,120.75,13389,1.0
31.25,121.0,13390,1.0
31.25,121.25,13391,1.0
31.25,121.5,13392,1.0
31.5,78.75,13470,1.0
31.5,79.0,13471,1.0
31.5,79.25,13472,1.0
31.5,79.5,13473,1.0
31.5,79.75,13474,1.0
31.5,80.0,13475,1.0
31.5,80.25,13476,1.0
31.5,80.5,13477,1.0
31.5,80.75,13478,1.0
31.5,81.0,13479,1.0
31.5,81.25,13480,1.0
31.5,81.5,13481,1.0
31.5,81.75,13482,1.0
31.5,82.0,13483,1.0
31.5,82.25,13484,1.0
31.5,82.5,13485,1.0
31.5,82.75,13486,1.0
31.5,83.0,13487,1.0
31.5,83.25,13488,1.0
31.5,83.5,13489,1.0
31.5,83.75,13490,1.0
31.5,84.0,13491,1.0
31.5,84.25,13492,1.0
31.5,84.5,13493,1.0
31.5,84.75,13494,1.0
31.5,85.0,13495,1.0
31.5,85.25,13496,1.0
31.5,85.5,13497,1.0
31.5,85.75,13498,1.0
31.5,86.0,13499,1.0
31.5,86.25,13500,1.0
31.5,86.5,13501,1.0
31.5,86.75,13502,1.0
31.5,87.0,13503,1.0
31.5,87.25,13504,1.0
31.5,87.5,13505,1.0
31.5,87.75,13506,1.0
31.5,88.0,13507,1.0
31.5,88.25,13508,1.0
31.5,88.5,13509,1.0
31.5,88.75,13510,1.0
31.5,89.0,13511,1.0
31.5,89.25,13512,1.0
31.5,89.5,13513,1.0
31.5,89.75,13514,1.0
31.5,90.0,13515,1.0
31.5,90.25,13516,1.0
31.5,90.5,13517,1.0
31.5,90.75,13518,1.0
31.5,91.0,13519,1.0
31.5,91.25,13520,1.0
31.5,91.5,13521,1.0
31.5,91.75,13522,1.0
31.5,92.0,13523,1.0
31.5,92.25,13524,1.0
31.5,92.5,13525,1.0
31.5,92.75,13526,1.0
31.5,93.0,13527,1.0
31.5,93.25,13528,1.0
31.5,93.5,13529,1.0
31.5,93.75,13530,1.0
31.5,94.0,13531,1.0
31.5,94.25,13532,1.0
31.5,94.5,13533,1.0
31.5,94.75,13534,1.0
31.5,95.0,13535,1.0
31.5,95.25,13536,1.0
31.5,95.5,13537,1.0
31.5,95.75,13538,1.0
31.5,96.0,13539,1.0
31.5,96.25,13540,1.0
31.5,96.5,13541,1.0
31.5,96.75,13542,1.0
31.5,97.0,13543,1.0
31.5,97.25,13544,1.0
31.5,97.5,13545,1.0
31.5,97.75,13546,1.0
31.5,98.0,13547,1.0
31.5,98.25,13548,1.0
31.5,98.5,13549,1.0
31.5,98.75,13550,1.0
31.5,99.0,13551,1.0
31.5,99.25,13552,1.0
31.5,99.5,13553,1.0
31.5,99.75,13554,1.0
31.5,100.0,13555,1.0
31.5,100.25,13556,1.0
31.5,100.5,13557,1.0
31.5,100.75,13558,1.0
31.5,101.0,13559,1.0
31.5,101.25,13560,1.0
31.5,101.5,13561,1.0
31.5,101.75,13562,1.0
31.5,102.0,13563,1.0
31.5,102.25,13564,1.0
31.5,102.5,13565,1.0
31.5,102.75,13566,1.0
31.5,103.0,13567,1.0
31.5,103.25,13568,1.0
31.5,103.5,13569,1.0
31.5,103.75,13570,1.0
31.5,104.0,13571,1.0
31.5,104.25,13572,1.0
31.5,104.5,13573,1.0
31.5,104.75,13574,1.0
31.5,105.0,13575,1.0
31.5,105.25,13576,1.0
31.5,105.5,13577,1.0
31.5,105.75,13578,1.0
31.5,106.0,13579,1.0
31.5,106.25,13580,1.0
31.5,106.5,13581,1.0
31.5,106.75,13582,1.0
31.5,107.0,13583,1.0
31.5,107.25,13584,1.0
31.5,107.5,13585,1.0
31.5,107.75,13586,1.0
31.5,108.0,13587,1.0
31.5,108.25,13588,1.0
31.5,108.5,13589,1.0
31.5,108.75,13590,1.0
31.5,109.0,13591,1.0
31.5,109.25,13592,1.0
31.5,109.5,13593,1.0
31.5,109.75,13594,1.0
31.5,110.0,13595,1.0
31.5,110.25,13596,1.0
31.5,110.5,13597,1.0
31.5,110.75,13598,1.0
31.5,111.0,13599,1.0
31.5,111.25,13600,1.0
31.5,111.5,13601,1.0
31.5,111.75,13602,1.0
31.5,112.0,13603,1.0
31.5,112.25,13604,1.0
31.5,112.5,13605,1.0
31.5,112.75,13606,1.0
31.5,113.0,13607,1.0
31.5,113.25,13608,1.0
31.5,113.5,13609,1.0
31.5,113.75,13610,1.0
31.5,114.0,13611,1.0
31.5,114.25,13612,1.0
31.5,114.5,13613,1.0
31.5,114.75,13614,1.0
31.5,115.0,13615,1.0
31.5,115.25,13616,1.0
31.5,115.5,13617,1.0
31.5,115.75,13618,1.0
31.5,116.0,13619,1.0
31.5,116.25,13620,1.0
31.5,116.5,13621,1.0
31.5,116.75,13622,1.0
31.5,117.0,13623,1.0
31.5,117.25,13624,1.0
31.5,117.5,13625,1.0
31.5,117.75,13626,1.0
31.5,118.0,13627,1.0
31.5,118.25,13628,1.0
31.5,118.5,13629,1.0
31.5,118.75,13630,1.0
31.5,119.0,13631,1.0
31.5,119.25,13632,1.0
31.5,119.5,13633,1.0
31.5,119.75,13634,1.0
31.5,120.0,13635,1.0
31.5,120.25,13636,1.0
31.5,120.5,13637,1.0
31.5,120.75,13638,1.0
31.5,121.0,13639,1.0
31.5,121.25,13640,1.0
31.5,121.75,13642,1.0
31.75,78.75,13719,1.0
31.75,79.0,13720,1.0
31.75,79.25,13721,1.0
31.75,79.5,13722,1.0
31.75,79.75,13723,1.0
31.75,80.0,13724,1.0
31.75,80.25,13725,1.0
31.75,80.5,13726,1.0
31.75,80.75,13727,1.0
31.75,81.0,13728,1.0
31.75,81.25,13729,1.0
31.75,81.5,13730,1.0
31.75,81.75,13731,1.0
31.75,82.0,13732,1.0
31.75,82.25,13733,1.0
31.75,82.5,13734,1.0
31.75,82.75,13735,1.0
31.75,83.0,13736,1.0
31.75,83.25,13737,1.0
31.75,83.5,13738,1.0
31.75,83.75,13739,1.0
31.75,84.0,13740,1.0
31.75,84.25,13741,1.0
31.75,84.5,13742,1.0
31.75,84.75,13743,1.0
31.75,85.0,13744,1.0
31.75,85.25,13745,1.0
31.75,85.5,13746,1.0
31.75,85.75,13747,1.0
31.75,86.0,13748,1.0
31.75,86.25,13749,1.0
31.75,86.5,13750,1.0
31.75,86.75,13751,1.0
31.75,87.0,13752,1.0
31.75,87.25,13753,1.0
31.75,87.5,13754,1.0
31.75,87.75,13755,1.0
31.75,88.0,13756,1.0
31.75,88.25,13757,1.0
31.75,88.5,13758,1.0
31.75,88.75,13759,1.0
31.75,89.0,13760,1.0
31.75,89.25,13761,1.0
31.75,89.5,13762,1.0
31.75,89.75,13763,1.0
31.75,90.0,13764,1.0
31.75,90.25,13765,1.0
31.75,90.5,13766,1.0
31.75,90.75,13767,1.0
31.75,91.0,13768,1.0
31.75,91.25,13769,1.0
31.75,91.5,13770,1.0
31.75,91.75,13771,1.0
31.75,92.0,13772,1.0
31.75,92.25,13773,1.0
31.75,92.5,13774,1.0
31.75,92.75,13775,1.0
31.75,93.0,13776,1.0
31.75,93.25,13777,1.0
31.75,93.5,13778,1.0
31.75,93.75,13779,1.0
31.75,94.0,13780,1.0
31.75,94.25,13781,1.0
31.75,94.5,13782,1.0
31.75,94.75,13783,1.0
31.75,95.0,13784,1.0
31.75,95.25,13785,1.0
31.75,95.5,13786,1.0
31.75,95.75,13787,1.0
31.75,96.0,13788,1.0
31.75,96.25,13789,1.0
31.75,96.5,13790,1.0
31.75,96.75,13791,1.0
31.75,97.0,13792,1.0
31.75,97.25,13793,1.0
31.75,97.5,13794,1.0
31.75,97.75,13795,1.0
31.75,98.0,13796,1.0
31.75,98.25,13797,1.0
31.75,98.5,13798,1.0
31.75,98.75,13799,1.0
31.75,99.0,13800,1.0
31.75,99.25,13801,1.0
31.75,99.5,13802,1.0
31.75,99.75,13803,1.0
31.75,100.0,13804,1.0
31.75,100.25,13805,1.0
31.75,100.5,13806,1.0
31.75,100.75,13807,1.0
31.75,101.0,13808,1.0
31.75,101.25,13809,1.0
31.75,101.5,13810,1.0
31.75,101.75,13811,1.0
31.75,102.0,13812,1.0
31.75,102.25,13813,1.0
31.75,102.5,13814,1.0
31.75,102.75,13815,1.0
31.75,103.0,13816,1.0
31.75,103.25,13817,1.0
31.75,103.5,13818,1.0
31.75,103.75,13819,1.0
31.75,104.0,13820,1.0
31.75,104.25,13821,1.0
31.75,104.5,13822,1.0
31.75,104.75,13823,1.0
31.75,105.0,13824,1.0
31.75,105.25,13825,1.0
31.75,105.5,13826,1.0
31.75,105.75,13827,1.0
31.75,106.0,13828,1.0
31.75,106.25,13829,1.0
31.75,106.5,13830,1.0
31.75,106.75,13831,1.0
31.75,107.0,13832,1.0
31.75,107.25,13833,1.0
31.75,107.5,13834,1.0
31.75,107.75,13835,1.0
31.75,108.0,13836,1.0
31.75,108.25,13837,1.0
31.75,108.5,13838,1.0
31.75,108.75,13839,1.0
31.75,109.0,13840,1.0
31.75,109.25,13841,1.0
31.75,109.5,13842,1.0
31.75,109.75,13843,1.0
31.75,110.0,13844,1.0
31.75,110.25,13845,1.0
31.75,110.5,13846,1.0
31.75,110.75,13847,1.0
31.75,111.0,13848,1.0
31.75,111.25,13849,1.0
31.75,111.5,13850,1.0
31.75,111.75,13851,1.0
31.75,112.0,13852,1.0
31.75,112.25,13853,1.0
31.75,112.5,13854,1.0
31.75,112.75,13855,1.0
31.75,113.0,13856,1.0
31.75,113.25,13857,1.0
31.75,113.5,13858,1.0
31.75,113.75,13859,1.0
31.75,114.0,13860,1.0
31.75,114.25,13861,1.0
31.75,114.5,13862,1.0
31.75,114.75,13863,1.0
31.75,115.0,13864,1.0
31.75,115.25,13865,1.0
31.75,115.5,13866,1.0
31.75,115.75,13867,1.0
31.75,116.0,13868,1.0
31.75,116.25,13869,1.0
31.75,116.5,13870,1.0
31.75,116.75,13871,1.0
31.75,117.0,13872,1.0
31.75,117.25,13873,1.0
31.75,117.5,13874,1.0
31.75,117.75,13875,1.0
31.75,118.0,13876,1.0
31.75,118.25,13877,1.0
31.75,118.5,13878,1.0
31.75,118.75,13879,1.0
31.75,119.0,13880,1.0
31.75,119.25,13881,1.0
31.75,119.5,13882,1.0
31.75,119.75,13883,1.0
31.75,120.0,13884,1.0
31.75,120.25,13885,1.0
31.75,120.5,13886,1.0
31.75,120.75,13887,1.0
31.75,121.25,13889,1.0
31.75,121.75,13891,1.0
32.0,78.75,13968,1.0
32.0,79.0,13969,1.0
32.0,79.25,13970,1.0
32.0,79.5,13971,1.0
32.0,79.75,13972,1.0
32.0,80.0,13973,1.0
32.0,80.25,13974,1.0
32.0,80.5,13975,1.0
32.0,80.75,13976,1.0
32.0,81.0,13977,1.0
32.0,81.25,13978,1.0
32.0,81.5,13979,1.0
32.0,81.75,13980,1.0
32.0,82.0,13981,1.0
32.0,82.25,13982,1.0
32.0,82.5,13983,1.0
32.0,82.75,13984,1.0
32.0,83.0,13985,1.0
32.0,83.25,13986,1.0
32.0,83.5,13987,1.0
32.0,83.75,13988,1.0
32.0,84.0,13989,1.0
32.0,84.25,13990,1.0
32.0,84.5,13991,1.0
32.0,84.75,13992,1.0
32.0,85.0,13993,1.0
32.0,85.25,13994,1.0
32.0,85.5,13995,1.0
32.0,85.75,13996,1.0
32.0,86.0,13997,1.0
32.0,86.25,13998,1.0
32.0,86.5,13999,1.0
32.0,86.75,14000,1.0
32.0,87.0,14001,1.0
32.0,87.25,14002,1.0
32.0,87.5,14003,1.0
32.0,87.75,14004,1.0
32.0,88.0,14005,1.0
32.0,88.25,14006,1.0
32.0,88.5,14007,1.0
32.0,88.75,14008,1.0
32.0,89.0,14009,1.0
32.0,89.25,14010,1.0
32.0,89.5,14011,1.0
32.0,89.75,14012,1.0
32.0,90.0,14013,1.0
32.0,90.25,14014,1.0
32.0,90.5,14015,1.0
32.0,90.75,14016,1.0
32.0,91.0,14017,1.0
32.0,91.25,14018,1.0
32.0,91.5,14019,1.0
32.0,91.75,14020,1.0
32.0,92.0,14021,1.0
32.0,92.25,14022,1.0
32.0,92.5,14023,1.0
32.0,92.75,14024,1.0
32.0,93.0,14025,1.0
32.0,93.25,14026,1.0
32.0,93.5,14027,1.0
32.0,93.75,14028,1.0
32.0,94.0,14029,1.0
32.0,94.25,14030,1.0
32.0,94.5,14031,1.0
32.0,94.75,14032,1.0
32.0,95.0,14033,1.0
32.0,95.25,14034,1.0
32.0,95.5,14035,1.0
32.0,95.75,14036,1.0
32.0,96.0,14037,1.0
32.0,96.25,14038,1.0
32.0,96.5,14039,1.0
32.0,96.75,14040,1.0
32.0,97.0,14041,1.0
32.0,97.25,14042,1.0
32.0,97.5,14043,1.0
32.0,97.75,14044,1.0
32.0,98.0,14045,1.0
32.0,98.25,14046,1.0
32.0,98.5,14047,1.0
32.0,98.75,14048,1.0
32.0,99.0,14049,1.0
32.0,99.25,14050,1.0
32.0,99.5,14051,1.0
32.0,99.75,14052,1.0
32.0,100.0,14053,1.0
32.0,100.25,14054,1.0
32.0,100.5,14055,1.0
32.0,100.75,14056,1.0
32.0,101.0,14057,1.0
32.0,101.25,14058,1.0
32.0,101.5,14059,1.0
32.0,101.75,14060,1.0
32.0,102.0,14061,1.0
32.0,102.25,14062,1.0
32.0,102.5,14063,1.0
32.0,102.75,14064,1.0
32.0,103.0,14065,1.0
32.0,103.25,14066,1.0
32.0,103.5,14067,1.0
32.0,103.75,14068,1.0
32.0,104.0,14069,1.0
32.0,104.25,14070,1.0
32.0,104.5,14071,1.0
32.0,104.75,14072,1.0
32.0,105.0,14073,1.0
32.0,105.25,14074,1.0
32.0,105.5,14075,1.0
32.0,105.75,14076,1.0
32.0,106.0,14077,1.0
32.0,106.25,14078,1.0
32.0,106.5,14079,1.0
32.0,106.75,14080,1.0
32.0,107.0,14081,1.0
32.0,107.25,14082,1.0
32.0,107.5,14083,1.0
32.0,107.75,14084,1.0
32.0,108.0,14085,1.0
32.0,108.25,14086,1.0
32.0,108.5,14087,1.0
32.0,108.75,14088,1.0
32.0,109.0,14089,1.0
32.0,109.25,14090,1.0
32.0,109.5,14091,1.0
32.0,109.75,14092,1.0
32.0,110.0,14093,1.0
32.0,110.25,14094,1.0
32.0,110.5,14095,1.0
32.0,110.75,14096,1.0
32.0,111.0,14097,1.0
32.0,111.25,14098,1.0
32.0,111.5,14099,1.0
32.0,111.75,14100,1.0
32.0,112.0,14101,1.0
32.0,112.25,14102,1.0
32.0,112.5,14103,1.0
32.0,112.75,14104,1.0
32.0,113.0,14105,1.0
32.0,113.25,14106,1.0
32.0,113.5,14107,1.0
32.0,113.75,14108,1.0
32.0,114.0,14109,1.0
32.0,114.25,14110,1.0
32.0,114.5,14111,1.0
32.0,114.75,14112,1.0
32.0,115.0,14113,1.0
32.0,115.25,14114,1.0
32.0,115.5,14115,1.0
32.0,115.75,14116,1.0
32.0,116.0,14117,1.0
32.0,116.25,14118,1.0
32.0,116.5,14119,1.0
32.0,116.75,14120,1.0
32.0,117.0,14121,1.0
32.0,117.25,14122,1.0
32.0,117.5,14123,1.0
32.0,117.75,14124,1.0
32.0,118.0,14125,1.0
32.0,118.25,14126,1.0
32.0,118.5,14127,1.0
32.0,118.75,14128,1.0
32.0,119.0,14129,1.0
32.0,119.25,14130,1.0
32.0,119.5,14131,1.0
32.0,119.75,14132,1.0
32.0,120.0,14133,1.0
32.0,120.25,14134,1.0
32.0,120.5,14135,1.0
32.0,121.0,14137,1.0
32.0,121.25,14138,1.0
32.0,121.5,14139,1.0
32.25,78.5,14216,1.0
32.25,78.75,14217,1.0
32.25,79.0,14218,1.0
32.25,79.25,14219,1.0
32.25,79.5,14220,1.0
32.25,79.75,14221,1.0
32.25,80.0,14222,1.0
32.25,80.25,14223,1.0
32.25,80.5,14224,1.0
32.25,80.75,14225,1.0
32.25,81.0,14226,1.0
32.25,81.25,14227,1.0
32.25,81.5,14228,1.0
32.25,81.75,14229,1.0
32.25,82.0,14230,1.0
32.25,82.25,14231,1.0
32.25,82.5,14232,1.0
32.25,82.75,14233,1.0
32.25,83.0,14234,1.0
32.25,83.25,14235,1.0
32.25,83.5,14236,1.0
32.25,83.75,14237,1.0
32.25,84.0,14238,1.0
32.25,84.25,14239,1.0
32.25,84.5,14240,1.0
32.25,84.75,14241,1.0
32.25,85.0,14242,1.0
32.25,85.25,14243,1.0
32.25,85.5,14244,1.0
32.25,85.75,14245,1.0
32.25,86.0,14246,1.0
32.25,86.25,14247,1.0
32.25,86.5,14248,1.0
32.25,86.75,14249,1.0
32.25,87.0,14250,1.0
32.25,87.25,14251,1.0
32.25,87.5,14252,1.0
32.25,87.75,14253,1.0
32.25,88.0,14254,1.0
32.25,88.25,14255,1.0
32.25,88.5,14256,1.0
32.25,88.75,14257,1.0
32.25,89.0,14258,1.0
32.25,89.25,14259,1.0
32.25,89.5,14260,1.0
32.25,89.75,14261,1.0
32.25,90.0,14262,1.0
32.25,90.25,14263,1.0
32.25,90.5,14264,1.0
32.25,90.75,14265,1.0
32.25,91.0,14266,1.0
32.25,91.25,14267,1.0
32.25,91.5,14268,1.0
32.25,91.75,14269,1.0
32.25,92.0,14270,1.0
32.25,92.25,14271,1.0
32.25,92.5,14272,1.0
32.25,92.75,14273,1.0
32.25,93.0,14274,1.0
32.25,93.25,14275,1.0
32.25,93.5,14276,1.0
32.25,93.75,14277,1.0
32.25,94.0,14278,1.0
32.25,94.25,14279,1.0
32.25,94.5,14280,1.0
32.25,94.75,14281,1.0
32.25,95.0,14282,1.0
32.25,95.25,14283,1.0
32.25,95.5,14284,1.0
32.25,95.75,14285,1.0
32.25,96.0,14286,1.0
32.25,96.25,14287,1.0
32.25,96.5,14288,1.0
32.25,96.75,14289,1.0
32.25,97.0,14290,1.0
32.25,97.25,14291,1.0
32.25,97.5,14292,1.0
32.25,97.75,14293,1.0
32.25,98.0,14294,1.0
32.25,98.25,14295,1.0
32.25,98.5,14296,1.0
32.25,98.75,14297,1.0
32.25,99.0,14298,1.0
32.25,99.25,14299,1.0
32.25,99.5,14300,1.0
32.25,99.75,14301,1.0
32.25,100.0,14302,1.0
32.25,100.25,14303,1.0
32.25,100.5,14304,1.0
32.25,100.75,14305,1.0
32.25,101.0,14306,1.0
32.25,101.25,14307,1.0
32.25,101.5,14308,1.0
32.25,101.75,14309,1.0
32.25,102.0,14310,1.0
32.25,102.25,14311,1.0
32.25,102.5,14312,1.0
32.25,102.75,14313,1.0
32.25,103.0,14314,1.0
32.25,103.25,14315,1.0
32.25,103.5,14316,1.0
32.25,103.75,14317,1.0
32.25,104.0,14318,1.0
32.25,104.25,14319,1.0
32.25,104.5,14320,1.0
32.25,104.75,14321,1.0
32.25,105.0,14322,1.0
32.25,105.25,14323,1.0
32.25,105.5,14324,1.0
32.25,105.75,14325,1.0
32.25,106.0,14326,1.0
32.25,106.25,14327,1.0
32.25,106.5,14328,1.0
32.25,106.75,14329,1.0
32.25,107.0,14330,1.0
32.25,107.25,14331,1.0
32.25,107.5,14332,1.0
32.25,107.75,14333,1.0
32.25,108.0,14334,1.0
32.25,108.25,14335,1.0
32.25,108.5,14336,1.0
32.25,108.75,14337,1.0
32.25,109.0,14338,1.0
32.25,109.25,14339,1.0
32.25,109.5,14340,1.0
32.25,109.75,14341,1.0
32.25,110.0,14342,1.0
32.25,110.25,14343,1.0
32.25,110.5,14344,1.0
32.25,110.75,14345,1.0
32.25,111.0,14346,1.0
32.25,111.25,14347,1.0
32.25,111.5,14348,1.0
32.25,111.75,14349,1.0
32.25,112.0,14350,1.0
32.25,112.25,14351,1.0
32.25,112.5,14352,1.0
32.25,112.75,14353,1.0
32.25,113.0,14354,1.0
32.25,113.25,14355,1.0
32.25,113.5,14356,1.0
32.25,113.75,14357,1.0
32.25,114.0,14358,1.0
32.25,114.25,14359,1.0
32.25,114.5,14360,1.0
32.25,114.75,14361,1.0
32.25,115.0,14362,1.0
32.25,115.25,14363,1.0
32.25,115.5,14364,1.0
32.25,115.75,14365,1.0
32.25,116.0,14366,1.0
32.25,116.25,14367,1.0
32.25,116.5,14368,1.0
32.25,116.75,14369,1.0
32.25,117.0,14370,1.0
32.25,117.25,14371,1.0
32.25,117.5,14372,1.0
32.25,117.75,14373,1.0
32.25,118.0,14374,1.0
32.25,118.25,14375,1.0
32.25,118.5,14376,1.0
32.25,118.75,14377,1.0
32.25,119.0,14378,1.0
32.25,119.25,14379,1.0
32.25,119.5,14380,1.0
32.25,119.75,14381,1.0
32.25,120.0,14382,1.0
32.25,120.25,14383,1.0
32.25,120.5,14384,1.0
32.25,120.75,14385,1.0
32.25,121.0,14386,1.0
32.25,121.25,14387,1.0
32.5,78.5,14465,1.0
32.5,78.75,14466,1.0
32.5,79.25,14468,1.0
32.5,79.5,14469,1.0
32.5,79.75,14470,1.0
32.5,80.0,14471,1.0
32.5,80.25,14472,1.0
32.5,80.5,14473,1.0
32.5,80.75,14474,1.0
32.5,81.0,14475,1.0
32.5,81.25,14476,1.0
32.5,81.5,14477,1.0
32.5,81.75,14478,1.0
32.5,82.0,14479,1.0
32.5,82.25,14480,1.0
32.5,82.5,14481,1.0
32.5,82.75,14482,1.0
32.5,83.0,14483,1.0
32.5,83.25,14484,1.0
32.5,83.5,14485,1.0
32.5,83.75,14486,1.0
32.5,84.0,14487,1.0
32.5,84.25,14488,1.0
32.5,84.5,14489,1.0
32.5,84.75,14490,1.0
32.5,85.0,14491,1.0
32.5,85.25,14492,1.0
32.5,85.5,14493,1.0
32.5,85.75,14494,1.0
32.5,86.0,14495,1.0
32.5,86.25,14496,1.0
32.5,86.5,14497,1.0
32.5,86.75,14498,1.0
32.5,87.0,14499,1.0
32.5,87.25,14500,1.0
32.5,87.5,14501,1.0
32.5,87.75,14502,1.0
32.5,88.0,14503,1.0
32.5,88.25,14504,1.0
32.5,88.5,14505,1.0
32.5,88.75,14506,1.0
32.5,89.0,14507,1.0
32.5,89.25,14508,1.0
32.5,89.5,14509,1.0
32.5,89.75,14510,1.0
32.5,90.0,14511,1.0
32.5,90.25,14512,1.0
32.5,90.5,14513,1.0
32.5,90.75,14514,1.0
32.5,91.0,14515,1.0
32.5,91.25,14516,1.0
32.5,91.5,14517,1.0
32.5,91.75,14518,1.0
32.5,92.0,14519,1.0
32.5,92.25,14520,1.0
32.5,92.5,14521,1.0
32.5,92.75,14522,1.0
32.5,93.0,14523,1.0
32.5,93.25,14524,1.0
32.5,93.5,14525,1.0
32.5,93.75,14526,1.0
32.5,94.0,14527,1.0
32.5,94.25,14528,1.0
32.5,94.5,14529,1.0
32.5,94.75,14530,1.0
32.5,95.0,14531,1.0
32.5,95.25,14532,1.0
32.5,95.5,14533,1.0
32.5,95.75,14534,1.0
32.5,96.0,14535,1.0
32.5,96.25,14536,1.0
32.5,96.5,14537,1.0
32.5,96.75,14538,1.0
32.5,97.0,14539,1.0
32.5,97.25,14540,1.0
32.5,97.5,14541,1.0
32.5,97.75,14542,1.0
32.5,98.0,14543,1.0
32.5,98.25,14544,1.0
32.5,98.5,14545,1.0
32.5,98.75,14546,1.0
32.5,99.0,14547,1.0
32.5,99.25,14548,1.0
32.5,99.5,14549,1.0
32.5,99.75,14550,1.0
32.5,100.0,14551,1.0
32.5,100.25,14552,1.0
32.5,100.5,14553,1.0
32.5,100.75,14554,1.0
32.5,101.0,14555,1.0
32.5,101.25,14556,1.0
32.5,101.5,14557,1.0
32.5,101.75,14558,1.0
32.5,102.0,14559,1.0
32.5,102.25,14560,1.0
32.5,102.5,14561,1.0
32.5,102.75,14562,1.0
32.5,103.0,14563,1.0
32.5,103.25,14564,1.0
32.5,103.5,14565,1.0
32.5,103.75,14566,1.0
32.5,104.0,14567,1.0
32.5,104.25,14568,1.0
32.5,104.5,14569,1.0
32.5,104.75,14570,1.0
32.5,105.0,14571,1.0
32.5,105.25,14572,1.0
32.5,105.5,14573,1.0
32.5,105.75,14574,1.0
32.5,106.0,14575,1.0
32.5,106.25,14576,1.0
32.5,106.5,14577,1.0
32.5,106.75,14578,1.0
32.5,107.0,14579,1.0
32.5,107.25,14580,1.0
32.5,107.5,14581,1.0
32.5,107.75,14582,1.0
32.5,108.0,14583,1.0
32.5,108.25,14584,1.0
32.5,108.5,14585,1.0
32.5,108.75,14586,1.0
32.5,109.0,14587,1.0
32.5,109.25,14588,1.0
32.5,109.5,14589,1.0
32.5,109.75,14590,1.0
32.5,110.0,14591,1.0
32.5,110.25,14592,1.0
32.5,110.5,14593,1.0
32.5,110.75,14594,1.0
32.5,111.0,14595,1.0
32.5,111.25,14596,1.0
32.5,111.5,14597,1.0
32.5,111.75,14598,1.0
32.5,112.0,14599,1.0
32.5,112.25,14600,1.0
32.5,112.5,14601,1.0
32.5,112.75,14602,1.0
32.5,113.0,14603,1.0
32.5,113.25,14604,1.0
32.5,113.5,14605,1.0
32.5,113.75,14606,1.0
32.5,114.0,14607,1.0
32.5,114.25,14608,1.0
32.5,114.5,14609,1.0
32.5,114.75,14610,1.0
32.5,115.0,14611,1.0
32.5,115.25,14612,1.0
32.5,115.5,14613,1.0
32.5,115.75,14614,1.0
32.5,116.0,14615,1.0
32.5,116.25,14616,1.0
32.5,116.5,14617,1.0
32.5,116.75,14618,1.0
32.5,117.0,14619,1.0
32.5,117.25,14620,1.0
32.5,117.5,14621,1.0
32.5,117.75,14622,1.0
32.5,118.0,14623,1.0
32.5,118.25,14624,1.0
32.5,118.5,14625,1.0
32.5,118.75,14626,1.0
32.5,119.0,14627,1.0
32.5,119.25,14628,1.0
32.5,119.5,14629,1.0
32.5,119.75,14630,1.0
32.5,120.0,14631,1.0
32.5,120.25,14632,1.0
32.5,120.5,14633,1.0
32.5,120.75,14634,1.0
32.5,121.0,14635,1.0
32.75,79.25,14717,1.0
32.75,79.5,14718,1.0
32.75,79.75,14719,1.0
32.75,80.0,14720,1.0
32.75,80.25,14721,1.0
32.75,80.5,14722,1.0
32.75,80.75,14723,1.0
32.75,81.0,14724,1.0
32.75,81.25,14725,1.0
32.75,81.5,14726,1.0
32.75,81.75,14727,1.0
32.75,82.0,14728,1.0
32.75,82.25,14729,1.0
32.75,82.5,14730,1.0
32.75,82.75,14731,1.0
32.75,83.0,14732,1.0
32.75,83.25,14733,1.0
32.75,83.5,14734,1.0
32.75,83.75,14735,1.0
32.75,84.0,14736,1.0
32.75,84.25,14737,1.0
32.75,84.5,14738,1.0
32.75,84.75,14739,1.0
32.75,85.0,14740,1.0
32.75,85.25,14741,1.0
32.75,85.5,14742,1.0
32.75,85.75,14743,1.0
32.75,86.0,14744,1.0
32.75,86.25,14745,1.0
32.75,86.5,14746,1.0
32.75,86.75,14747,1.0
32.75,87.0,14748,1.0
32.75,87.25,14749,1.0
32.75,87.5,14750,1.0
32.75,87.75,14751,1.0
32.75,88.0,14752,1.0
32.75,88.25,14753,1.0
32.75,88.5,14754,1.0
32.75,88.75,14755,1.0
32.75,89.0,14756,1.0
32.75,89.25,14757,1.0
32.75,89.5,14758,1.0
32.75,89.75,14759,1.0
32.75,90.0,14760,1.0
32.75,90.25,14761,1.0
32.75,90.5,14762,1.0
32.75,90.75,14763,1.0
32.75,91.0,14764,1.0
32.75,91.25,14765,1.0
32.75,91.5,14766,1.0
32.75,91.75,14767,1.0
32.75,92.0,14768,1.0
32.75,92.25,14769,1.0
32.75,92.5,14770,1.0
32.75,92.75,14771,1.0
32.75,93.0,14772,1.0
32.75,93.25,14773,1.0
32.75,93.5,14774,1.0
32.75,93.75,14775,1.0
32.75,94.0,14776,1.0
32.75,94.25,14777,1.0
32.75,94.5,14778,1.0
32.75,94.75,14779,1.0
32.75,95.0,14780,1.0
32.75,95.25,14781,1.0
32.75,95.5,14782,1.0
32.75,95.75,14783,1.0
32.75,96.0,14784,1.0
32.75,96.25,14785,1.0
32.75,96.5,14786,1.0
32.75,96.75,14787,1.0
32.75,97.0,14788,1.0
32.75,97.25,14789,1.0
32.75,97.5,14790,1.0
32.75,97.75,14791,1.0
32.75,98.0,14792,1.0
32.75,98.25,14793,1.0
32.75,98.5,14794,1.0
32.75,98.75,14795,1.0
32.75,99.0,14796,1.0
32.75,99.25,14797,1.0
32.75,99.5,14798,1.0
32.75,99.75,14799,1.0
32.75,100.0,14800,1.0
32.75,100.25,14801,1.0
32.75,100.5,14802,1.0
32.75,100.75,14803,1.0
32.75,101.0,14804,1.0
32.75,101.25,14805,1.0
32.75,101.5,14806,1.0
32.75,101.75,14807,1.0
32.75,102.0,14808,1.0
32.75,102.25,14809,1.0
32.75,102.5,14810,1.0
32.75,102.75,14811,1.0
32.75,103.0,14812,1.0
32.75,103.25,14813,1.0
32.75,103.5,14814,1.0
32.75,103.75,14815,1.0
32.75,104.0,14816,1.0
32.75,104.25,14817,1.0
32.75,104.5,14818,1.0
32.75,104.75,14819,1.0
32.75,105.0,14820,1.0
32.75,105.25,14821,1.0
32.75,105.5,14822,1.0
32.75,105.75,14823,1.0
32.75,106.0,14824,1.0
32.75,106.25,14825,1.0
32.75,106.5,14826,1.0
32.75,106.75,14827,1.0
32.75,107.0,14828,1.0
32.75,107.25,14829,1.0
32.75,107.5,14830,1.0
32.75,107.75,14831,1.0
32.75,108.0,14832,1.0
32.75,108.25,14833,1.0
32.75,108.5,14834,1.0
32.75,108.75,14835,1.0
32.75,109.0,14836,1.0
32.75,109.25,14837,1.0
32.75,109.5,14838,1.0
32.75,109.75,14839,1.0
32.75,110.0,14840,1.0
32.75,110.25,14841,1.0
32.75,110.5,14842,1.0
32.75,110.75,14843,1.0
32.75,111.0,14844,1.0
32.75,111.25,14845,1.0
32.75,111.5,14846,1.0
32.75,111.75,14847,1.0
32.75,112.0,14848,1.0
32.75,112.25,14849,1.0
32.75,112.5,14850,1.0
32.75,112.75,14851,1.0
32.75,113.0,14852,1.0
32.75,113.25,14853,1.0
32.75,113.5,14854,1.0
32.75,113.75,14855,1.0
32.75,114.0,14856,1.0
32.75,114.25,14857,1.0
32.75,114.5,14858,1.0
32.75,114.75,14859,1.0
32.75,115.0,14860,1.0
32.75,115.25,14861,1.0
32.75,115.5,14862,1.0
32.75,115.75,14863,1.0
32.75,116.0,14864,1.0
32.75,116.25,14865,1.0
32.75,116.5,14866,1.0
32.75,116.75,14867,1.0
32.75,117.0,14868,1.0
32.75,117.25,14869,1.0
32.75,117.5,14870,1.0
32.75,117.75,14871,1.0
32.75,118.0,14872,1.0
32.75,118.25,14873,1.0
32.75,118.5,14874,1.0
32.75,118.75,14875,1.0
32.75,119.0,14876,1.0
32.75,119.25,14877,1.0
32.75,119.5,14878,1.0
32.75,119.75,14879,1.0
32.75,120.0,14880,1.0
32.75,120.25,14881,1.0
32.75,120.5,14882,1.0
32.75,120.75,14883,1.0
33.0,79.25,14966,1.0
33.0,79.5,14967,1.0
33.0,79.75,14968,1.0
33.0,80.0,14969,1.0
33.0,80.25,14970,1.0
33.0,80.5,14971,1.0
33.0,80.75,14972,1.0
33.0,81.0,14973,1.0
33.0,81.25,14974,1.0
33.0,81.5,14975,1.0
33.0,81.75,14976,1.0
33.0,82.0,14977,1.0
33.0,82.25,14978,1.0
33.0,82.5,14979,1.0
33.0,82.75,14980,1.0
33.0,83.0,14981,1.0
33.0,83.25,14982,1.0
33.0,83.5,14983,1.0
33.0,83.75,14984,1.0
33.0,84.0,14985,1.0
33.0,84.25,14986,1.0
33.0,84.5,14987,1.0
33.0,84.75,14988,1.0
33.0,85.0,14989,1.0
33.0,85.25,14990,1.0
33.0,85.5,14991,1.0
33.0,85.75,14992,1.0
33.0,86.0,14993,1.0
33.0,86.25,14994,1.0
33.0,86.5,14995,1.0
33.0,86.75,14996,1.0
33.0,87.0,14997,1.0
33.0,87.25,14998,1.0
33.0,87.5,14999,1.0
33.0,87.75,15000,1.0
33.0,88.0,15001,1.0
33.0,88.25,15002,1.0
33.0,88.5,15003,1.0
33.0,88.75,15004,1.0
33.0,89.0,15005,1.0
33.0,89.25,15006,1.0
33.0,89.5,15007,1.0
33.0,89.75,15008,1.0
33.0,90.0,15009,1.0
33.0,90.25,15010,1.0
33.0,90.5,15011,1.0
33.0,90.75,15012,1.0
33.0,91.0,15013,1.0
33.0,91.25,15014,1.0
33.0,91.5,15015,1.0
33.0,91.75,15016,1.0
33.0,92.0,15017,1.0
33.0,92.25,15018,1.0
33.0,92.5,15019,1.0
33.0,92.75,15020,1.0
33.0,93.0,15021,1.0
33.0,93.25,15022,1.0
33.0,93.5,15023,1.0
33.0,93.75,15024,1.0
33.0,94.0,15025,1.0
33.0,94.25,15026,1.0
33.0,94.5,15027,1.0
33.0,94.75,15028,1.0
33.0,95.0,15029,1.0
33.0,95.25,15030,1.0
33.0,95.5,15031,1.0
33.0,95.75,15032,1.0
33.0,96.0,15033,1.0
33.0,96.25,15034,1.0
33.0,96.5,15035,1.0
33.0,96.75,15036,1.0
33.0,97.0,15037,1.0
33.0,97.25,15038,1.0
33.0,97.5,15039,1.0
33.0,97.75,15040,1.0
33.0,98.0,15041,1.0
33.0,98.25,15042,1.0
33.0,98.5,15043,1.0
33.0,98.75,15044,1.0
33.0,99.0,15045,1.0
33.0,99.25,15046,1.0
33.0,99.5,15047,1.0
33.0,99.75,15048,1.0
33.0,100.0,15049,1.0
33.0,100.25,15050,1.0
33.0,100.5,15051,1.0
33.0,100.75,15052,1.0
33.0,101.0,15053,1.0
33.0,101.25,15054,1.0
33.0,101.5,15055,1.0
33.0,101.75,15056,1.0
33.0,102.0,15057,1.0
33.0,102.25,15058,1.0
33.0,102.5,15059,1.0
33.0,102.75,15060,1.0
33.0,103.0,15061,1.0
33.0,103.25,15062,1.0
33.0,103.5,15063,1.0
33.0,103.75,15064,1.0
33.0,104.0,15065,1.0
33.0,104.25,15066,1.0
33.0,104.5,15067,1.0
33.0,104.75,15068,1.0
33.0,105.0,15069,1.0
33.0,105.25,15070,1.0
33.0,105.5,15071,1.0
33.0,105.75,15072,1.0
33.0,106.0,15073,1.0
33.0,106.25,15074,1.0
33.0,106.5,15075,1.0
33.0,106.75,15076,1.0
33.0,107.0,15077,1.0
33.0,107.25,15078,1.0
33.0,107.5,15079,1.0
33.0,107.75,15080,1.0
33.0,108.0,15081,1.0
33.0,108.25,15082,1.0
33.0,108.5,15083,1.0
33.0,108.75,15084,1.0
33.0,109.0,15085,1.0
33.0,109.25,15086,1.0
33.0,109.5,15087,1.0
33.0,109.75,15088,1.0
33.0,110.0,15089,1.0
33.0,110.25,15090,1.0
33.0,110.5,15091,1.0
33.0,110.75,15092,1.0
33.0,111.0,15093,1.0
33.0,111.25,15094,1.0
33.0,111.5,15095,1.0
33.0,111.75,15096,1.0
33.0,112.0,15097,1.0
33.0,112.25,15098,1.0
33.0,112.5,15099,1.0
33.0,112.75,15100,1.0
33.0,113.0,15101,1.0
33.0,113.25,15102,1.0
33.0,113.5,15103,1.0
33.0,113.75,15104,1.0
33.0,114.0,15105,1.0
33.0,114.25,15106,1.0
33.0,114.5,15107,1.0
33.0,114.75,15108,1.0
33.0,115.0,15109,1.0
33.0,115.25,15110,1.0
33.0,115.5,15111,1.0
33.0,115.75,15112,1.0
33.0,116.0,15113,1.0
33.0,116.25,15114,1.0
33.0,116.5,15115,1.0
33.0,116.75,15116,1.0
33.0,117.0,15117,1.0
33.0,117.25,15118,1.0
33.0,117.5,15119,1.0
33.0,117.75,15120,1.0
33.0,118.0,15121,1.0
33.0,118.25,15122,1.0
33.0,118.5,15123,1.0
33.0,118.75,15124,1.0
33.0,119.0,15125,1.0
33.0,119.25,15126,1.0
33.0,119.5,15127,1.0
33.0,119.75,15128,1.0
33.0,120.0,15129,1.0
33.0,120.25,15130,1.0
33.0,120.5,15131,1.0
33.0,120.75,15132,1.0
33.25,79.25,15215,1.0
33.25,79.5,15216,1.0
33.25,79.75,15217,1.0
33.25,80.0,15218,1.0
33.25,80.25,15219,1.0
33.25,80.5,15220,1.0
33.25,80.75,15221,1.0
33.25,81.0,15222,1.0
33.25,81.25,15223,1.0
33.25,81.5,15224,1.0
33.25,81.75,15225,1.0
33.25,82.0,15226,1.0
33.25,82.25,15227,1.0
33.25,82.5,15228,1.0
33.25,82.75,15229,1.0
33.25,83.0,15230,1.0
33.25,83.25,15231,1.0
33.25,83.5,15232,1.0
33.25,83.75,15233,1.0
33.25,84.0,15234,1.0
33.25,84.25,15235,1.0
33.25,84.5,15236,1.0
33.25,84.75,15237,1.0
33.25,85.0,15238,1.0
33.25,85.25,15239,1.0
33.25,85.5,15240,1.0
33.25,85.75,15241,1.0
33.25,86.0,15242,1.0
33.25,86.25,15243,1.0
33.25,86.5,15244,1.0
33.25,86.75,15245,1.0
33.25,87.0,15246,1.0
33.25,87.25,15247,1.0
33.25,87.5,15248,1.0
33.25,87.75,15249,1.0
33.25,88.0,15250,1.0
33.25,88.25,15251,1.0
33.25,88.5,15252,1.0
33.25,88.75,15253,1.0
33.25,89.0,15254,1.0
33.25,89.25,15255,1.0
33.25,89.5,15256,1.0
33.25,89.75,15257,1.0
33.25,90.0,15258,1.0
33.25,90.25,15259,1.0
33.25,90.5,15260,1.0
33.25,90.75,15261,1.0
33.25,91.0,15262,1.0
33.25,91.25,15263,1.0
33.25,91.5,15264,1.0
33.25,91.75,15265,1.0
33.25,92.0,15266,1.0
33.25,92.25,15267,1.0
33.25,92.5,15268,1.0
33.25,92.75,15269,1.0
33.25,93.0,15270,1.0
33.25,93.25,15271,1.0
33.25,93.5,15272,1.0
33.25,93.75,15273,1.0
33.25,94.0,15274,1.0
33.25,94.25,15275,1.0
33.25,94.5,15276,1.0
33.25,94.75,15277,1.0
33.25,95.0,15278,1.0
33.25,95.25,15279,1.0
33.25,95.5,15280,1.0
33.25,95.75,15281,1.0
33.25,96.0,15282,1.0
33.25,96.25,15283,1.0
33.25,96.5,15284,1.0
33.25,96.75,15285,1.0
33.25,97.0,15286,1.0
33.25,97.25,15287,1.0
33.25,97.5,15288,1.0
33.25,97.75,15289,1.0
33.25,98.0,15290,1.0
33.25,98.25,15291,1.0
33.25,98.5,15292,1.0
33.25,98.75,15293,1.0
33.25,99.0,15294,1.0
33.25,99.25,15295,1.0
33.25,99.5,15296,1.0
33.25,99.75,15297,1.0
33.25,100.0,15298,1.0
33.25,100.25,15299,1.0
33.25,100.5,15300,1.0
33.25,100.75,15301,1.0
33.25,101.0,15302,1.0
33.25,101.25,15303,1.0
33.25,101.5,15304,1.0
33.25,101.75,15305,1.0
33.25,102.0,15306,1.0
33.25,102.25,15307,1.0
33.25,102.5,15308,1.0
33.25,102.75,15309,1.0
33.25,103.0,15310,1.0
33.25,103.25,15311,1.0
33.25,103.5,15312,1.0
33.25,103.75,15313,1.0
33.25,104.0,15314,1.0
33.25,104.25,15315,1.0
33.25,104.5,15316,1.0
33.25,104.75,15317,1.0
33.25,105.0,15318,1.0
33.25,105.25,15319,1.0
33.25,105.5,15320,1.0
33.25,105.75,15321,1.0
33.25,106.0,15322,1.0
33.25,106.25,15323,1.0
33.25,106.5,15324,1.0
33.25,106.75,15325,1.0
33.25,107.0,15326,1.0
33.25,107.25,15327,1.0
33.25,107.5,15328,1.0
33.25,107.75,15329,1.0
33.25,108.0,15330,1.0
33.25,108.25,15331,1.0
33.25,108.5,15332,1.0
33.25,108.75,15333,1.0
33.25,109.0,15334,1.0
33.25,109.25,15335,1.0
33.25,109.5,15336,1.0
33.25,109.75,15337,1.0
33.25,110.0,15338,1.0
33.25,110.25,15339,1.0
33.25,110.5,15340,1.0
33.25,110.75,15341,1.0
33.25,111.0,15342,1.0
33.25,111.25,15343,1.0
33.25,111.5,15344,1.0
33.25,111.75,15345,1.0
33.25,112.0,15346,1.0
33.25,112.25,15347,1.0
33.25,112.5,15348,1.0
33.25,112.75,15349,1.0
33.25,113.0,15350,1.0
33.25,113.25,15351,1.0
33.25,113.5,15352,1.0
33.25,113.75,15353,1.0
33.25,114.0,15354,1.0
33.25,114.25,15355,1.0
33.25,114.5,15356,1.0
33.25,114.75,15357,1.0
33.25,115.0,15358,1.0
33.25,115.25,15359,1.0
33.25,115.5,15360,1.0
33.25,115.75,15361,1.0
33.25,116.0,15362,1.0
33.25,116.25,15363,1.0
33.25,116.5,15364,1.0
33.25,116.75,15365,1.0
33.25,117.0,15366,1.0
33.25,117.25,15367,1.0
33.25,117.5,15368,1.0
33.25,117.75,15369,1.0
33.25,118.0,15370,1.0
33.25,118.25,15371,1.0
33.25,118.5,15372,1.0
33.25,118.75,15373,1.0
33.25,119.0,15374,1.0
33.25,119.25,15375,1.0
33.25,119.5,15376,1.0
33.25,119.75,15377,1.0
33.25,120.0,15378,1.0
33.25,120.25,15379,1.0
33.25,120.5,15380,1.0
33.5,79.0,15463,1.0
33.5,79.25,15464,1.0
33.5,79.5,15465,1.0
33.5,79.75,15466,1.0
33.5,80.0,15467,1.0
33.5,80.25,15468,1.0
33.5,80.5,15469,1.0
33.5,80.75,15470,1.0
33.5,81.0,15471,1.0
33.5,81.25,15472,1.0
33.5,81.5,15473,1.0
33.5,81.75,15474,1.0
33.5,82.0,15475,1.0
33.5,82.25,15476,1.0
33.5,82.5,15477,1.0
33.5,82.75,15478,1.0
33.5,83.0,15479,1.0
33.5,83.25,15480,1.0
33.5,83.5,15481,1.0
33.5,83.75,15482,1.0
33.5,84.0,15483,1.0
33.5,84.25,15484,1.0
33.5,84.5,15485,1.0
33.5,84.75,15486,1.0
33.5,85.0,15487,1.0
33.5,85.25,15488,1.0
33.5,85.5,15489,1.0
33.5,85.75,15490,1.0
33.5,86.0,15491,1.0
33.5,86.25,15492,1.0
33.5,86.5,15493,1.0
33.5,86.75,15494,1.0
33.5,87.0,15495,1.0
33.5,87.25,15496,1.0
33.5,87.5,15497,1.0
33.5,87.75,15498,1.0
33.5,88.0,15499,1.0
33.5,88.25,15500,1.0
33.5,88.5,15501,1.0
33.5,88.75,15502,1.0
33.5,89.0,15503,1.0
33.5,89.25,15504,1.0
33.5,89.5,15505,1.0
33.5,89.75,15506,1.0
33.5,90.0,15507,1.0
33.5,90.25,15508,1.0
33.5,90.5,15509,1.0
33.5,90.75,15510,1.0
33.5,91.0,15511,1.0
33.5,91.25,15512,1.0
33.5,91.5,15513,1.0
33.5,91.75,15514,1.0
33.5,92.0,15515,1.0
33.5,92.25,15516,1.0
33.5,92.5,15517,1.0
33.5,92.75,15518,1.0
33.5,93.0,15519,1.0
33.5,93.25,15520,1.0
33.5,93.5,15521,1.0
33.5,93.75,15522,1.0
33.5,94.0,15523,1.0
33.5,94.25,15524,1.0
33.5,94.5,15525,1.0
33.5,94.75,15526,1.0
33.5,95.0,15527,1.0
33.5,95.25,15528,1.0
33.5,95.5,15529,1.0
33.5,95.75,15530,1.0
33.5,96.0,15531,1.0
33.5,96.25,15532,1.0
33.5,96.5,15533,1.0
33.5,96.75,15534,1.0
33.5,97.0,15535,1.0
33.5,97.25,15536,1.0
33.5,97.5,15537,1.0
33.5,97.75,15538,1.0
33.5,98.0,15539,1.0
33.5,98.25,15540,1.0
33.5,98.5,15541,1.0
33.5,98.75,15542,1.0
33.5,99.0,15543,1.0
33.5,99.25,15544,1.0
33.5,99.5,15545,1.0
33.5,99.75,15546,1.0
33.5,100.0,15547,1.0
33.5,100.25,15548,1.0
33.5,100.5,15549,1.0
33.5,100.75,15550,1.0
33.5,101.0,15551,1.0
33.5,101.25,15552,1.0
33.5,101.5,15553,1.0
33.5,101.75,15554,1.0
33.5,102.0,15555,1.0
33.5,102.25,15556,1.0
33.5,102.5,15557,1.0
33.5,102.75,15558,1.0
33.5,103.0,15559,1.0
33.5,103.25,15560,1.0
33.5,103.5,15561,1.0
33.5,103.75,15562,1.0
33.5,104.0,15563,1.0
33.5,104.25,15564,1.0
33.5,104.5,15565,1.0
33.5,104.75,15566,1.0
33.5,105.0,15567,1.0
33.5,105.25,15568,1.0
33.5,105.5,15569,1.0
33.5,105.75,15570,1.0
33.5,106.0,15571,1.0
33.5,106.25,15572,1.0
33.5,106.5,15573,1.0
33.5,106.75,15574,1.0
33.5,107.0,15575,1.0
33.5,107.25,15576,1.0
33.5,107.5,15577,1.0
33.5,107.75,15578,1.0
33.5,108.0,15579,1.0
33.5,108.25,15580,1.0
33.5,108.5,15581,1.0
33.5,108.75,15582,1.0
33.5,109.0,15583,1.0
33.5,109.25,15584,1.0
33.5,109.5,15585,1.0
33.5,109.75,15586,1.0
33.5,110.0,15587,1.0
33.5,110.25,15588,1.0
33.5,110.5,15589,1.0
33.5,110.75,15590,1.0
33.5,111.0,15591,1.0
33.5,111.25,15592,1.0
33.5,111.5,15593,1.0
33.5,111.75,15594,1.0
33.5,112.0,15595,1.0
33.5,112.25,15596,1.0
33.5,112.5,15597,1.0
33.5,112.75,15598,1.0
33.5,113.0,15599,1.0
33.5,113.25,15600,1.0
33.5,113.5,15601,1.0
33.5,113.75,15602,1.0
33.5,114.0,15603,1.0
33.5,114.25,15604,1.0
33.5,114.5,15605,1.0
33.5,114.75,15606,1.0
33.5,115.0,15607,1.0
33.5,115.25,15608,1.0
33.5,115.5,15609,1.0
33.5,115.75,15610,1.0
33.5,116.0,15611,1.0
33.5,116.25,15612,1.0
33.5,116.5,15613,1.0
33.5,116.75,15614,1.0
33.5,117.0,15615,1.0
33.5,117.25,15616,1.0
33.5,117.5,15617,1.0
33.5,117.75,15618,1.0
33.5,118.0,15619,1.0
33.5,118.25,15620,1.0
33.5,118.5,15621,1.0
33.5,118.75,15622,1.0
33.5,119.0,15623,1.0
33.5,119.25,15624,1.0
33.5,119.5,15625,1.0
33.5,119.75,15626,1.0
33.5,120.0,15627,1.0
33.5,120.25,15628,1.0
33.5,120.5,15629,1.0
33.75,79.0,15712,1.0
33.75,79.25,15713,1.0
33.75,79.5,15714,1.0
33.75,79.75,15715,1.0
33.75,80.0,15716,1.0
33.75,80.25,15717,1.0
33.75,80.5,15718,1.0
33.75,80.75,15719,1.0
33.75,81.0,15720,1.0
33.75,81.25,15721,1.0
33.75,81.5,15722,1.0
33.75,81.75,15723,1.0
33.75,82.0,15724,1.0
33.75,82.25,15725,1.0
33.75,82.5,15726,1.0
33.75,82.75,15727,1.0
33.75,83.0,15728,1.0
33.75,83.25,15729,1.0
33.75,83.5,15730,1.0
33.75,83.75,15731,1.0
33.75,84.0,15732,1.0
33.75,84.25,15733,1.0
33.75,84.5,15734,1.0
33.75,84.75,15735,1.0
33.75,85.0,15736,1.0
33.75,85.25,15737,1.0
33.75,85.5,15738,1.0
33.75,85.75,15739,1.0
33.75,86.0,15740,1.0
33.75,86.25,15741,1.0
33.75,86.5,15742,1.0
33.75,86.75,15743,1.0
33.75,87.0,15744,1.0
33.75,87.25,15745,1.0
33.75,87.5,15746,1.0
33.75,87.75,15747,1.0
33.75,88.0,15748,1.0
33.75,88.25,15749,1.0
33.75,88.5,15750,1.0
33.75,88.75,15751,1.0
33.75,89.0,15752,1.0
33.75,89.25,15753,1.0
33.75,89.5,15754,1.0
33.75,89.75,15755,1.0
33.75,90.0,15756,1.0
33.75,90.25,15757,1.0
33.75,90.5,15758,1.0
33.75,90.75,15759,1.0
33.75,91.0,15760,1.0
33.75,91.25,15761,1.0
33.75,91.5,15762,1.0
33.75,91.75,15763,1.0
33.75,92.0,15764,1.0
33.75,92.25,15765,1.0
33.75,92.5,15766,1.0
33.75,92.75,15767,1.0
33.75,93.0,15768,1.0
33.75,93.25,15769,1.0
33.75,93.5,15770,1.0
33.75,93.75,15771,1.0
33.75,94.0,15772,1.0
33.75,94.25,15773,1.0
33.75,94.5,15774,1.0
33.75,94.75,15775,1.0
33.75,95.0,15776,1.0
33.75,95.25,15777,1.0
33.75,95.5,15778,1.0
33.75,95.75,15779,1.0
33.75,96.0,15780,1.0
33.75,96.25,15781,1.0
33.75,96.5,15782,1.0
33.75,96.75,15783,1.0
33.75,97.0,15784,1.0
33.75,97.25,15785,1.0
33.75,97.5,15786,1.0
33.75,97.75,15787,1.0
33.75,98.0,15788,1.0
33.75,98.25,15789,1.0
33.75,98.5,15790,1.0
33.75,98.75,15791,1.0
33.75,99.0,15792,1.0
33.75,99.25,15793,1.0
33.75,99.5,15794,1.0
33.75,99.75,15795,1.0
33.75,100.0,15796,1.0
33.75,100.25,15797,1.0
33.75,100.5,15798,1.0
33.75,100.75,15799,1.0
33.75,101.0,15800,1.0
33.75,101.25,15801,1.0
33.75,101.5,15802,1.0
33.75,101.75,15803,1.0
33.75,102.0,15804,1.0
33.75,102.25,15805,1.0
33.75,102.5,15806,1.0
33.75,102.75,15807,1.0
33.75,103.0,15808,1.0
33.75,103.25,15809,1.0
33.75,103.5,15810,1.0
33.75,103.75,15811,1.0
33.75,104.0,15812,1.0
33.75,104.25,15813,1.0
33.75,104.5,15814,1.0
33.75,104.75,15815,1.0
33.75,105.0,15816,1.0
33.75,105.25,15817,1.0
33.75,105.5,15818,1.0
33.75,105.75,15819,1.0
33.75,106.0,15820,1.0
33.75,106.25,15821,1.0
33.75,106.5,15822,1.0
33.75,106.75,15823,1.0
33.75,107.0,15824,1.0
33.75,107.25,15825,1.0
33.75,107.5,15826,1.0
33.75,107.75,15827,1.0
33.75,108.0,15828,1.0
33.75,108.25,15829,1.0
33.75,108.5,15830,1.0
33.75,108.75,15831,1.0
33.75,109.0,15832,1.0
33.75,109.25,15833,1.0
33.75,109.5,15834,1.0
33.75,109.75,15835,1.0
33.75,110.0,15836,1.0
33.75,110.25,15837,1.0
33.75,110.5,15838,1.0
33.75,110.75,15839,1.0
33.75,111.0,15840,1.0
33.75,111.25,15841,1.0
33.75,111.5,15842,1.0
33.75,111.75,15843,1.0
33.75,112.0,15844,1.0
33.75,112.25,15845,1.0
33.75,112.5,15846,1.0
33.75,112.75,15847,1.0
33.75,113.0,15848,1.0
33.75,113.25,15849,1.0
33.75,113.5,15850,1.0
33.75,113.75,15851,1.0
33.75,114.0,15852,1.0
33.75,114.25,15853,1.0
33.75,114.5,15854,1.0
33.75,114.75,15855,1.0
33.75,115.0,15856,1.0
33.75,115.25,15857,1.0
33.75,115.5,15858,1.0
33.75,115.75,15859,1.0
33.75,116.0,15860,1.0
33.75,116.25,15861,1.0
33.75,116.5,15862,1.0
33.75,116.75,15863,1.0
33.75,117.0,15864,1.0
33.75,117.25,15865,1.0
33.75,117.5,15866,1.0
33.75,117.75,15867,1.0
33.75,118.0,15868,1.0
33.75,118.25,15869,1.0
33.75,118.5,15870,1.0
33.75,118.75,15871,1.0
33.75,119.0,15872,1.0
33.75,119.25,15873,1.0
33.75,119.5,15874,1.0
33.75,119.75,15875,1.0
33.75,120.0,15876,1.0
33.75,120.25,15877,1.0
34.0,78.75,15960,1.0
34.0,79.0,15961,1.0
34.0,79.25,15962,1.0
34.0,79.5,15963,1.0
34.0,79.75,15964,1.0
34.0,80.0,15965,1.0
34.0,80.25,15966,1.0
34.0,80.5,15967,1.0
34.0,80.75,15968,1.0
34.0,81.0,15969,1.0
34.0,81.25,15970,1.0
34.0,81.5,15971,1.0
34.0,81.75,15972,1.0
34.0,82.0,15973,1.0
34.0,82.25,15974,1.0
34.0,82.5,15975,1.0
34.0,82.75,15976,1.0
34.0,83.0,15977,1.0
34.0,83.25,15978,1.0
34.0,83.5,15979,1.0
34.0,83.75,15980,1.0
34.0,84.0,15981,1.0
34.0,84.25,15982,1.0
34.0,84.5,15983,1.0
34.0,84.75,15984,1.0
34.0,85.0,15985,1.0
34.0,85.25,15986,1.0
34.0,85.5,15987,1.0
34.0,85.75,15988,1.0
34.0,86.0,15989,1.0
34.0,86.25,15990,1.0
34.0,86.5,15991,1.0
34.0,86.75,15992,1.0
34.0,87.0,15993,1.0
34.0,87.25,15994,1.0
34.0,87.5,15995,1.0
34.0,87.75,15996,1.0
34.0,88.0,15997,1.0
34.0,88.25,15998,1.0
34.0,88.5,15999,1.0
34.0,88.75,16000,1.0
34.0,89.0,16001,1.0
34.0,89.25,16002,1.0
34.0,89.5,16003,1.0
34.0,89.75,16004,1.0
34.0,90.0,16005,1.0
34.0,90.25,16006,1.0
34.0,90.5,16007,1.0
34.0,90.75,16008,1.0
34.0,91.0,16009,1.0
34.0,91.25,16010,1.0
34.0,91.5,16011,1.0
34.0,91.75,16012,1.0
34.0,92.0,16013,1.0
34.0,92.25,16014,1.0
34.0,92.5,16015,1.0
34.0,92.75,16016,1.0
34.0,93.0,16017,1.0
34.0,93.25,16018,1.0
34.0,93.5,16019,1.0
34.0,93.75,16020,1.0
34.0,94.0,16021,1.0
34.0,94.25,16022,1.0
34.0,94.5,16023,1.0
34.0,94.75,16024,1.0
34.0,95.0,16025,1.0
34.0,95.25,16026,1.0
34.0,95.5,16027,1.0
34.0,95.75,16028,1.0
34.0,96.0,16029,1.0
34.0,96.25,16030,1.0
34.0,96.5,16031,1.0
34.0,96.75,16032,1.0
34.0,97.0,16033,1.0
34.0,97.25,16034,1.0
34.0,97.5,16035,1.0
34.0,97.75,16036,1.0
34.0,98.0,16037,1.0
34.0,98.25,16038,1.0
34.0,98.5,16039,1.0
34.0,98.75,16040,1.0
34.0,99.0,16041,1.0
34.0,99.25,16042,1.0
34.0,99.5,16043,1.0
34.0,99.75,16044,1.0
34.0,100.0,16045,1.0
34.0,100.25,16046,1.0
34.0,100.5,16047,1.0
34.0,100.75,16048,1.0
34.0,101.0,16049,1.0
34.0,101.25,16050,1.0
34.0,101.5,16051,1.0
34.0,101.75,16052,1.0
34.0,102.0,16053,1.0
34.0,102.25,16054,1.0
34.0,102.5,16055,1.0
34.0,102.75,16056,1.0
34.0,103.0,16057,1.0
34.0,103.25,16058,1.0
34.0,103.5,16059,1.0
34.0,103.75,16060,1.0
34.0,104.0,16061,1.0
34.0,104.25,16062,1.0
34.0,104.5,16063,1.0
34.0,104.75,16064,1.0
34.0,105.0,16065,1.0
34.0,105.25,16066,1.0
34.0,105.5,16067,1.0
34.0,105.75,16068,1.0
34.0,106.0,16069,1.0
34.0,106.25,16070,1.0
34.0,106.5,16071,1.0
34.0,106.75,16072,1.0
34.0,107.0,16073,1.0
34.0,107.25,16074,1.0
34.0,107.5,16075,1.0
34.0,107.75,16076,1.0
34.0,108.0,16077,1.0
34.0,108.25,16078,1.0
34.0,108.5,16079,1.0
34.0,108.75,16080,1.0
34.0,109.0,16081,1.0
34.0,109.25,16082,1.0
34.0,109.5,16083,1.0
34.0,109.75,16084,1.0
34.0,110.0,16085,1.0
34.0,110.25,16086,1.0
34.0,110.5,16087,1.0
34.0,110.75,16088,1.0
34.0,111.0,16089,1.0
34.0,111.25,16090,1.0
34.0,111.5,16091,1.0
34.0,111.75,16092,1.0
34.0,112.0,16093,1.0
34.0,112.25,16094,1.0
34.0,112.5,16095,1.0
34.0,112.75,16096,1.0
34.0,113.0,16097,1.0
34.0,113.25,16098,1.0
34.0,113.5,16099,1.0
34.0,113.75,16100,1.0
34.0,114.0,16101,1.0
34.0,114.25,16102,1.0
34.0,114.5,16103,1.0
34.0,114.75,16104,1.0
34.0,115.0,16105,1.0
34.0,115.25,16106,1.0
34.0,115.5,16107,1.0
34.0,115.75,16108,1.0
34.0,116.0,16109,1.0
34.0,116.25,16110,1.0
34.0,116.5,16111,1.0
34.0,116.75,16112,1.0
34.0,117.0,16113,1.0
34.0,117.25,16114,1.0
34.0,117.5,16115,1.0
34.0,117.75,16116,1.0
34.0,118.0,16117,1.0
34.0,118.25,16118,1.0
34.0,118.5,16119,1.0
34.0,118.75,16120,1.0
34.0,119.0,16121,1.0
34.0,119.25,16122,1.0
34.0,119.5,16123,1.0
34.0,119.75,16124,1.0
34.0,120.0,16125,1.0
34.0,120.25,16126,1.0
34.25,79.0,16210,1.0
34.25,79.25,16211,1.0
34.25,79.5,16212,1.0
34.25,79.75,16213,1.0
34.25,80.0,16214,1.0
34.25,80.25,16215,1.0
34.25,80.5,16216,1.0
34.25,80.75,16217,1.0
34.25,81.0,16218,1.0
34.25,81.25,16219,1.0
34.25,81.5,16220,1.0
34.25,81.75,16221,1.0
34.25,82.0,16222,1.0
34.25,82.25,16223,1.0
34.25,82.5,16224,1.0
34.25,82.75,16225,1.0
34.25,83.0,16226,1.0
34.25,83.25,16227,1.0
34.25,83.5,16228,1.0
34.25,83.75,16229,1.0
34.25,84.0,16230,1.0
34.25,84.25,16231,1.0
34.25,84.5,16232,1.0
34.25,84.75,16233,1.0
34.25,85.0,16234,1.0
34.25,85.25,16235,1.0
34.25,85.5,16236,1.0
34.25,85.75,16237,1.0
34.25,86.0,16238,1.0
34.25,86.25,16239,1.0
34.25,86.5,16240,1.0
34.25,86.75,16241,1.0
34.25,87.0,16242,1.0
34.25,87.25,16243,1.0
34.25,87.5,16244,1.0
34.25,87.75,16245,1.0
34.25,88.0,16246,1.0
34.25,88.25,16247,1.0
34.25,88.5,16248,1.0
34.25,88.75,16249,1.0
34.25,89.0,16250,1.0
34.25,89.25,16251,1.0
34.25,89.5,16252,1.0
34.25,89.75,16253,1.0
34.25,90.0,16254,1.0
34.25,90.25,16255,1.0
34.25,90.5,16256,1.0
34.25,90.75,16257,1.0
34.25,91.0,16258,1.0
34.25,91.25,16259,1.0
34.25,91.5,16260,1.0
34.25,91.75,16261,1.0
34.25,92.0,16262,1.0
34.25,92.25,16263,1.0
34.25,92.5,16264,1.0
34.25,92.75,16265,1.0
34.25,93.0,16266,1.0
34.25,93.25,16267,1.0
34.25,93.5,16268,1.0
34.25,93.75,16269,1.0
34.25,94.0,16270,1.0
34.25,94.25,16271,1.0
34.25,94.5,16272,1.0
34.25,94.75,16273,1.0
34.25,95.0,16274,1.0
34.25,95.25,16275,1.0
34.25,95.5,16276,1.0
34.25,95.75,16277,1.0
34.25,96.0,16278,1.0
34.25,96.25,16279,1.0
34.25,96.5,16280,1.0
34.25,96.75,16281,1.0
34.25,97.0,16282,1.0
34.25,97.25,16283,1.0
34.25,97.5,16284,1.0
34.25,97.75,16285,1.0
34.25,98.0,16286,1.0
34.25,98.25,16287,1.0
34.25,98.5,16288,1.0
34.25,98.75,16289,1.0
34.25,99.0,16290,1.0
34.25,99.25,16291,1.0
34.25,99.5,16292,1.0
34.25,99.75,16293,1.0
34.25,100.0,16294,1.0
34.25,100.25,16295,1.0
34.25,100.5,16296,1.0
34.25,100.75,16297,1.0
34.25,101.0,16298,1.0
34.25,101.25,16299,1.0
34.25,101.5,16300,1.0
34.25,101.75,16301,1.0
34.25,102.0,16302,1.0
34.25,102.25,16303,1.0
34.25,102.5,16304,1.0
34.25,102.75,16305,1.0
34.25,103.0,16306,1.0
34.25,103.25,16307,1.0
34.25,103.5,16308,1.0
34.25,103.75,16309,1.0
34.25,104.0,16310,1.0
34.25,104.25,16311,1.0
34.25,104.5,16312,1.0
34.25,104.75,16313,1.0
34.25,105.0,16314,1.0
34.25,105.25,16315,1.0
34.25,105.5,16316,1.0
34.25,105.75,16317,1.0
34.25,106.0,16318,1.0
34.25,106.25,16319,1.0
34.25,106.5,16320,1.0
34.25,106.75,16321,1.0
34.25,107.0,16322,1.0
34.25,107.25,16323,1.0
34.25,107.5,16324,1.0
34.25,107.75,16325,1.0
34.25,108.0,16326,1.0
34.25,108.25,16327,1.0
34.25,108.5,16328,1.0
34.25,108.75,16329,1.0
34.25,109.0,16330,1.0
34.25,109.25,16331,1.0
34.25,109.5,16332,1.0
34.25,109.75,16333,1.0
34.25,110.0,16334,1.0
34.25,110.25,16335,1.0
34.25,110.5,16336,1.0
34.25,110.75,16337,1.0
34.25,111.0,16338,1.0
34.25,111.25,16339,1.0
34.25,111.5,16340,1.0
34.25,111.75,16341,1.0
34.25,112.0,16342,1.0
34.25,112.25,16343,1.0
34.25,112.5,16344,1.0
34.25,112.75,16345,1.0
34.25,113.0,16346,1.0
34.25,113.25,16347,1.0
34.25,113.5,16348,1.0
34.25,113.75,16349,1.0
34.25,114.0,16350,1.0
34.25,114.25,16351,1.0
34.25,114.5,16352,1.0
34.25,114.75,16353,1.0
34.25,115.0,16354,1.0
34.25,115.25,16355,1.0
34.25,115.5,16356,1.0
34.25,115.75,16357,1.0
34.25,116.0,16358,1.0
34.25,116.25,16359,1.0
34.25,116.5,16360,1.0
34.25,116.75,16361,1.0
34.25,117.0,16362,1.0
34.25,117.25,16363,1.0
34.25,117.5,16364,1.0
34.25,117.75,16365,1.0
34.25,118.0,16366,1.0
34.25,118.25,16367,1.0
34.25,118.5,16368,1.0
34.25,118.75,16369,1.0
34.25,119.0,16370,1.0
34.25,119.25,16371,1.0
34.25,119.5,16372,1.0
34.25,119.75,16373,1.0
34.25,120.0,16374,1.0
34.25,120.25,16375,1.0
34.5,78.75,16458,1.0
34.5,79.0,16459,1.0
34.5,79.25,16460,1.0
34.5,79.5,16461,1.0
34.5,79.75,16462,1.0
34.5,80.0,16463,1.0
34.5,80.25,16464,1.0
34.5,80.5,16465,1.0
34.5,80.75,16466,1.0
34.5,81.0,16467,1.0
34.5,81.25,16468,1.0
34.5,81.5,16469,1.0
34.5,81.75,16470,1.0
34.5,82.0,16471,1.0
34.5,82.25,16472,1.0
34.5,82.5,16473,1.0
34.5,82.75,16474,1.0
34.5,83.0,16475,1.0
34.5,83.25,16476,1.0
34.5,83.5,16477,1.0
34.5,83.75,16478,1.0
34.5,84.0,16479,1.0
34.5,84.25,16480,1.0
34.5,84.5,16481,1.0
34.5,84.75,16482,1.0
34.5,85.0,16483,1.0
34.5,85.25,16484,1.0
34.5,85.5,16485,1.0
34.5,85.75,16486,1.0
34.5,86.0,16487,1.0
34.5,86.25,16488,1.0
34.5,86.5,16489,1.0
34.5,86.75,16490,1.0
34.5,87.0,16491,1.0
34.5,87.25,16492,1.0
34.5,87.5,16493,1.0
34.5,87.75,16494,1.0
34.5,88.0,16495,1.0
34.5,88.25,16496,1.0
34.5,88.5,16497,1.0
34.5,88.75,16498,1.0
34.5,89.0,16499,1.0
34.5,89.25,16500,1.0
34.5,89.5,16501,1.0
34.5,89.75,16502,1.0
34.5,90.0,16503,1.0
34.5,90.25,16504,1.0
34.5,90.5,16505,1.0
34.5,90.75,16506,1.0
34.5,91.0,16507,1.0
34.5,91.25,16508,1.0
34.5,91.5,16509,1.0
34.5,91.75,16510,1.0
34.5,92.0,16511,1.0
34.5,92.25,16512,1.0
34.5,92.5,16513,1.0
34.5,92.75,16514,1.0
34.5,93.0,16515,1.0
34.5,93.25,16516,1.0
34.5,93.5,16517,1.0
34.5,93.75,16518,1.0
34.5,94.0,16519,1.0
34.5,94.25,16520,1.0
34.5,94.5,16521,1.0
34.5,94.75,16522,1.0
34.5,95.0,16523,1.0
34.5,95.25,16524,1.0
34.5,95.5,16525,1.0
34.5,95.75,16526,1.0
34.5,96.0,16527,1.0
34.5,96.25,16528,1.0
34.5,96.5,16529,1.0
34.5,96.75,16530,1.0
34.5,97.0,16531,1.0
34.5,97.25,16532,1.0
34.5,97.5,16533,1.0
34.5,97.75,16534,1.0
34.5,98.0,16535,1.0
34.5,98.25,16536,1.0
34.5,98.5,16537,1.0
34.5,98.75,16538,1.0
34.5,99.0,16539,1.0
34.5,99.25,16540,1.0
34.5,99.5,16541,1.0
34.5,99.75,16542,1.0
34.5,100.0,16543,1.0
34.5,100.25,16544,1.0
34.5,100.5,16545,1.0
34.5,100.75,16546,1.0
34.5,101.0,16547,1.0
34.5,101.25,16548,1.0
34.5,101.5,16549,1.0
34.5,101.75,16550,1.0
34.5,102.0,16551,1.0
34.5,102.25,16552,1.0
34.5,102.5,16553,1.0
34.5,102.75,16554,1.0
34.5,103.0,16555,1.0
34.5,103.25,16556,1.0
34.5,103.5,16557,1.0
34.5,103.75,16558,1.0
34.5,104.0,16559,1.0
34.5,104.25,16560,1.0
34.5,104.5,16561,1.0
34.5,104.75,16562,1.0
34.5,105.0,16563,1.0
34.5,105.25,16564,1.0
34.5,105.5,16565,1.0
34.5,105.75,16566,1.0
34.5,106.0,16567,1.0
34.5,106.25,16568,1.0
34.5,106.5,16569,1.0
34.5,106.75,16570,1.0
34.5,107.0,16571,1.0
34.5,107.25,16572,1.0
34.5,107.5,16573,1.0
34.5,107.75,16574,1.0
34.5,108.0,16575,1.0
34.5,108.25,16576,1.0
34.5,108.5,16577,1.0
34.5,108.75,16578,1.0
34.5,109.0,16579,1.0
34.5,109.25,16580,1.0
34.5,109.5,16581,1.0
34.5,109.75,16582,1.0
34.5,110.0,16583,1.0
34.5,110.25,16584,1.0
34.5,110.5,16585,1.0
34.5,110.75,16586,1.0
34.5,111.0,16587,1.0
34.5,111.25,16588,1.0
34.5,111.5,16589,1.0
34.5,111.75,16590,1.0
34.5,112.0,16591,1.0
34.5,112.25,16592,1.0
34.5,112.5,16593,1.0
34.5,112.75,16594,1.0
34.5,113.0,16595,1.0
34.5,113.25,16596,1.0
34.5,113.5,16597,1.0
34.5,113.75,16598,1.0
34.5,114.0,16599,1.0
34.5,114.25,16600,1.0
34.5,114.5,16601,1.0
34.5,114.75,16602,1.0
34.5,115.0,16603,1.0
34.5,115.25,16604,1.0
34.5,115.5,16605,1.0
34.5,115.75,16606,1.0
34.5,116.0,16607,1.0
34.5,116.25,16608,1.0
34.5,116.5,16609,1.0
34.5,116.75,16610,1.0
34.5,117.0,16611,1.0
34.5,117.25,16612,1.0
34.5,117.5,16613,1.0
34.5,117.75,16614,1.0
34.5,118.0,16615,1.0
34.5,118.25,16616,1.0
34.5,118.5,16617,1.0
34.5,118.75,16618,1.0
34.5,119.0,16619,1.0
34.5,119.25,16620,1.0
34.5,119.5,16621,1.0
34.5,119.75,16622,1.0
34.75,78.25,16705,1.0
34.75,78.5,16706,1.0
34.75,78.75,16707,1.0
34.75,79.0,16708,1.0
34.75,79.25,16709,1.0
34.75,79.5,16710,1.0
34.75,79.75,16711,1.0
34.75,80.0,16712,1.0
34.75,80.25,16713,1.0
34.75,80.5,16714,1.0
34.75,80.75,16715,1.0
34.75,81.0,16716,1.0
34.75,81.25,16717,1.0
34.75,81.5,16718,1.0
34.75,81.75,16719,1.0
34.75,82.0,16720,1.0
34.75,82.25,16721,1.0
34.75,82.5,16722,1.0
34.75,82.75,16723,1.0
34.75,83.0,16724,1.0
34.75,83.25,16725,1.0
34.75,83.5,16726,1.0
34.75,83.75,16727,1.0
34.75,84.0,16728,1.0
34.75,84.25,16729,1.0
34.75,84.5,16730,1.0
34.75,84.75,16731,1.0
34.75,85.0,16732,1.0
34.75,85.25,16733,1.0
34.75,85.5,16734,1.0
34.75,85.75,16735,1.0
34.75,86.0,16736,1.0
34.75,86.25,16737,1.0
34.75,86.5,16738,1.0
34.75,86.75,16739,1.0
34.75,87.0,16740,1.0
34.75,87.25,16741,1.0
34.75,87.5,16742,1.0
34.75,87.75,16743,1.0
34.75,88.0,16744,1.0
34.75,88.25,16745,1.0
34.75,88.5,16746,1.0
34.75,88.75,16747,1.0
34.75,89.0,16748,1.0
34.75,89.25,16749,1.0
34.75,89.5,16750,1.0
34.75,89.75,16751,1.0
34.75,90.0,16752,1.0
34.75,90.25,16753,1.0
34.75,90.5,16754,1.0
34.75,90.75,16755,1.0
34.75,91.0,16756,1.0
34.75,91.25,16757,1.0
34.75,91.5,16758,1.0
34.75,91.75,16759,1.0
34.75,92.0,16760,1.0
34.75,92.25,16761,1.0
34.75,92.5,16762,1.0
34.75,92.75,16763,1.0
34.75,93.0,16764,1.0
34.75,93.25,16765,1.0
34.75,93.5,16766,1.0
34.75,93.75,16767,1.0
34.75,94.0,16768,1.0
34.75,94.25,16769,1.0
34.75,94.5,16770,1.0
34.75,94.75,16771,1.0
34.75,95.0,16772,1.0
34.75,95.25,16773,1.0
34.75,95.5,16774,1.0
34.75,95.75,16775,1.0
34.75,96.0,16776,1.0
34.75,96.25,16777,1.0
34.75,96.5,16778,1.0
34.75,96.75,16779,1.0
34.75,97.0,16780,1.0
34.75,97.25,16781,1.0
34.75,97.5,16782,1.0
34.75,97.75,16783,1.0
34.75,98.0,16784,1.0
34.75,98.25,16785,1.0
34.75,98.5,16786,1.0
34.75,98.75,16787,1.0
34.75,99.0,16788,1.0
34.75,99.25,16789,1.0
34.75,99.5,16790,1.0
34.75,99.75,16791,1.0
34.75,100.0,16792,1.0
34.75,100.25,16793,1.0
34.75,100.5,16794,1.0
34.75,100.75,16795,1.0
34.75,101.0,16796,1.0
34.75,101.25,16797,1.0
34.75,101.5,16798,1.0
34.75,101.75,16799,1.0
34.75,102.0,16800,1.0
34.75,102.25,16801,1.0
34.75,102.5,16802,1.0
34.75,102.75,16803,1.0
34.75,103.0,16804,1.0
34.75,103.25,16805,1.0
34.75,103.5,16806,1.0
34.75,103.75,16807,1.0
34.75,104.0,16808,1.0
34.75,104.25,16809,1.0
34.75,104.5,16810,1.0
34.75,104.75,16811,1.0
34.75,105.0,16812,1.0
34.75,105.25,16813,1.0
34.75,105.5,16814,1.0
34.75,105.75,16815,1.0
34.75,106.0,16816,1.0
34.75,106.25,16817,1.0
34.75,106.5,16818,1.0
34.75,106.75,16819,1.0
34.75,107.0,16820,1.0
34.75,107.25,16821,1.0
34.75,107.5,16822,1.0
34.75,107.75,16823,1.0
34.75,108.0,16824,1.0
34.75,108.25,16825,1.0
34.75,108.5,16826,1.0
34.75,108.75,16827,1.0
34.75,109.0,16828,1.0
34.75,109.25,16829,1.0
34.75,109.5,16830,1.0
34.75,109.75,16831,1.0
34.75,110.0,16832,1.0
34.75,110.25,16833,1.0
34.75,110.5,16834,1.0
34.75,110.75,16835,1.0
34.75,111.0,16836,1.0
34.75,111.25,16837,1.0
34.75,111.5,16838,1.0
34.75,111.75,16839,1.0
34.75,112.0,16840,1.0
34.75,112.25,16841,1.0
34.75,112.5,16842,1.0
34.75,112.75,16843,1.0
34.75,113.0,16844,1.0
34.75,113.25,16845,1.0
34.75,113.5,16846,1.0
34.75,113.75,16847,1.0
34.75,114.0,16848,1.0
34.75,114.25,16849,1.0
34.75,114.5,16850,1.0
34.75,114.75,16851,1.0
34.75,115.0,16852,1.0
34.75,115.25,16853,1.0
34.75,115.5,16854,1.0
34.75,115.75,16855,1.0
34.75,116.0,16856,1.0
34.75,116.25,16857,1.0
34.75,116.5,16858,1.0
34.75,116.75,16859,1.0
34.75,117.0,16860,1.0
34.75,117.25,16861,1.0
34.75,117.5,16862,1.0
34.75,117.75,16863,1.0
34.75,118.0,16864,1.0
34.75,118.25,16865,1.0
34.75,118.5,16866,1.0
34.75,118.75,16867,1.0
34.75,119.0,16868,1.0
35.0,78.25,16954,1.0
35.0,78.5,16955,1.0
35.0,78.75,16956,1.0
35.0,79.0,16957,1.0
35.0,79.25,16958,1.0
35.0,79.5,16959,1.0
35.0,79.75,16960,1.0
35.0,80.0,16961,1.0
35.0,80.25,16962,1.0
35.0,80.5,16963,1.0
35.0,80.75,16964,1.0
35.0,81.0,16965,1.0
35.0,81.25,16966,1.0
35.0,81.5,16967,1.0
35.0,81.75,16968,1.0
35.0,82.0,16969,1.0
35.0,82.25,16970,1.0
35.0,82.5,16971,1.0
35.0,82.75,16972,1.0
35.0,83.0,16973,1.0
35.0,83.25,16974,1.0
35.0,83.5,16975,1.0
35.0,83.75,16976,1.0
35.0,84.0,16977,1.0
35.0,84.25,16978,1.0
35.0,84.5,16979,1.0
35.0,84.75,16980,1.0
35.0,85.0,16981,1.0
35.0,85.25,16982,1.0
35.0,85.5,16983,1.0
35.0,85.75,16984,1.0
35.0,86.0,16985,1.0
35.0,86.25,16986,1.0
35.0,86.5,16987,1.0
35.0,86.75,16988,1.0
35.0,87.0,16989,1.0
35.0,87.25,16990,1.0
35.0,87.5,16991,1.0
35.0,87.75,16992,1.0
35.0,88.0,16993,1.0
35.0,88.25,16994,1.0
35.0,88.5,16995,1.0
35.0,88.75,16996,1.0
35.0,89.0,16997,1.0
35.0,89.25,16998,1.0
35.0,89.5,16999,1.0
35.0,89.75,17000,1.0
35.0,90.0,17001,1.0
35.0,90.25,17002,1.0
35.0,90.5,17003,1.0
35.0,90.75,17004,1.0
35.0,91.0,17005,1.0
35.0,91.25,17006,1.0
35.0,91.5,17007,1.0
35.0,91.75,17008,1.0
35.0,92.0,17009,1.0
35.0,92.25,17010,1.0
35.0,92.5,17011,1.0
35.0,92.75,17012,1.0
35.0,93.0,17013,1.0
35.0,93.25,17014,1.0
35.0,93.5,17015,1.0
35.0,93.75,17016,1.0
35.0,94.0,17017,1.0
35.0,94.25,17018,1.0
35.0,94.5,17019,1.0
35.0,94.75,17020,1.0
35.0,95.0,17021,1.0
35.0,95.25,17022,1.0
35.0,95.5,17023,1.0
35.0,95.75,17024,1.0
35.0,96.0,17025,1.0
35.0,96.25,17026,1.0
35.0,96.5,17027,1.0
35.0,96.75,17028,1.0
35.0,97.0,17029,1.0
35.0,97.25,17030,1.0
35.0,97.5,17031,1.0
35.0,97.75,17032,1.0
35.0,98.0,17033,1.0
35.0,98.25,17034,1.0
35.0,98.5,17035,1.0
35.0,98.75,17036,1.0
35.0,99.0,17037,1.0
35.0,99.25,17038,1.0
35.0,99.5,17039,1.0
35.0,99.75,17040,1.0
35.0,100.0,17041,1.0
35.0,100.25,17042,1.0
35.0,100.5,17043,1.0
35.0,100.75,17044,1.0
35.0,101.0,17045,1.0
35.0,101.25,17046,1.0
35.0,101.5,17047,1.0
35.0,101.75,17048,1.0
35.0,102.0,17049,1.0
35.0,102.25,17050,1.0
35.0,102.5,17051,1.0
35.0,102.75,17052,1.0
35.0,103.0,17053,1.0
35.0,103.25,17054,1.0
35.0,103.5,17055,1.0
35.0,103.75,17056,1.0
35.0,104.0,17057,1.0
35.0,104.25,17058,1.0
35.0,104.5,17059,1.0
35.0,104.75,17060,1.0
35.0,105.0,17061,1.0
35.0,105.25,17062,1.0
35.0,105.5,17063,1.0
35.0,105.75,17064,1.0
35.0,106.0,17065,1.0
35.0,106.25,17066,1.0
35.0,106.5,17067,1.0
35.0,106.75,17068,1.0
35.0,107.0,17069,1.0
35.0,107.25,17070,1.0
35.0,107.5,17071,1.0
35.0,107.75,17072,1.0
35.0,108.0,17073,1.0
35.0,108.25,17074,1.0
35.0,108.5,17075,1.0
35.0,108.75,17076,1.0
35.0,109.0,17077,1.0
35.0,109.25,17078,1.0
35.0,109.5,17079,1.0
35.0,109.75,17080,1.0
35.0,110.0,17081,1.0
35.0,110.25,17082,1.0
35.0,110.5,17083,1.0
35.0,110.75,17084,1.0
35.0,111.0,17085,1.0
35.0,111.25,17086,1.0
35.0,111.5,17087,1.0
35.0,111.75,17088,1.0
35.0,112.0,17089,1.0
35.0,112.25,17090,1.0
35.0,112.5,17091,1.0
35.0,112.75,17092,1.0
35.0,113.0,17093,1.0
35.0,113.25,17094,1.0
35.0,113.5,17095,1.0
35.0,113.75,17096,1.0
35.0,114.0,17097,1.0
35.0,114.25,17098,1.0
35.0,114.5,17099,1.0
35.0,114.75,17100,1.0
35.0,115.0,17101,1.0
35.0,115.25,17102,1.0
35.0,115.5,17103,1.0
35.0,115.75,17104,1.0
35.0,116.0,17105,1.0
35.0,116.25,17106,1.0
35.0,116.5,17107,1.0
35.0,116.75,17108,1.0
35.0,117.0,17109,1.0
35.0,117.25,17110,1.0
35.0,117.5,17111,1.0
35.0,117.75,17112,1.0
35.0,118.0,17113,1.0
35.0,118.25,17114,1.0
35.0,118.5,17115,1.0
35.0,118.75,17116,1.0
35.0,119.0,17117,1.0
35.25,78.25,17203,1.0
35.25,78.5,17204,1.0
35.25,78.75,17205,1.0
35.25,79.0,17206,1.0
35.25,79.25,17207,1.0
35.25,79.5,17208,1.0
35.25,79.75,17209,1.0
35.25,80.0,17210,1.0
35.25,80.25,17211,1.0
35.25,80.5,17212,1.0
35.25,80.75,17213,1.0
35.25,81.0,17214,1.0
35.25,81.25,17215,1.0
35.25,81.5,17216,1.0
35.25,81.75,17217,1.0
35.25,82.0,17218,1.0
35.25,82.25,17219,1.0
35.25,82.5,17220,1.0
35.25,82.75,17221,1.0
35.25,83.0,17222,1.0
35.25,83.25,17223,1.0
35.25,83.5,17224,1.0
35.25,83.75,17225,1.0
35.25,84.0,17226,1.0
35.25,84.25,17227,1.0
35.25,84.5,17228,1.0
35.25,84.75,17229,1.0
35.25,85.0,17230,1.0
35.25,85.25,17231,1.0
35.25,85.5,17232,1.0
35.25,85.75,17233,1.0
35.25,86.0,17234,1.0
35.25,86.25,17235,1.0
35.25,86.5,17236,1.0
35.25,86.75,17237,1.0
35.25,87.0,17238,1.0
35.25,87.25,17239,1.0
35.25,87.5,17240,1.0
35.25,87.75,17241,1.0
35.25,88.0,17242,1.0
35.25,88.25,17243,1.0
35.25,88.5,17244,1.0
35.25,88.75,17245,1.0
35.25,89.0,17246,1.0
35.25,89.25,17247,1.0
35.25,89.5,17248,1.0
35.25,89.75,17249,1.0
35.25,90.0,17250,1.0
35.25,90.25,17251,1.0
35.25,90.5,17252,1.0
35.25,90.75,17253,1.0
35.25,91.0,17254,1.0
35.25,91.25,17255,1.0
35.25,91.5,17256,1.0
35.25,91.75,17257,1.0
35.25,92.0,17258,1.0
35.25,92.25,17259,1.0
35.25,92.5,17260,1.0
35.25,92.75,17261,1.0
35.25,93.0,17262,1.0
35.25,93.25,17263,1.0
35.25,93.5,17264,1.0
35.25,93.75,17265,1.0
35.25,94.0,17266,1.0
35.25,94.25,17267,1.0
35.25,94.5,17268,1.0
35.25,94.75,17269,1.0
35.25,95.0,17270,1.0
35.25,95.25,17271,1.0
35.25,95.5,17272,1.0
35.25,95.75,17273,1.0
35.25,96.0,17274,1.0
35.25,96.25,17275,1.0
35.25,96.5,17276,1.0
35.25,96.75,17277,1.0
35.25,97.0,17278,1.0
35.25,97.25,17279,1.0
35.25,97.5,17280,1.0
35.25,97.75,17281,1.0
35.25,98.0,17282,1.0
35.25,98.25,17283,1.0
35.25,98.5,17284,1.0
35.25,98.75,17285,1.0
35.25,99.0,17286,1.0
35.25,99.25,17287,1.0
35.25,99.5,17288,1.0
35.25,99.75,17289,1.0
35.25,100.0,17290,1.0
35.25,100.25,17291,1.0
35.25,100.5,17292,1.0
35.25,100.75,17293,1.0
35.25,101.0,17294,1.0
35.25,101.25,17295,1.0
35.25,101.5,17296,1.0
35.25,101.75,17297,1.0
35.25,102.0,17298,1.0
35.25,102.25,17299,1.0
35.25,102.5,17300,1.0
35.25,102.75,17301,1.0
35.25,103.0,17302,1.0
35.25,103.25,17303,1.0
35.25,103.5,17304,1.0
35.25,103.75,17305,1.0
35.25,104.0,17306,1.0
35.25,104.25,17307,1.0
35.25,104.5,17308,1.0
35.25,104.75,17309,1.0
35.25,105.0,17310,1.0
35.25,105.25,17311,1.0
35.25,105.5,17312,1.0
35.25,105.75,17313,1.0
35.25,106.0,17314,1.0
35.25,106.25,17315,1.0
35.25,106.5,17316,1.0
35.25,106.75,17317,1.0
35.25,107.0,17318,1.0
35.25,107.25,17319,1.0
35.25,107.5,17320,1.0
35.25,107.75,17321,1.0
35.25,108.0,17322,1.0
35.25,108.25,17323,1.0
35.25,108.5,17324,1.0
35.25,108.75,17325,1.0
35.25,109.0,17326,1.0
35.25,109.25,17327,1.0
35.25,109.5,17328,1.0
35.25,109.75,17329,1.0
35.25,110.0,17330,1.0
35.25,110.25,17331,1.0
35.25,110.5,17332,1.0
35.25,110.75,17333,1.0
35.25,111.0,17334,1.0
35.25,111.25,17335,1.0
35.25,111.5,17336,1.0
35.25,111.75,17337,1.0
35.25,112.0,17338,1.0
35.25,112.25,17339,1.0
35.25,112.5,17340,1.0
35.25,112.75,17341,1.0
35.25,113.0,17342,1.0
35.25,113.25,17343,1.0
35.25,113.5,17344,1.0
35.25,113.75,17345,1.0
35.25,114.0,17346,1.0
35.25,114.25,17347,1.0
35.25,114.5,17348,1.0
35.25,114.75,17349,1.0
35.25,115.0,17350,1.0
35.25,115.25,17351,1.0
35.25,115.5,17352,1.0
35.25,115.75,17353,1.0
35.25,116.0,17354,1.0
35.25,116.25,17355,1.0
35.25,116.5,17356,1.0
35.25,116.75,17357,1.0
35.25,117.0,17358,1.0
35.25,117.25,17359,1.0
35.25,117.5,17360,1.0
35.25,117.75,17361,1.0
35.25,118.0,17362,1.0
35.25,118.25,17363,1.0
35.25,118.5,17364,1.0
35.25,118.75,17365,1.0
35.25,119.0,17366,1.0
35.25,119.25,17367,1.0
35.5,77.5,17449,1.0
35.5,77.75,17450,1.0
35.5,78.0,17451,1.0
35.5,78.25,17452,1.0
35.5,78.5,17453,1.0
35.5,78.75,17454,1.0
35.5,79.0,17455,1.0
35.5,79.25,17456,1.0
35.5,79.5,17457,1.0
35.5,79.75,17458,1.0
35.5,80.0,17459,1.0
35.5,80.25,17460,1.0
35.5,80.5,17461,1.0
35.5,80.75,17462,1.0
35.5,81.0,17463,1.0
35.5,81.25,17464,1.0
35.5,81.5,17465,1.0
35.5,81.75,17466,1.0
35.5,82.0,17467,1.0
35.5,82.25,17468,1.0
35.5,82.5,17469,1.0
35.5,82.75,17470,1.0
35.5,83.0,17471,1.0
35.5,83.25,17472,1.0
35.5,83.5,17473,1.0
35.5,83.75,17474,1.0
35.5,84.0,17475,1.0
35.5,84.25,17476,1.0
35.5,84.5,17477,1.0
35.5,84.75,17478,1.0
35.5,85.0,17479,1.0
35.5,85.25,17480,1.0
35.5,85.5,17481,1.0
35.5,85.75,17482,1.0
35.5,86.0,17483,1.0
35.5,86.25,17484,1.0
35.5,86.5,17485,1.0
35.5,86.75,17486,1.0
35.5,87.0,17487,1.0
35.5,87.25,17488,1.0
35.5,87.5,17489,1.0
35.5,87.75,17490,1.0
35.5,88.0,17491,1.0
35.5,88.25,17492,1.0
35.5,88.5,17493,1.0
35.5,88.75,17494,1.0
35.5,89.0,17495,1.0
35.5,89.25,17496,1.0
35.5,89.5,17497,1.0
35.5,89.75,17498,1.0
35.5,90.0,17499,1.0
35.5,90.25,17500,1.0
35.5,90.5,17501,1.0
35.5,90.75,17502,1.0
35.5,91.0,17503,1.0
35.5,91.25,17504,1.0
35.5,91.5,17505,1.0
35.5,91.75,17506,1.0
35.5,92.0,17507,1.0
35.5,92.25,17508,1.0
35.5,92.5,17509,1.0
35.5,92.75,17510,1.0
35.5,93.0,17511,1.0
35.5,93.25,17512,1.0
35.5,93.5,17513,1.0
35.5,93.75,17514,1.0
35.5,94.0,17515,1.0
35.5,94.25,17516,1.0
35.5,94.5,17517,1.0
35.5,94.75,17518,1.0
35.5,95.0,17519,1.0
35.5,95.25,17520,1.0
35.5,95.5,17521,1.0
35.5,95.75,17522,1.0
35.5,96.0,17523,1.0
35.5,96.25,17524,1.0
35.5,96.5,17525,1.0
35.5,96.75,17526,1.0
35.5,97.0,17527,1.0
35.5,97.25,17528,1.0
35.5,97.5,17529,1.0
35.5,97.75,17530,1.0
35.5,98.0,17531,1.0
35.5,98.25,17532,1.0
35.5,98.5,17533,1.0
35.5,98.75,17534,1.0
35.5,99.0,17535,1.0
35.5,99.25,17536,1.0
35.5,99.5,17537,1.0
35.5,99.75,17538,1.0
35.5,100.0,17539,1.0
35.5,100.25,17540,1.0
35.5,100.5,17541,1.0
35.5,100.75,17542,1.0
35.5,101.0,17543,1.0
35.5,101.25,17544,1.0
35.5,101.5,17545,1.0
35.5,101.75,17546,1.0
35.5,102.0,17547,1.0
35.5,102.25,17548,1.0
35.5,102.5,17549,1.0
35.5,102.75,17550,1.0
35.5,103.0,17551,1.0
35.5,103.25,17552,1.0
35.5,103.5,17553,1.0
35.5,103.75,17554,1.0
35.5,104.0,17555,1.0
35.5,104.25,17556,1.0
35.5,104.5,17557,1.0
35.5,104.75,17558,1.0
35.5,105.0,17559,1.0
35.5,105.25,17560,1.0
35.5,105.5,17561,1.0
35.5,105.75,17562,1.0
35.5,106.0,17563,1.0
35.5,106.25,17564,1.0
35.5,106.5,17565,1.0
35.5,106.75,17566,1.0
35.5,107.0,17567,1.0
35.5,107.25,17568,1.0
35.5,107.5,17569,1.0
35.5,107.75,17570,1.0
35.5,108.0,17571,1.0
35.5,108.25,17572,1.0
35.5,108.5,17573,1.0
35.5,108.75,17574,1.0
35.5,109.0,17575,1.0
35.5,109.25,17576,1.0
35.5,109.5,17577,1.0
35.5,109.75,17578,1.0
35.5,110.0,17579,1.0
35.5,110.25,17580,1.0
35.5,110.5,17581,1.0
35.5,110.75,17582,1.0
35.5,111.0,17583,1.0
35.5,111.25,17584,1.0
35.5,111.5,17585,1.0
35.5,111.75,17586,1.0
35.5,112.0,17587,1.0
35.5,112.25,17588,1.0
35.5,112.5,17589,1.0
35.5,112.75,17590,1.0
35.5,113.0,17591,1.0
35.5,113.25,17592,1.0
35.5,113.5,17593,1.0
35.5,113.75,17594,1.0
35.5,114.0,17595,1.0
35.5,114.25,17596,1.0
35.5,114.5,17597,1.0
35.5,114.75,17598,1.0
35.5,115.0,17599,1.0
35.5,115.25,17600,1.0
35.5,115.5,17601,1.0
35.5,115.75,17602,1.0
35.5,116.0,17603,1.0
35.5,116.25,17604,1.0
35.5,116.5,17605,1.0
35.5,116.75,17606,1.0
35.5,117.0,17607,1.0
35.5,117.25,17608,1.0
35.5,117.5,17609,1.0
35.5,117.75,17610,1.0
35.5,118.0,17611,1.0
35.5,118.25,17612,1.0
35.5,118.5,17613,1.0
35.5,118.75,17614,1.0
35.5,119.0,17615,1.0
35.5,119.25,17616,1.0
35.5,119.5,17617,1.0
35.75,76.75,17695,1.0
35.75,77.0,17696,1.0
35.75,77.25,17697,1.0
35.75,77.5,17698,1.0
35.75,77.75,17699,1.0
35.75,78.0,17700,1.0
35.75,78.25,17701,1.0
35.75,78.5,17702,1.0
35.75,78.75,17703,1.0
35.75,79.0,17704,1.0
35.75,79.25,17705,1.0
35.75,79.5,17706,1.0
35.75,79.75,17707,1.0
35.75,80.0,17708,1.0
35.75,80.25,17709,1.0
35.75,80.5,17710,1.0
35.75,80.75,17711,1.0
35.75,81.0,17712,1.0
35.75,81.25,17713,1.0
35.75,81.5,17714,1.0
35.75,81.75,17715,1.0
35.75,82.0,17716,1.0
35.75,82.25,17717,1.0
35.75,82.5,17718,1.0
35.75,82.75,17719,1.0
35.75,83.0,17720,1.0
35.75,83.25,17721,1.0
35.75,83.5,17722,1.0
35.75,83.75,17723,1.0
35.75,84.0,17724,1.0
35.75,84.25,17725,1.0
35.75,84.5,17726,1.0
35.75,84.75,17727,1.0
35.75,85.0,17728,1.0
35.75,85.25,17729,1.0
35.75,85.5,17730,1.0
35.75,85.75,17731,1.0
35.75,86.0,17732,1.0
35.75,86.25,17733,1.0
35.75,86.5,17734,1.0
35.75,86.75,17735,1.0
35.75,87.0,17736,1.0
35.75,87.25,17737,1.0
35.75,87.5,17738,1.0
35.75,87.75,17739,1.0
35.75,88.0,17740,1.0
35.75,88.25,17741,1.0
35.75,88.5,17742,1.0
35.75,88.75,17743,1.0
35.75,89.0,17744,1.0
35.75,89.25,17745,1.0
35.75,89.5,17746,1.0
35.75,89.75,17747,1.0
35.75,90.0,17748,1.0
35.75,90.25,17749,1.0
35.75,90.5,17750,1.0
35.75,90.75,17751,1.0
35.75,91.0,17752,1.0
35.75,91.25,17753,1.0
35.75,91.5,17754,1.0
35.75,91.75,17755,1.0
35.75,92.0,17756,1.0
35.75,92.25,17757,1.0
35.75,92.5,17758,1.0
35.75,92.75,17759,1.0
35.75,93.0,17760,1.0
35.75,93.25,17761,1.0
35.75,93.5,17762,1.0
35.75,93.75,17763,1.0
35.75,94.0,17764,1.0
35.75,94.25,17765,1.0
35.75,94.5,17766,1.0
35.75,94.75,17767,1.0
35.75,95.0,17768,1.0
35.75,95.25,17769,1.0
35.75,95.5,17770,1.0
35.75,95.75,17771,1.0
35.75,96.0,17772,1.0
35.75,96.25,17773,1.0
35.75,96.5,17774,1.0
35.75,96.75,17775,1.0
35.75,97.0,17776,1.0
35.75,97.25,17777,1.0
35.75,97.5,17778,1.0
35.75,97.75,17779,1.0
35.75,98.0,17780,1.0
35.75,98.25,17781,1.0
35.75,98.5,17782,1.0
35.75,98.75,17783,1.0
35.75,99.0,17784,1.0
35.75,99.25,17785,1.0
35.75,99.5,17786,1.0
35.75,99.75,17787,1.0
35.75,100.0,17788,1.0
35.75,100.25,17789,1.0
35.75,100.5,17790,1.0
35.75,100.75,17791,1.0
35.75,101.0,17792,1.0
35.75,101.25,17793,1.0
35.75,101.5,17794,1.0
35.75,101.75,17795,1.0
35.75,102.0,17796,1.0
35.75,102.25,17797,1.0
35.75,102.5,17798,1.0
35.75,102.75,17799,1.0
35.75,103.0,17800,1.0
35.75,103.25,17801,1.0
35.75,103.5,17802,1.0
35.75,103.75,17803,1.0
35.75,104.0,17804,1.0
35.75,104.25,17805,1.0
35.75,104.5,17806,1.0
35.75,104.75,17807,1.0
35.75,105.0,17808,1.0
35.75,105.25,17809,1.0
35.75,105.5,17810,1.0
35.75,105.75,17811,1.0
35.75,106.0,17812,1.0
35.75,106.25,17813,1.0
35.75,106.5,17814,1.0
35.75,106.75,17815,1.0
35.75,107.0,17816,1.0
35.75,107.25,17817,1.0
35.75,107.5,17818,1.0
35.75,107.75,17819,1.0
35.75,108.0,17820,1.0
35.75,108.25,17821,1.0
35.75,108.5,17822,1.0
35.75,108.75,17823,1.0
35.75,109.0,17824,1.0
35.75,109.25,17825,1.0
35.75,109.5,17826,1.0
35.75,109.75,17827,1.0
35.75,110.0,17828,1.0
35.75,110.25,17829,1.0
35.75,110.5,17830,1.0
35.75,110.75,17831,1.0
35.75,111.0,17832,1.0
35.75,111.25,17833,1.0
35.75,111.5,17834,1.0
35.75,111.75,17835,1.0
35.75,112.0,17836,1.0
35.75,112.25,17837,1.0
35.75,112.5,17838,1.0
35.75,112.75,17839,1.0
35.75,113.0,17840,1.0
35.75,113.25,17841,1.0
35.75,113.5,17842,1.0
35.75,113.75,17843,1.0
35.75,114.0,17844,1.0
35.75,114.25,17845,1.0
35.75,114.5,17846,1.0
35.75,114.75,17847,1.0
35.75,115.0,17848,1.0
35.75,115.25,17849,1.0
35.75,115.5,17850,1.0
35.75,115.75,17851,1.0
35.75,116.0,17852,1.0
35.75,116.25,17853,1.0
35.75,116.5,17854,1.0
35.75,116.75,17855,1.0
35.75,117.0,17856,1.0
35.75,117.25,17857,1.0
35.75,117.5,17858,1.0
35.75,117.75,17859,1.0
35.75,118.0,17860,1.0
35.75,118.25,17861,1.0
35.75,118.5,17862,1.0
35.75,118.75,17863,1.0
35.75,119.0,17864,1.0
35.75,119.25,17865,1.0
35.75,119.5,17866,1.0
35.75,119.75,17867,1.0
36.0,76.0,17941,1.0
36.0,76.25,17942,1.0
36.0,76.5,17943,1.0
36.0,76.75,17944,1.0
36.0,77.0,17945,1.0
36.0,77.25,17946,1.0
36.0,77.5,17947,1.0
36.0,77.75,17948,1.0
36.0,78.0,17949,1.0
36.0,78.25,17950,1.0
36.0,78.5,17951,1.0
36.0,78.75,17952,1.0
36.0,79.0,17953,1.0
36.0,79.25,17954,1.0
36.0,79.5,17955,1.0
36.0,79.75,17956,1.0
36.0,80.0,17957,1.0
36.0,80.25,17958,1.0
36.0,80.5,17959,1.0
36.0,80.75,17960,1.0
36.0,81.0,17961,1.0
36.0,81.25,17962,1.0
36.0,81.5,17963,1.0
36.0,81.75,17964,1.0
36.0,82.0,17965,1.0
36.0,82.25,17966,1.0
36.0,82.5,17967,1.0
36.0,82.75,17968,1.0
36.0,83.0,17969,1.0
36.0,83.25,17970,1.0
36.0,83.5,17971,1.0
36.0,83.75,17972,1.0
36.0,84.0,17973,1.0
36.0,84.25,17974,1.0
36.0,84.5,17975,1.0
36.0,84.75,17976,1.0
36.0,85.0,17977,1.0
36.0,85.25,17978,1.0
36.0,85.5,17979,1.0
36.0,85.75,17980,1.0
36.0,86.0,17981,1.0
36.0,86.25,17982,1.0
36.0,86.5,17983,1.0
36.0,86.75,17984,1.0
36.0,87.0,17985,1.0
36.0,87.25,17986,1.0
36.0,87.5,17987,1.0
36.0,87.75,17988,1.0
36.0,88.0,17989,1.0
36.0,88.25,17990,1.0
36.0,88.5,17991,1.0
36.0,88.75,17992,1.0
36.0,89.0,17993,1.0
36.0,89.25,17994,1.0
36.0,89.5,17995,1.0
36.0,89.75,17996,1.0
36.0,90.0,17997,1.0
36.0,90.25,17998,1.0
36.0,90.5,17999,1.0
36.0,90.75,18000,1.0
36.0,91.0,18001,1.0
36.0,91.25,18002,1.0
36.0,91.5,18003,1.0
36.0,91.75,18004,1.0
36.0,92.0,18005,1.0
36.0,92.25,18006,1.0
36.0,92.5,18007,1.0
36.0,92.75,18008,1.0
36.0,93.0,18009,1.0
36.0,93.25,18010,1.0
36.0,93.5,18011,1.0
36.0,93.75,18012,1.0
36.0,94.0,18013,1.0
36.0,94.25,18014,1.0
36.0,94.5,18015,1.0
36.0,94.75,18016,1.0
36.0,95.0,18017,1.0
36.0,95.25,18018,1.0
36.0,95.5,18019,1.0
36.0,95.75,18020,1.0
36.0,96.0,18021,1.0
36.0,96.25,18022,1.0
36.0,96.5,18023,1.0
36.0,96.75,18024,1.0
36.0,97.0,18025,1.0
36.0,97.25,18026,1.0
36.0,97.5,18027,1.0
36.0,97.75,18028,1.0
36.0,98.0,18029,1.0
36.0,98.25,18030,1.0
36.0,98.5,18031,1.0
36.0,98.75,18032,1.0
36.0,99.0,18033,1.0
36.0,99.25,18034,1.0
36.0,99.5,18035,1.0
36.0,99.75,18036,1.0
36.0,100.0,18037,1.0
36.0,100.25,18038,1.0
36.0,100.5,18039,1.0
36.0,100.75,18040,1.0
36.0,101.0,18041,1.0
36.0,101.25,18042,1.0
36.0,101.5,18043,1.0
36.0,101.75,18044,1.0
36.0,102.0,18045,1.0
36.0,102.25,18046,1.0
36.0,102.5,18047,1.0
36.0,102.75,18048,1.0
36.0,103.0,18049,1.0
36.0,103.25,18050,1.0
36.0,103.5,18051,1.0
36.0,103.75,18052,1.0
36.0,104.0,18053,1.0
36.0,104.25,18054,1.0
36.0,104.5,18055,1.0
36.0,104.75,18056,1.0
36.0,105.0,18057,1.0
36.0,105.25,18058,1.0
36.0,105.5,18059,1.0
36.0,105.75,18060,1.0
36.0,106.0,18061,1.0
36.0,106.25,18062,1.0
36.0,106.5,18063,1.0
36.0,106.75,18064,1.0
36.0,107.0,18065,1.0
36.0,107.25,18066,1.0
36.0,107.5,18067,1.0
36.0,107.75,18068,1.0
36.0,108.0,18069,1.0
36.0,108.25,18070,1.0
36.0,108.5,18071,1.0
36.0,108.75,18072,1.0
36.0,109.0,18073,1.0
36.0,109.25,18074,1.0
36.0,109.5,18075,1.0
36.0,109.75,18076,1.0
36.0,110.0,18077,1.0
36.0,110.25,18078,1.0
36.0,110.5,18079,1.0
36.0,110.75,18080,1.0
36.0,111.0,18081,1.0
36.0,111.25,18082,1.0
36.0,111.5,18083,1.0
36.0,111.75,18084,1.0
36.0,112.0,18085,1.0
36.0,112.25,18086,1.0
36.0,112.5,18087,1.0
36.0,112.75,18088,1.0
36.0,113.0,18089,1.0
36.0,113.25,18090,1.0
36.0,113.5,18091,1.0
36.0,113.75,18092,1.0
36.0,114.0,18093,1.0
36.0,114.25,18094,1.0
36.0,114.5,18095,1.0
36.0,114.75,18096,1.0
36.0,115.0,18097,1.0
36.0,115.25,18098,1.0
36.0,115.5,18099,1.0
36.0,115.75,18100,1.0
36.0,116.0,18101,1.0
36.0,116.25,18102,1.0
36.0,116.5,18103,1.0
36.0,116.75,18104,1.0
36.0,117.0,18105,1.0
36.0,117.25,18106,1.0
36.0,117.5,18107,1.0
36.0,117.75,18108,1.0
36.0,118.0,18109,1.0
36.0,118.25,18110,1.0
36.0,118.5,18111,1.0
36.0,118.75,18112,1.0
36.0,119.0,18113,1.0
36.0,119.25,18114,1.0
36.0,119.5,18115,1.0
36.0,119.75,18116,1.0
36.0,120.0,18117,1.0
36.0,120.25,18118,1.0
36.25,76.0,18190,1.0
36.25,76.25,18191,1.0
36.25,76.5,18192,1.0
36.25,76.75,18193,1.0
36.25,77.0,18194,1.0
36.25,77.25,18195,1.0
36.25,77.5,18196,1.0
36.25,77.75,18197,1.0
36.25,78.0,18198,1.0
36.25,78.25,18199,1.0
36.25,78.5,18200,1.0
36.25,78.75,18201,1.0
36.25,79.0,18202,1.0
36.25,79.25,18203,1.0
36.25,79.5,18204,1.0
36.25,79.75,18205,1.0
36.25,80.0,18206,1.0
36.25,80.25,18207,1.0
36.25,80.5,18208,1.0
36.25,80.75,18209,1.0
36.25,81.0,18210,1.0
36.25,81.25,18211,1.0
36.25,81.5,18212,1.0
36.25,81.75,18213,1.0
36.25,82.0,18214,1.0
36.25,82.25,18215,1.0
36.25,82.5,18216,1.0
36.25,82.75,18217,1.0
36.25,83.0,18218,1.0
36.25,83.25,18219,1.0
36.25,83.5,18220,1.0
36.25,83.75,18221,1.0
36.25,84.0,18222,1.0
36.25,84.25,18223,1.0
36.25,84.5,18224,1.0
36.25,84.75,18225,1.0
36.25,85.0,18226,1.0
36.25,85.25,18227,1.0
36.25,85.5,18228,1.0
36.25,85.75,18229,1.0
36.25,86.0,18230,1.0
36.25,86.25,18231,1.0
36.25,86.5,18232,1.0
36.25,86.75,18233,1.0
36.25,87.0,18234,1.0
36.25,87.25,18235,1.0
36.25,87.5,18236,1.0
36.25,87.75,18237,1.0
36.25,88.0,18238,1.0
36.25,88.25,18239,1.0
36.25,88.5,18240,1.0
36.25,88.75,18241,1.0
36.25,89.0,18242,1.0
36.25,89.25,18243,1.0
36.25,89.5,18244,1.0
36.25,89.75,18245,1.0
36.25,90.0,18246,1.0
36.25,90.25,18247,1.0
36.25,90.5,18248,1.0
36.25,90.75,18249,1.0
36.25,91.0,18250,1.0
36.25,91.25,18251,1.0
36.25,91.5,18252,1.0
36.25,91.75,18253,1.0
36.25,92.0,18254,1.0
36.25,92.25,18255,1.0
36.25,92.5,18256,1.0
36.25,92.75,18257,1.0
36.25,93.0,18258,1.0
36.25,93.25,18259,1.0
36.25,93.5,18260,1.0
36.25,93.75,18261,1.0
36.25,94.0,18262,1.0
36.25,94.25,18263,1.0
36.25,94.5,18264,1.0
36.25,94.75,18265,1.0
36.25,95.0,18266,1.0
36.25,95.25,18267,1.0
36.25,95.5,18268,1.0
36.25,95.75,18269,1.0
36.25,96.0,18270,1.0
36.25,96.25,18271,1.0
36.25,96.5,18272,1.0
36.25,96.75,18273,1.0
36.25,97.0,18274,1.0
36.25,97.25,18275,1.0
36.25,97.5,18276,1.0
36.25,97.75,18277,1.0
36.25,98.0,18278,1.0
36.25,98.25,18279,1.0
36.25,98.5,18280,1.0
36.25,98.75,18281,1.0
36.25,99.0,18282,1.0
36.25,99.25,18283,1.0
36.25,99.5,18284,1.0
36.25,99.75,18285,1.0
36.25,100.0,18286,1.0
36.25,100.25,18287,1.0
36.25,100.5,18288,1.0
36.25,100.75,18289,1.0
36.25,101.0,18290,1.0
36.25,101.25,18291,1.0
36.25,101.5,18292,1.0
36.25,101.75,18293,1.0
36.25,102.0,18294,1.0
36.25,102.25,18295,1.0
36.25,102.5,18296,1.0
36.25,102.75,18297,1.0
36.25,103.0,18298,1.0
36.25,103.25,18299,1.0
36.25,103.5,18300,1.0
36.25,103.75,18301,1.0
36.25,104.0,18302,1.0
36.25,104.25,18303,1.0
36.25,104.5,18304,1.0
36.25,104.75,18305,1.0
36.25,105.0,18306,1.0
36.25,105.25,18307,1.0
36.25,105.5,18308,1.0
36.25,105.75,18309,1.0
36.25,106.0,18310,1.0
36.25,106.25,18311,1.0
36.25,106.5,18312,1.0
36.25,106.75,18313,1.0
36.25,107.0,18314,1.0
36.25,107.25,18315,1.0
36.25,107.5,18316,1.0
36.25,107.75,18317,1.0
36.25,108.0,18318,1.0
36.25,108.25,18319,1.0
36.25,108.5,18320,1.0
36.25,108.75,18321,1.0
36.25,109.0,18322,1.0
36.25,109.25,18323,1.0
36.25,109.5,18324,1.0
36.25,109.75,18325,1.0
36.25,110.0,18326,1.0
36.25,110.25,18327,1.0
36.25,110.5,18328,1.0
36.25,110.75,18329,1.0
36.25,111.0,18330,1.0
36.25,111.25,18331,1.0
36.25,111.5,18332,1.0
36.25,111.75,18333,1.0
36.25,112.0,18334,1.0
36.25,112.25,18335,1.0
36.25,112.5,18336,1.0
36.25,112.75,18337,1.0
36.25,113.0,18338,1.0
36.25,113.25,18339,1.0
36.25,113.5,18340,1.0
36.25,113.75,18341,1.0
36.25,114.0,18342,1.0
36.25,114.25,18343,1.0
36.25,114.5,18344,1.0
36.25,114.75,18345,1.0
36.25,115.0,18346,1.0
36.25,115.25,18347,1.0
36.25,115.5,18348,1.0
36.25,115.75,18349,1.0
36.25,116.0,18350,1.0
36.25,116.25,18351,1.0
36.25,116.5,18352,1.0
36.25,116.75,18353,1.0
36.25,117.0,18354,1.0
36.25,117.25,18355,1.0
36.25,117.5,18356,1.0
36.25,117.75,18357,1.0
36.25,118.0,18358,1.0
36.25,118.25,18359,1.0
36.25,118.5,18360,1.0
36.25,118.75,18361,1.0
36.25,119.0,18362,1.0
36.25,119.25,18363,1.0
36.25,119.5,18364,1.0
36.25,119.75,18365,1.0
36.25,120.0,18366,1.0
36.25,120.25,18367,1.0
36.25,120.5,18368,1.0
36.5,76.0,18439,1.0
36.5,76.25,18440,1.0
36.5,76.5,18441,1.0
36.5,76.75,18442,1.0
36.5,77.0,18443,1.0
36.5,77.25,18444,1.0
36.5,77.5,18445,1.0
36.5,77.75,18446,1.0
36.5,78.0,18447,1.0
36.5,78.25,18448,1.0
36.5,78.5,18449,1.0
36.5,78.75,18450,1.0
36.5,79.0,18451,1.0
36.5,79.25,18452,1.0
36.5,79.5,18453,1.0
36.5,79.75,18454,1.0
36.5,80.0,18455,1.0
36.5,80.25,18456,1.0
36.5,80.5,18457,1.0
36.5,80.75,18458,1.0
36.5,81.0,18459,1.0
36.5,81.25,18460,1.0
36.5,81.5,18461,1.0
36.5,81.75,18462,1.0
36.5,82.0,18463,1.0
36.5,82.25,18464,1.0
36.5,82.5,18465,1.0
36.5,82.75,18466,1.0
36.5,83.0,18467,1.0
36.5,83.25,18468,1.0
36.5,83.5,18469,1.0
36.5,83.75,18470,1.0
36.5,84.0,18471,1.0
36.5,84.25,18472,1.0
36.5,84.5,18473,1.0
36.5,84.75,18474,1.0
36.5,85.0,18475,1.0
36.5,85.25,18476,1.0
36.5,85.5,18477,1.0
36.5,85.75,18478,1.0
36.5,86.0,18479,1.0
36.5,86.25,18480,1.0
36.5,86.5,18481,1.0
36.5,86.75,18482,1.0
36.5,87.0,18483,1.0
36.5,87.25,18484,1.0
36.5,87.5,18485,1.0
36.5,87.75,18486,1.0
36.5,88.0,18487,1.0
36.5,88.25,18488,1.0
36.5,88.5,18489,1.0
36.5,88.75,18490,1.0
36.5,89.0,18491,1.0
36.5,89.25,18492,1.0
36.5,89.5,18493,1.0
36.5,89.75,18494,1.0
36.5,90.0,18495,1.0
36.5,90.25,18496,1.0
36.5,90.5,18497,1.0
36.5,90.75,18498,1.0
36.5,91.0,18499,1.0
36.5,91.25,18500,1.0
36.5,91.5,18501,1.0
36.5,91.75,18502,1.0
36.5,92.0,18503,1.0
36.5,92.25,18504,1.0
36.5,92.5,18505,1.0
36.5,92.75,18506,1.0
36.5,93.0,18507,1.0
36.5,93.25,18508,1.0
36.5,93.5,18509,1.0
36.5,93.75,18510,1.0
36.5,94.0,18511,1.0
36.5,94.25,18512,1.0
36.5,94.5,18513,1.0
36.5,94.75,18514,1.0
36.5,95.0,18515,1.0
36.5,95.25,18516,1.0
36.5,95.5,18517,1.0
36.5,95.75,18518,1.0
36.5,96.0,18519,1.0
36.5,96.25,18520,1.0
36.5,96.5,18521,1.0
36.5,96.75,18522,1.0
36.5,97.0,18523,1.0
36.5,97.25,18524,1.0
36.5,97.5,18525,1.0
36.5,97.75,18526,1.0
36.5,98.0,18527,1.0
36.5,98.25,18528,1.0
36.5,98.5,18529,1.0
36.5,98.75,18530,1.0
36.5,99.0,18531,1.0
36.5,99.25,18532,1.0
36.5,99.5,18533,1.0
36.5,99.75,18534,1.0
36.5,100.0,18535,1.0
36.5,100.25,18536,1.0
36.5,100.5,18537,1.0
36.5,100.75,18538,1.0
36.5,101.0,18539,1.0
36.5,101.25,18540,1.0
36.5,101.5,18541,1.0
36.5,101.75,18542,1.0
36.5,102.0,18543,1.0
36.5,102.25,18544,1.0
36.5,102.5,18545,1.0
36.5,102.75,18546,1.0
36.5,103.0,18547,1.0
36.5,103.25,18548,1.0
36.5,103.5,18549,1.0
36.5,103.75,18550,1.0
36.5,104.0,18551,1.0
36.5,104.25,18552,1.0
36.5,104.5,18553,1.0
36.5,104.75,18554,1.0
36.5,105.0,18555,1.0
36.5,105.25,18556,1.0
36.5,105.5,18557,1.0
36.5,105.75,18558,1.0
36.5,106.0,18559,1.0
36.5,106.25,18560,1.0
36.5,106.5,18561,1.0
36.5,106.75,18562,1.0
36.5,107.0,18563,1.0
36.5,107.25,18564,1.0
36.5,107.5,18565,1.0
36.5,107.75,18566,1.0
36.5,108.0,18567,1.0
36.5,108.25,18568,1.0
36.5,108.5,18569,1.0
36.5,108.75,18570,1.0
36.5,109.0,18571,1.0
36.5,109.25,18572,1.0
36.5,109.5,18573,1.0
36.5,109.75,18574,1.0
36.5,110.0,18575,1.0
36.5,110.25,18576,1.0
36.5,110.5,18577,1.0
36.5,110.75,18578,1.0
36.5,111.0,18579,1.0
36.5,111.25,18580,1.0
36.5,111.5,18581,1.0
36.5,111.75,18582,1.0
36.5,112.0,18583,1.0
36.5,112.25,18584,1.0
36.5,112.5,18585,1.0
36.5,112.75,18586,1.0
36.5,113.0,18587,1.0
36.5,113.25,18588,1.0
36.5,113.5,18589,1.0
36.5,113.75,18590,1.0
36.5,114.0,18591,1.0
36.5,114.25,18592,1.0
36.5,114.5,18593,1.0
36.5,114.75,18594,1.0
36.5,115.0,18595,1.0
36.5,115.25,18596,1.0
36.5,115.5,18597,1.0
36.5,115.75,18598,1.0
36.5,116.0,18599,1.0
36.5,116.25,18600,1.0
36.5,116.5,18601,1.0
36.5,116.75,18602,1.0
36.5,117.0,18603,1.0
36.5,117.25,18604,1.0
36.5,117.5,18605,1.0
36.5,117.75,18606,1.0
36.5,118.0,18607,1.0
36.5,118.25,18608,1.0
36.5,118.5,18609,1.0
36.5,118.75,18610,1.0
36.5,119.0,18611,1.0
36.5,119.25,18612,1.0
36.5,119.5,18613,1.0
36.5,119.75,18614,1.0
36.5,120.0,18615,1.0
36.5,120.25,18616,1.0
36.5,120.5,18617,1.0
36.5,120.75,18618,1.0
36.75,75.5,18686,1.0
36.75,75.75,18687,1.0
36.75,76.0,18688,1.0
36.75,76.25,18689,1.0
36.75,76.5,18690,1.0
36.75,76.75,18691,1.0
36.75,77.0,18692,1.0
36.75,77.25,18693,1.0
36.75,77.5,18694,1.0
36.75,77.75,18695,1.0
36.75,78.0,18696,1.0
36.75,78.25,18697,1.0
36.75,78.5,18698,1.0
36.75,78.75,18699,1.0
36.75,79.0,18700,1.0
36.75,79.25,18701,1.0
36.75,79.5,18702,1.0
36.75,79.75,18703,1.0
36.75,80.0,18704,1.0
36.75,80.25,18705,1.0
36.75,80.5,18706,1.0
36.75,80.75,18707,1.0
36.75,81.0,18708,1.0
36.75,81.25,18709,1.0
36.75,81.5,18710,1.0
36.75,81.75,18711,1.0
36.75,82.0,18712,1.0
36.75,82.25,18713,1.0
36.75,82.5,18714,1.0
36.75,82.75,18715,1.0
36.75,83.0,18716,1.0
36.75,83.25,18717,1.0
36.75,83.5,18718,1.0
36.75,83.75,18719,1.0
36.75,84.0,18720,1.0
36.75,84.25,18721,1.0
36.75,84.5,18722,1.0
36.75,84.75,18723,1.0
36.75,85.0,18724,1.0
36.75,85.25,18725,1.0
36.75,85.5,18726,1.0
36.75,85.75,18727,1.0
36.75,86.0,18728,1.0
36.75,86.25,18729,1.0
36.75,86.5,18730,1.0
36.75,86.75,18731,1.0
36.75,87.0,18732,1.0
36.75,87.25,18733,1.0
36.75,87.5,18734,1.0
36.75,87.75,18735,1.0
36.75,88.0,18736,1.0
36.75,88.25,18737,1.0
36.75,88.5,18738,1.0
36.75,88.75,18739,1.0
36.75,89.0,18740,1.0
36.75,89.25,18741,1.0
36.75,89.5,18742,1.0
36.75,89.75,18743,1.0
36.75,90.0,18744,1.0
36.75,90.25,18745,1.0
36.75,90.5,18746,1.0
36.75,90.75,18747,1.0
36.75,91.0,18748,1.0
36.75,91.25,18749,1.0
36.75,91.5,18750,1.0
36.75,91.75,18751,1.0
36.75,92.0,18752,1.0
36.75,92.25,18753,1.0
36.75,92.5,18754,1.0
36.75,92.75,18755,1.0
36.75,93.0,18756,1.0
36.75,93.25,18757,1.0
36.75,93.5,18758,1.0
36.75,93.75,18759,1.0
36.75,94.0,18760,1.0
36.75,94.25,18761,1.0
36.75,94.5,18762,1.0
36.75,94.75,18763,1.0
36.75,95.0,18764,1.0
36.75,95.25,18765,1.0
36.75,95.5,18766,1.0
36.75,95.75,18767,1.0
36.75,96.0,18768,1.0
36.75,96.25,18769,1.0
36.75,96.5,18770,1.0
36.75,96.75,18771,1.0
36.75,97.0,18772,1.0
36.75,97.25,18773,1.0
36.75,97.5,18774,1.0
36.75,97.75,18775,1.0
36.75,98.0,18776,1.0
36.75,98.25,18777,1.0
36.75,98.5,18778,1.0
36.75,98.75,18779,1.0
36.75,99.0,18780,1.0
36.75,99.25,18781,1.0
36.75,99.5,18782,1.0
36.75,99.75,18783,1.0
36.75,100.0,18784,1.0
36.75,100.25,18785,1.0
36.75,100.5,18786,1.0
36.75,100.75,18787,1.0
36.75,101.0,18788,1.0
36.75,101.25,18789,1.0
36.75,101.5,18790,1.0
36.75,101.75,18791,1.0
36.75,102.0,18792,1.0
36.75,102.25,18793,1.0
36.75,102.5,18794,1.0
36.75,102.75,18795,1.0
36.75,103.0,18796,1.0
36.75,103.25,18797,1.0
36.75,103.5,18798,1.0
36.75,103.75,18799,1.0
36.75,104.0,18800,1.0
36.75,104.25,18801,1.0
36.75,104.5,18802,1.0
36.75,104.75,18803,1.0
36.75,105.0,18804,1.0
36.75,105.25,18805,1.0
36.75,105.5,18806,1.0
36.75,105.75,18807,1.0
36.75,106.0,18808,1.0
36.75,106.25,18809,1.0
36.75,106.5,18810,1.0
36.75,106.75,18811,1.0
36.75,107.0,18812,1.0
36.75,107.25,18813,1.0
36.75,107.5,18814,1.0
36.75,107.75,18815,1.0
36.75,108.0,18816,1.0
36.75,108.25,18817,1.0
36.75,108.5,18818,1.0
36.75,108.75,18819,1.0
36.75,109.0,18820,1.0
36.75,109.25,18821,1.0
36.75,109.5,18822,1.0
36.75,109.75,18823,1.0
36.75,110.0,18824,1.0
36.75,110.25,18825,1.0
36.75,110.5,18826,1.0
36.75,110.75,18827,1.0
36.75,111.0,18828,1.0
36.75,111.25,18829,1.0
36.75,111.5,18830,1.0
36.75,111.75,18831,1.0
36.75,112.0,18832,1.0
36.75,112.25,18833,1.0
36.75,112.5,18834,1.0
36.75,112.75,18835,1.0
36.75,113.0,18836,1.0
36.75,113.25,18837,1.0
36.75,113.5,18838,1.0
36.75,113.75,18839,1.0
36.75,114.0,18840,1.0
36.75,114.25,18841,1.0
36.75,114.5,18842,1.0
36.75,114.75,18843,1.0
36.75,115.0,18844,1.0
36.75,115.25,18845,1.0
36.75,115.5,18846,1.0
36.75,115.75,18847,1.0
36.75,116.0,18848,1.0
36.75,116.25,18849,1.0
36.75,116.5,18850,1.0
36.75,116.75,18851,1.0
36.75,117.0,18852,1.0
36.75,117.25,18853,1.0
36.75,117.5,18854,1.0
36.75,117.75,18855,1.0
36.75,118.0,18856,1.0
36.75,118.25,18857,1.0
36.75,118.5,18858,1.0
36.75,118.75,18859,1.0
36.75,119.0,18860,1.0
36.75,119.25,18861,1.0
36.75,119.5,18862,1.0
36.75,119.75,18863,1.0
36.75,120.0,18864,1.0
36.75,120.25,18865,1.0
36.75,120.5,18866,1.0
36.75,120.75,18867,1.0
36.75,121.0,18868,1.0
36.75,121.25,18869,1.0
37.0,75.0,18933,1.0
37.0,75.25,18934,1.0
37.0,75.5,18935,1.0
37.0,75.75,18936,1.0
37.0,76.0,18937,1.0
37.0,76.25,18938,1.0
37.0,76.5,18939,1.0
37.0,76.75,18940,1.0
37.0,77.0,18941,1.0
37.0,77.25,18942,1.0
37.0,77.5,18943,1.0
37.0,77.75,18944,1.0
37.0,78.0,18945,1.0
37.0,78.25,18946,1.0
37.0,78.5,18947,1.0
37.0,78.75,18948,1.0
37.0,79.0,18949,1.0
37.0,79.25,18950,1.0
37.0,79.5,18951,1.0
37.0,79.75,18952,1.0
37.0,80.0,18953,1.0
37.0,80.25,18954,1.0
37.0,80.5,18955,1.0
37.0,80.75,18956,1.0
37.0,81.0,18957,1.0
37.0,81.25,18958,1.0
37.0,81.5,18959,1.0
37.0,81.75,18960,1.0
37.0,82.0,18961,1.0
37.0,82.25,18962,1.0
37.0,82.5,18963,1.0
37.0,82.75,18964,1.0
37.0,83.0,18965,1.0
37.0,83.25,18966,1.0
37.0,83.5,18967,1.0
37.0,83.75,18968,1.0
37.0,84.0,18969,1.0
37.0,84.25,18970,1.0
37.0,84.5,18971,1.0
37.0,84.75,18972,1.0
37.0,85.0,18973,1.0
37.0,85.25,18974,1.0
37.0,85.5,18975,1.0
37.0,85.75,18976,1.0
37.0,86.0,18977,1.0
37.0,86.25,18978,1.0
37.0,86.5,18979,1.0
37.0,86.75,18980,1.0
37.0,87.0,18981,1.0
37.0,87.25,18982,1.0
37.0,87.5,18983,1.0
37.0,87.75,18984,1.0
37.0,88.0,18985,1.0
37.0,88.25,18986,1.0
37.0,88.5,18987,1.0
37.0,88.75,18988,1.0
37.0,89.0,18989,1.0
37.0,89.25,18990,1.0
37.0,89.5,18991,1.0
37.0,89.75,18992,1.0
37.0,90.0,18993,1.0
37.0,90.25,18994,1.0
37.0,90.5,18995,1.0
37.0,90.75,18996,1.0
37.0,91.0,18997,1.0
37.0,91.25,18998,1.0
37.0,91.5,18999,1.0
37.0,91.75,19000,1.0
37.0,92.0,19001,1.0
37.0,92.25,19002,1.0
37.0,92.5,19003,1.0
37.0,92.75,19004,1.0
37.0,93.0,19005,1.0
37.0,93.25,19006,1.0
37.0,93.5,19007,1.0
37.0,93.75,19008,1.0
37.0,94.0,19009,1.0
37.0,94.25,19010,1.0
37.0,94.5,19011,1.0
37.0,94.75,19012,1.0
37.0,95.0,19013,1.0
37.0,95.25,19014,1.0
37.0,95.5,19015,1.0
37.0,95.75,19016,1.0
37.0,96.0,19017,1.0
37.0,96.25,19018,1.0
37.0,96.5,19019,1.0
37.0,96.75,19020,1.0
37.0,97.0,19021,1.0
37.0,97.25,19022,1.0
37.0,97.5,19023,1.0
37.0,97.75,19024,1.0
37.0,98.0,19025,1.0
37.0,98.25,19026,1.0
37.0,98.5,19027,1.0
37.0,98.75,19028,1.0
37.0,99.0,19029,1.0
37.0,99.25,19030,1.0
37.0,99.5,19031,1.0
37.0,99.75,19032,1.0
37.0,100.0,19033,1.0
37.0,100.25,19034,1.0
37.0,100.5,19035,1.0
37.0,100.75,19036,1.0
37.0,101.0,19037,1.0
37.0,101.25,19038,1.0
37.0,101.5,19039,1.0
37.0,101.75,19040,1.0
37.0,102.0,19041,1.0
37.0,102.25,19042,1.0
37.0,102.5,19043,1.0
37.0,102.75,19044,1.0
37.0,103.0,19045,1.0
37.0,103.25,19046,1.0
37.0,103.5,19047,1.0
37.0,103.75,19048,1.0
37.0,104.0,19049,1.0
37.0,104.25,19050,1.0
37.0,104.5,19051,1.0
37.0,104.75,19052,1.0
37.0,105.0,19053,1.0
37.0,105.25,19054,1.0
37.0,105.5,19055,1.0
37.0,105.75,19056,1.0
37.0,106.0,19057,1.0
37.0,106.25,19058,1.0
37.0,106.5,19059,1.0
37.0,106.75,19060,1.0
37.0,107.0,19061,1.0
37.0,107.25,19062,1.0
37.0,107.5,19063,1.0
37.0,107.75,19064,1.0
37.0,108.0,19065,1.0
37.0,108.25,19066,1.0
37.0,108.5,19067,1.0
37.0,108.75,19068,1.0
37.0,109.0,19069,1.0
37.0,109.25,19070,1.0
37.0,109.5,19071,1.0
37.0,109.75,19072,1.0
37.0,110.0,19073,1.0
37.0,110.25,19074,1.0
37.0,110.5,19075,1.0
37.0,110.75,19076,1.0
37.0,111.0,19077,1.0
37.0,111.25,19078,1.0
37.0,111.5,19079,1.0
37.0,111.75,19080,1.0
37.0,112.0,19081,1.0
37.0,112.25,19082,1.0
37.0,112.5,19083,1.0
37.0,112.75,19084,1.0
37.0,113.0,19085,1.0
37.0,113.25,19086,1.0
37.0,113.5,19087,1.0
37.0,113.75,19088,1.0
37.0,114.0,19089,1.0
37.0,114.25,19090,1.0
37.0,114.5,19091,1.0
37.0,114.75,19092,1.0
37.0,115.0,19093,1.0
37.0,115.25,19094,1.0
37.0,115.5,19095,1.0
37.0,115.75,19096,1.0
37.0,116.0,19097,1.0
37.0,116.25,19098,1.0
37.0,116.5,19099,1.0
37.0,116.75,19100,1.0
37.0,117.0,19101,1.0
37.0,117.25,19102,1.0
37.0,117.5,19103,1.0
37.0,117.75,19104,1.0
37.0,118.0,19105,1.0
37.0,118.25,19106,1.0
37.0,118.5,19107,1.0
37.0,118.75,19108,1.0
37.0,119.0,19109,1.0
37.0,119.25,19110,1.0
37.0,119.5,19111,1.0
37.0,119.75,19112,1.0
37.0,120.0,19113,1.0
37.0,120.25,19114,1.0
37.0,120.5,19115,1.0
37.0,120.75,19116,1.0
37.0,121.0,19117,1.0
37.0,121.25,19118,1.0
37.0,121.5,19119,1.0
37.0,121.75,19120,1.0
37.0,122.0,19121,1.0
37.0,122.25,19122,1.0
37.0,122.5,19123,1.0
37.25,74.75,19181,1.0
37.25,75.0,19182,1.0
37.25,75.25,19183,1.0
37.25,75.5,19184,1.0
37.25,75.75,19185,1.0
37.25,76.0,19186,1.0
37.25,76.25,19187,1.0
37.25,76.5,19188,1.0
37.25,76.75,19189,1.0
37.25,77.0,19190,1.0
37.25,77.25,19191,1.0
37.25,77.5,19192,1.0
37.25,77.75,19193,1.0
37.25,78.0,19194,1.0
37.25,78.25,19195,1.0
37.25,78.5,19196,1.0
37.25,78.75,19197,1.0
37.25,79.0,19198,1.0
37.25,79.25,19199,1.0
37.25,79.5,19200,1.0
37.25,79.75,19201,1.0
37.25,80.0,19202,1.0
37.25,80.25,19203,1.0
37.25,80.5,19204,1.0
37.25,80.75,19205,1.0
37.25,81.0,19206,1.0
37.25,81.25,19207,1.0
37.25,81.5,19208,1.0
37.25,81.75,19209,1.0
37.25,82.0,19210,1.0
37.25,82.25,19211,1.0
37.25,82.5,19212,1.0
37.25,82.75,19213,1.0
37.25,83.0,19214,1.0
37.25,83.25,19215,1.0
37.25,83.5,19216,1.0
37.25,83.75,19217,1.0
37.25,84.0,19218,1.0
37.25,84.25,19219,1.0
37.25,84.5,19220,1.0
37.25,84.75,19221,1.0
37.25,85.0,19222,1.0
37.25,85.25,19223,1.0
37.25,85.5,19224,1.0
37.25,85.75,19225,1.0
37.25,86.0,19226,1.0
37.25,86.25,19227,1.0
37.25,86.5,19228,1.0
37.25,86.75,19229,1.0
37.25,87.0,19230,1.0
37.25,87.25,19231,1.0
37.25,87.5,19232,1.0
37.25,87.75,19233,1.0
37.25,88.0,19234,1.0
37.25,88.25,19235,1.0
37.25,88.5,19236,1.0
37.25,88.75,19237,1.0
37.25,89.0,19238,1.0
37.25,89.25,19239,1.0
37.25,89.5,19240,1.0
37.25,89.75,19241,1.0
37.25,90.0,19242,1.0
37.25,90.25,19243,1.0
37.25,90.5,19244,1.0
37.25,90.75,19245,1.0
37.25,91.0,19246,1.0
37.25,91.25,19247,1.0
37.25,91.5,19248,1.0
37.25,91.75,19249,1.0
37.25,92.0,19250,1.0
37.25,92.25,19251,1.0
37.25,92.5,19252,1.0
37.25,92.75,19253,1.0
37.25,93.0,19254,1.0
37.25,93.25,19255,1.0
37.25,93.5,19256,1.0
37.25,93.75,19257,1.0
37.25,94.0,19258,1.0
37.25,94.25,19259,1.0
37.25,94.5,19260,1.0
37.25,94.75,19261,1.0
37.25,95.0,19262,1.0
37.25,95.25,19263,1.0
37.25,95.5,19264,1.0
37.25,95.75,19265,1.0
37.25,96.0,19266,1.0
37.25,96.25,19267,1.0
37.25,96.5,19268,1.0
37.25,96.75,19269,1.0
37.25,97.0,19270,1.0
37.25,97.25,19271,1.0
37.25,97.5,19272,1.0
37.25,97.75,19273,1.0
37.25,98.0,19274,1.0
37.25,98.25,19275,1.0
37.25,98.5,19276,1.0
37.25,98.75,19277,1.0
37.25,99.0,19278,1.0
37.25,99.25,19279,1.0
37.25,99.5,19280,1.0
37.25,99.75,19281,1.0
37.25,100.0,19282,1.0
37.25,100.25,19283,1.0
37.25,100.5,19284,1.0
37.25,100.75,19285,1.0
37.25,101.0,19286,1.0
37.25,101.25,19287,1.0
37.25,101.5,19288,1.0
37.25,101.75,19289,1.0
37.25,102.0,19290,1.0
37.25,102.25,19291,1.0
37.25,102.5,19292,1.0
37.25,102.75,19293,1.0
37.25,103.0,19294,1.0
37.25,103.25,19295,1.0
37.25,103.5,19296,1.0
37.25,103.75,19297,1.0
37.25,104.0,19298,1.0
37.25,104.25,19299,1.0
37.25,104.5,19300,1.0
37.25,104.75,19301,1.0
37.25,105.0,19302,1.0
37.25,105.25,19303,1.0
37.25,105.5,19304,1.0
37.25,105.75,19305,1.0
37.25,106.0,19306,1.0
37.25,106.25,19307,1.0
37.25,106.5,19308,1.0
37.25,106.75,19309,1.0
37.25,107.0,19310,1.0
37.25,107.25,19311,1.0
37.25,107.5,19312,1.0
37.25,107.75,19313,1.0
37.25,108.0,19314,1.0
37.25,108.25,19315,1.0
37.25,108.5,19316,1.0
37.25,108.75,19317,1.0
37.25,109.0,19318,1.0
37.25,109.25,19319,1.0
37.25,109.5,19320,1.0
37.25,109.75,19321,1.0
37.25,110.0,19322,1.0
37.25,110.25,19323,1.0
37.25,110.5,19324,1.0
37.25,110.75,19325,1.0
37.25,111.0,19326,1.0
37.25,111.25,19327,1.0
37.25,111.5,19328,1.0
37.25,111.75,19329,1.0
37.25,112.0,19330,1.0
37.25,112.25,19331,1.0
37.25,112.5,19332,1.0
37.25,112.75,19333,1.0
37.25,113.0,19334,1.0
37.25,113.25,19335,1.0
37.25,113.5,19336,1.0
37.25,113.75,19337,1.0
37.25,114.0,19338,1.0
37.25,114.25,19339,1.0
37.25,114.5,19340,1.0
37.25,114.75,19341,1.0
37.25,115.0,19342,1.0
37.25,115.25,19343,1.0
37.25,115.5,19344,1.0
37.25,115.75,19345,1.0
37.25,116.0,19346,1.0
37.25,116.25,19347,1.0
37.25,116.5,19348,1.0
37.25,116.75,19349,1.0
37.25,117.0,19350,1.0
37.25,117.25,19351,1.0
37.25,117.5,19352,1.0
37.25,117.75,19353,1.0
37.25,118.0,19354,1.0
37.25,118.25,19355,1.0
37.25,118.5,19356,1.0
37.25,118.75,19357,1.0
37.25,119.0,19358,1.0
37.25,120.0,19362,1.0
37.25,120.25,19363,1.0
37.25,120.5,19364,1.0
37.25,120.75,19365,1.0
37.25,121.0,19366,1.0
37.25,121.25,19367,1.0
37.25,121.5,19368,1.0
37.25,121.75,19369,1.0
37.25,122.0,19370,1.0
37.25,122.25,19371,1.0
37.25,122.5,19372,1.0
37.5,75.25,19432,1.0
37.5,75.5,19433,1.0
37.5,75.75,19434,1.0
37.5,76.0,19435,1.0
37.5,76.25,19436,1.0
37.5,76.5,19437,1.0
37.5,76.75,19438,1.0
37.5,77.0,19439,1.0
37.5,77.25,19440,1.0
37.5,77.5,19441,1.0
37.5,77.75,19442,1.0
37.5,78.0,19443,1.0
37.5,78.25,19444,1.0
37.5,78.5,19445,1.0
37.5,78.75,19446,1.0
37.5,79.0,19447,1.0
37.5,79.25,19448,1.0
37.5,79.5,19449,1.0
37.5,79.75,19450,1.0
37.5,80.0,19451,1.0
37.5,80.25,19452,1.0
37.5,80.5,19453,1.0
37.5,80.75,19454,1.0
37.5,81.0,19455,1.0
37.5,81.25,19456,1.0
37.5,81.5,19457,1.0
37.5,81.75,19458,1.0
37.5,82.0,19459,1.0
37.5,82.25,19460,1.0
37.5,82.5,19461,1.0
37.5,82.75,19462,1.0
37.5,83.0,19463,1.0
37.5,83.25,19464,1.0
37.5,83.5,19465,1.0
37.5,83.75,19466,1.0
37.5,84.0,19467,1.0
37.5,84.25,19468,1.0
37.5,84.5,19469,1.0
37.5,84.75,19470,1.0
37.5,85.0,19471,1.0
37.5,85.25,19472,1.0
37.5,85.5,19473,1.0
37.5,85.75,19474,1.0
37.5,86.0,19475,1.0
37.5,86.25,19476,1.0
37.5,86.5,19477,1.0
37.5,86.75,19478,1.0
37.5,87.0,19479,1.0
37.5,87.25,19480,1.0
37.5,87.5,19481,1.0
37.5,87.75,19482,1.0
37.5,88.0,19483,1.0
37.5,88.25,19484,1.0
37.5,88.5,19485,1.0
37.5,88.75,19486,1.0
37.5,89.0,19487,1.0
37.5,89.25,19488,1.0
37.5,89.5,19489,1.0
37.5,89.75,19490,1.0
37.5,90.0,19491,1.0
37.5,90.25,19492,1.0
37.5,90.5,19493,1.0
37.5,90.75,19494,1.0
37.5,91.0,19495,1.0
37.5,91.25,19496,1.0
37.5,91.5,19497,1.0
37.5,91.75,19498,1.0
37.5,92.0,19499,1.0
37.5,92.25,19500,1.0
37.5,92.5,19501,1.0
37.5,92.75,19502,1.0
37.5,93.0,19503,1.0
37.5,93.25,19504,1.0
37.5,93.5,19505,1.0
37.5,93.75,19506,1.0
37.5,94.0,19507,1.0
37.5,94.25,19508,1.0
37.5,94.5,19509,1.0
37.5,94.75,19510,1.0
37.5,95.0,19511,1.0
37.5,95.25,19512,1.0
37.5,95.5,19513,1.0
37.5,95.75,19514,1.0
37.5,96.0,19515,1.0
37.5,96.25,19516,1.0
37.5,96.5,19517,1.0
37.5,96.75,19518,1.0
37.5,97.0,19519,1.0
37.5,97.25,19520,1.0
37.5,97.5,19521,1.0
37.5,97.75,19522,1.0
37.5,98.0,19523,1.0
37.5,98.25,19524,1.0
37.5,98.5,19525,1.0
37.5,98.75,19526,1.0
37.5,99.0,19527,1.0
37.5,99.25,19528,1.0
37.5,99.5,19529,1.0
37.5,99.75,19530,1.0
37.5,100.0,19531,1.0
37.5,100.25,19532,1.0
37.5,100.5,19533,1.0
37.5,100.75,19534,1.0
37.5,101.0,19535,1.0
37.5,101.25,19536,1.0
37.5,101.5,19537,1.0
37.5,101.75,19538,1.0
37.5,102.0,19539,1.0
37.5,102.25,19540,1.0
37.5,102.5,19541,1.0
37.5,102.75,19542,1.0
37.5,103.0,19543,1.0
37.5,103.25,19544,1.0
37.5,103.5,19545,1.0
37.5,103.75,19546,1.0
37.5,104.0,19547,1.0
37.5,104.25,19548,1.0
37.5,104.5,19549,1.0
37.5,104.75,19550,1.0
37.5,105.0,19551,1.0
37.5,105.25,19552,1.0
37.5,105.5,19553,1.0
37.5,105.75,19554,1.0
37.5,106.0,19555,1.0
37.5,106.25,19556,1.0
37.5,106.5,19557,1.0
37.5,106.75,19558,1.0
37.5,107.0,19559,1.0
37.5,107.25,19560,1.0
37.5,107.5,19561,1.0
37.5,107.75,19562,1.0
37.5,108.0,19563,1.0
37.5,108.25,19564,1.0
37.5,108.5,19565,1.0
37.5,108.75,19566,1.0
37.5,109.0,19567,1.0
37.5,109.25,19568,1.0
37.5,109.5,19569,1.0
37.5,109.75,19570,1.0
37.5,110.0,19571,1.0
37.5,110.25,19572,1.0
37.5,110.5,19573,1.0
37.5,110.75,19574,1.0
37.5,111.0,19575,1.0
37.5,111.25,19576,1.0
37.5,111.5,19577,1.0
37.5,111.75,19578,1.0
37.5,112.0,19579,1.0
37.5,112.25,19580,1.0
37.5,112.5,19581,1.0
37.5,112.75,19582,1.0
37.5,113.0,19583,1.0
37.5,113.25,19584,1.0
37.5,113.5,19585,1.0
37.5,113.75,19586,1.0
37.5,114.0,19587,1.0
37.5,114.25,19588,1.0
37.5,114.5,19589,1.0
37.5,114.75,19590,1.0
37.5,115.0,19591,1.0
37.5,115.25,19592,1.0
37.5,115.5,19593,1.0
37.5,115.75,19594,1.0
37.5,116.0,19595,1.0
37.5,116.25,19596,1.0
37.5,116.5,19597,1.0
37.5,116.75,19598,1.0
37.5,117.0,19599,1.0
37.5,117.25,19600,1.0
37.5,117.5,19601,1.0
37.5,117.75,19602,1.0
37.5,118.0,19603,1.0
37.5,118.25,19604,1.0
37.5,118.5,19605,1.0
37.5,118.75,19606,1.0
37.5,120.25,19612,1.0
37.5,120.5,19613,1.0
37.5,120.75,19614,1.0
37.5,121.0,19615,1.0
37.5,121.25,19616,1.0
37.5,121.5,19617,1.0
37.75,75.0,19680,1.0
37.75,75.25,19681,1.0
37.75,75.5,19682,1.0
37.75,75.75,19683,1.0
37.75,76.0,19684,1.0
37.75,76.25,19685,1.0
37.75,76.5,19686,1.0
37.75,76.75,19687,1.0
37.75,77.0,19688,1.0
37.75,77.25,19689,1.0
37.75,77.5,19690,1.0
37.75,77.75,19691,1.0
37.75,78.0,19692,1.0
37.75,78.25,19693,1.0
37.75,78.5,19694,1.0
37.75,78.75,19695,1.0
37.75,79.0,19696,1.0
37.75,79.25,19697,1.0
37.75,79.5,19698,1.0
37.75,79.75,19699,1.0
37.75,80.0,19700,1.0
37.75,80.25,19701,1.0
37.75,80.5,19702,1.0
37.75,80.75,19703,1.0
37.75,81.0,19704,1.0
37.75,81.25,19705,1.0
37.75,81.5,19706,1.0
37.75,81.75,19707,1.0
37.75,82.0,19708,1.0
37.75,82.25,19709,1.0
37.75,82.5,19710,1.0
37.75,82.75,19711,1.0
37.75,83.0,19712,1.0
37.75,83.25,19713,1.0
37.75,83.5,19714,1.0
37.75,83.75,19715,1.0
37.75,84.0,19716,1.0
37.75,84.25,19717,1.0
37.75,84.5,19718,1.0
37.75,84.75,19719,1.0
37.75,85.0,19720,1.0
37.75,85.25,19721,1.0
37.75,85.5,19722,1.0
37.75,85.75,19723,1.0
37.75,86.0,19724,1.0
37.75,86.25,19725,1.0
37.75,86.5,19726,1.0
37.75,86.75,19727,1.0
37.75,87.0,19728,1.0
37.75,87.25,19729,1.0
37.75,87.5,19730,1.0
37.75,87.75,19731,1.0
37.75,88.0,19732,1.0
37.75,88.25,19733,1.0
37.75,88.5,19734,1.0
37.75,88.75,19735,1.0
37.75,89.0,19736,1.0
37.75,89.25,19737,1.0
37.75,89.5,19738,1.0
37.75,89.75,19739,1.0
37.75,90.0,19740,1.0
37.75,90.25,19741,1.0
37.75,90.5,19742,1.0
37.75,90.75,19743,1.0
37.75,91.0,19744,1.0
37.75,91.25,19745,1.0
37.75,91.5,19746,1.0
37.75,91.75,19747,1.0
37.75,92.0,19748,1.0
37.75,92.25,19749,1.0
37.75,92.5,19750,1.0
37.75,92.75,19751,1.0
37.75,93.0,19752,1.0
37.75,93.25,19753,1.0
37.75,93.5,19754,1.0
37.75,93.75,19755,1.0
37.75,94.0,19756,1.0
37.75,94.25,19757,1.0
37.75,94.5,19758,1.0
37.75,94.75,19759,1.0
37.75,95.0,19760,1.0
37.75,95.25,19761,1.0
37.75,95.5,19762,1.0
37.75,95.75,19763,1.0
37.75,96.0,19764,1.0
37.75,96.25,19765,1.0
37.75,96.5,19766,1.0
37.75,96.75,19767,1.0
37.75,97.0,19768,1.0
37.75,97.25,19769,1.0
37.75,97.5,19770,1.0
37.75,97.75,19771,1.0
37.75,98.0,19772,1.0
37.75,98.25,19773,1.0
37.75,98.5,19774,1.0
37.75,98.75,19775,1.0
37.75,99.0,19776,1.0
37.75,99.25,19777,1.0
37.75,99.5,19778,1.0
37.75,99.75,19779,1.0
37.75,100.0,19780,1.0
37.75,100.25,19781,1.0
37.75,100.5,19782,1.0
37.75,100.75,19783,1.0
37.75,101.0,19784,1.0
37.75,101.25,19785,1.0
37.75,101.5,19786,1.0
37.75,101.75,19787,1.0
37.75,102.0,19788,1.0
37.75,102.25,19789,1.0
37.75,102.5,19790,1.0
37.75,102.75,19791,1.0
37.75,103.0,19792,1.0
37.75,103.25,19793,1.0
37.75,103.5,19794,1.0
37.75,103.75,19795,1.0
37.75,104.0,19796,1.0
37.75,104.25,19797,1.0
37.75,104.5,19798,1.0
37.75,104.75,19799,1.0
37.75,105.0,19800,1.0
37.75,105.25,19801,1.0
37.75,105.5,19802,1.0
37.75,105.75,19803,1.0
37.75,106.0,19804,1.0
37.75,106.25,19805,1.0
37.75,106.5,19806,1.0
37.75,106.75,19807,1.0
37.75,107.0,19808,1.0
37.75,107.25,19809,1.0
37.75,107.5,19810,1.0
37.75,107.75,19811,1.0
37.75,108.0,19812,1.0
37.75,108.25,19813,1.0
37.75,108.5,19814,1.0
37.75,108.75,19815,1.0
37.75,109.0,19816,1.0
37.75,109.25,19817,1.0
37.75,109.5,19818,1.0
37.75,109.75,19819,1.0
37.75,110.0,19820,1.0
37.75,110.25,19821,1.0
37.75,110.5,19822,1.0
37.75,110.75,19823,1.0
37.75,111.0,19824,1.0
37.75,111.25,19825,1.0
37.75,111.5,19826,1.0
37.75,111.75,19827,1.0
37.75,112.0,19828,1.0
37.75,112.25,19829,1.0
37.75,112.5,19830,1.0
37.75,112.75,19831,1.0
37.75,113.0,19832,1.0
37.75,113.25,19833,1.0
37.75,113.5,19834,1.0
37.75,113.75,19835,1.0
37.75,114.0,19836,1.0
37.75,114.25,19837,1.0
37.75,114.5,19838,1.0
37.75,114.75,19839,1.0
37.75,115.0,19840,1.0
37.75,115.25,19841,1.0
37.75,115.5,19842,1.0
37.75,115.75,19843,1.0
37.75,116.0,19844,1.0
37.75,116.25,19845,1.0
37.75,116.5,19846,1.0
37.75,116.75,19847,1.0
37.75,117.0,19848,1.0
37.75,117.25,19849,1.0
37.75,117.5,19850,1.0
37.75,117.75,19851,1.0
37.75,118.0,19852,1.0
37.75,118.25,19853,1.0
37.75,118.5,19854,1.0
37.75,118.75,19855,1.0
37.75,119.0,19856,1.0
37.75,120.75,19863,1.0
38.0,75.0,19929,1.0
38.0,75.25,19930,1.0
38.0,75.5,19931,1.0
38.0,75.75,19932,1.0
38.0,76.0,19933,1.0
38.0,76.25,19934,1.0
38.0,76.5,19935,1.0
38.0,76.75,19936,1.0
38.0,77.0,19937,1.0
38.0,77.25,19938,1.0
38.0,77.5,19939,1.0
38.0,77.75,19940,1.0
38.0,78.0,19941,1.0
38.0,78.25,19942,1.0
38.0,78.5,19943,1.0
38.0,78.75,19944,1.0
38.0,79.0,19945,1.0
38.0,79.25,19946,1.0
38.0,79.5,19947,1.0
38.0,79.75,19948,1.0
38.0,80.0,19949,1.0
38.0,80.25,19950,1.0
38.0,80.5,19951,1.0
38.0,80.75,19952,1.0
38.0,81.0,19953,1.0
38.0,81.25,19954,1.0
38.0,81.5,19955,1.0
38.0,81.75,19956,1.0
38.0,82.0,19957,1.0
38.0,82.25,19958,1.0
38.0,82.5,19959,1.0
38.0,82.75,19960,1.0
38.0,83.0,19961,1.0
38.0,83.25,19962,1.0
38.0,83.5,19963,1.0
38.0,83.75,19964,1.0
38.0,84.0,19965,1.0
38.0,84.25,19966,1.0
38.0,84.5,19967,1.0
38.0,84.75,19968,1.0
38.0,85.0,19969,1.0
38.0,85.25,19970,1.0
38.0,85.5,19971,1.0
38.0,85.75,19972,1.0
38.0,86.0,19973,1.0
38.0,86.25,19974,1.0
38.0,86.5,19975,1.0
38.0,86.75,19976,1.0
38.0,87.0,19977,1.0
38.0,87.25,19978,1.0
38.0,87.5,19979,1.0
38.0,87.75,19980,1.0
38.0,88.0,19981,1.0
38.0,88.25,19982,1.0
38.0,88.5,19983,1.0
38.0,88.75,19984,1.0
38.0,89.0,19985,1.0
38.0,89.25,19986,1.0
38.0,89.5,19987,1.0
38.0,89.75,19988,1.0
38.0,90.0,19989,1.0
38.0,90.25,19990,1.0
38.0,90.5,19991,1.0
38.0,90.75,19992,1.0
38.0,91.0,19993,1.0
38.0,91.25,19994,1.0
38.0,91.5,19995,1.0
38.0,91.75,19996,1.0
38.0,92.0,19997,1.0
38.0,92.25,19998,1.0
38.0,92.5,19999,1.0
38.0,92.75,20000,1.0
38.0,93.0,20001,1.0
38.0,93.25,20002,1.0
38.0,93.5,20003,1.0
38.0,93.75,20004,1.0
38.0,94.0,20005,1.0
38.0,94.25,20006,1.0
38.0,94.5,20007,1.0
38.0,94.75,20008,1.0
38.0,95.0,20009,1.0
38.0,95.25,20010,1.0
38.0,95.5,20011,1.0
38.0,95.75,20012,1.0
38.0,96.0,20013,1.0
38.0,96.25,20014,1.0
38.0,96.5,20015,1.0
38.0,96.75,20016,1.0
38.0,97.0,20017,1.0
38.0,97.25,20018,1.0
38.0,97.5,20019,1.0
38.0,97.75,20020,1.0
38.0,98.0,20021,1.0
38.0,98.25,20022,1.0
38.0,98.5,20023,1.0
38.0,98.75,20024,1.0
38.0,99.0,20025,1.0
38.0,99.25,20026,1.0
38.0,99.5,20027,1.0
38.0,99.75,20028,1.0
38.0,100.0,20029,1.0
38.0,100.25,20030,1.0
38.0,100.5,20031,1.0
38.0,100.75,20032,1.0
38.0,101.0,20033,1.0
38.0,101.25,20034,1.0
38.0,101.5,20035,1.0
38.0,101.75,20036,1.0
38.0,102.0,20037,1.0
38.0,102.25,20038,1.0
38.0,102.5,20039,1.0
38.0,102.75,20040,1.0
38.0,103.0,20041,1.0
38.0,103.25,20042,1.0
38.0,103.5,20043,1.0
38.0,103.75,20044,1.0
38.0,104.0,20045,1.0
38.0,104.25,20046,1.0
38.0,104.5,20047,1.0
38.0,104.75,20048,1.0
38.0,105.0,20049,1.0
38.0,105.25,20050,1.0
38.0,105.5,20051,1.0
38.0,105.75,20052,1.0
38.0,106.0,20053,1.0
38.0,106.25,20054,1.0
38.0,106.5,20055,1.0
38.0,106.75,20056,1.0
38.0,107.0,20057,1.0
38.0,107.25,20058,1.0
38.0,107.5,20059,1.0
38.0,107.75,20060,1.0
38.0,108.0,20061,1.0
38.0,108.25,20062,1.0
38.0,108.5,20063,1.0
38.0,108.75,20064,1.0
38.0,109.0,20065,1.0
38.0,109.25,20066,1.0
38.0,109.5,20067,1.0
38.0,109.75,20068,1.0
38.0,110.0,20069,1.0
38.0,110.25,20070,1.0
38.0,110.5,20071,1.0
38.0,110.75,20072,1.0
38.0,111.0,20073,1.0
38.0,111.25,20074,1.0
38.0,111.5,20075,1.0
38.0,111.75,20076,1.0
38.0,112.0,20077,1.0
38.0,112.25,20078,1.0
38.0,112.5,20079,1.0
38.0,112.75,20080,1.0
38.0,113.0,20081,1.0
38.0,113.25,20082,1.0
38.0,113.5,20083,1.0
38.0,113.75,20084,1.0
38.0,114.0,20085,1.0
38.0,114.25,20086,1.0
38.0,114.5,20087,1.0
38.0,114.75,20088,1.0
38.0,115.0,20089,1.0
38.0,115.25,20090,1.0
38.0,115.5,20091,1.0
38.0,115.75,20092,1.0
38.0,116.0,20093,1.0
38.0,116.25,20094,1.0
38.0,116.5,20095,1.0
38.0,116.75,20096,1.0
38.0,117.0,20097,1.0
38.0,117.25,20098,1.0
38.0,117.5,20099,1.0
38.0,117.75,20100,1.0
38.0,118.0,20101,1.0
38.0,118.25,20102,1.0
38.0,118.5,20103,1.0
38.0,118.75,20104,1.0
38.25,75.0,20178,1.0
38.25,75.25,20179,1.0
38.25,75.5,20180,1.0
38.25,75.75,20181,1.0
38.25,76.0,20182,1.0
38.25,76.25,20183,1.0
38.25,76.5,20184,1.0
38.25,76.75,20185,1.0
38.25,77.0,20186,1.0
38.25,77.25,20187,1.0
38.25,77.5,20188,1.0
38.25,77.75,20189,1.0
38.25,78.0,20190,1.0
38.25,78.25,20191,1.0
38.25,78.5,20192,1.0
38.25,78.75,20193,1.0
38.25,79.0,20194,1.0
38.25,79.25,20195,1.0
38.25,79.5,20196,1.0
38.25,79.75,20197,1.0
38.25,80.0,20198,1.0
38.25,80.25,20199,1.0
38.25,80.5,20200,1.0
38.25,80.75,20201,1.0
38.25,81.0,20202,1.0
38.25,81.25,20203,1.0
38.25,81.5,20204,1.0
38.25,81.75,20205,1.0
38.25,82.0,20206,1.0
38.25,82.25,20207,1.0
38.25,82.5,20208,1.0
38.25,82.75,20209,1.0
38.25,83.0,20210,1.0
38.25,83.25,20211,1.0
38.25,83.5,20212,1.0
38.25,83.75,20213,1.0
38.25,84.0,20214,1.0
38.25,84.25,20215,1.0
38.25,84.5,20216,1.0
38.25,84.75,20217,1.0
38.25,85.0,20218,1.0
38.25,85.25,20219,1.0
38.25,85.5,20220,1.0
38.25,85.75,20221,1.0
38.25,86.0,20222,1.0
38.25,86.25,20223,1.0
38.25,86.5,20224,1.0
38.25,86.75,20225,1.0
38.25,87.0,20226,1.0
38.25,87.25,20227,1.0
38.25,87.5,20228,1.0
38.25,87.75,20229,1.0
38.25,88.0,20230,1.0
38.25,88.25,20231,1.0
38.25,88.5,20232,1.0
38.25,88.75,20233,1.0
38.25,89.0,20234,1.0
38.25,89.25,20235,1.0
38.25,89.5,20236,1.0
38.25,89.75,20237,1.0
38.25,90.0,20238,1.0
38.25,90.25,20239,1.0
38.25,90.5,20240,1.0
38.25,90.75,20241,1.0
38.25,91.0,20242,1.0
38.25,91.25,20243,1.0
38.25,91.5,20244,1.0
38.25,91.75,20245,1.0
38.25,92.0,20246,1.0
38.25,92.25,20247,1.0
38.25,92.5,20248,1.0
38.25,92.75,20249,1.0
38.25,93.0,20250,1.0
38.25,93.25,20251,1.0
38.25,93.5,20252,1.0
38.25,93.75,20253,1.0
38.25,94.0,20254,1.0
38.25,94.25,20255,1.0
38.25,94.5,20256,1.0
38.25,94.75,20257,1.0
38.25,95.0,20258,1.0
38.25,95.25,20259,1.0
38.25,95.5,20260,1.0
38.25,95.75,20261,1.0
38.25,96.0,20262,1.0
38.25,96.25,20263,1.0
38.25,96.5,20264,1.0
38.25,96.75,20265,1.0
38.25,97.0,20266,1.0
38.25,97.25,20267,1.0
38.25,97.5,20268,1.0
38.25,97.75,20269,1.0
38.25,98.0,20270,1.0
38.25,98.25,20271,1.0
38.25,98.5,20272,1.0
38.25,98.75,20273,1.0
38.25,99.0,20274,1.0
38.25,99.25,20275,1.0
38.25,99.5,20276,1.0
38.25,99.75,20277,1.0
38.25,100.0,20278,1.0
38.25,100.25,20279,1.0
38.25,100.5,20280,1.0
38.25,100.75,20281,1.0
38.25,101.0,20282,1.0
38.25,101.25,20283,1.0
38.25,101.5,20284,1.0
38.25,101.75,20285,1.0
38.25,102.0,20286,1.0
38.25,102.25,20287,1.0
38.25,102.5,20288,1.0
38.25,102.75,20289,1.0
38.25,103.0,20290,1.0
38.25,103.25,20291,1.0
38.25,103.5,20292,1.0
38.25,103.75,20293,1.0
38.25,104.0,20294,1.0
38.25,104.25,20295,1.0
38.25,104.5,20296,1.0
38.25,104.75,20297,1.0
38.25,105.0,20298,1.0
38.25,105.25,20299,1.0
38.25,105.5,20300,1.0
38.25,105.75,20301,1.0
38.25,106.0,20302,1.0
38.25,106.25,20303,1.0
38.25,106.5,20304,1.0
38.25,106.75,20305,1.0
38.25,107.0,20306,1.0
38.25,107.25,20307,1.0
38.25,107.5,20308,1.0
38.25,107.75,20309,1.0
38.25,108.0,20310,1.0
38.25,108.25,20311,1.0
38.25,108.5,20312,1.0
38.25,108.75,20313,1.0
38.25,109.0,20314,1.0
38.25,109.25,20315,1.0
38.25,109.5,20316,1.0
38.25,109.75,20317,1.0
38.25,110.0,20318,1.0
38.25,110.25,20319,1.0
38.25,110.5,20320,1.0
38.25,110.75,20321,1.0
38.25,111.0,20322,1.0
38.25,111.25,20323,1.0
38.25,111.5,20324,1.0
38.25,111.75,20325,1.0
38.25,112.0,20326,1.0
38.25,112.25,20327,1.0
38.25,112.5,20328,1.0
38.25,112.75,20329,1.0
38.25,113.0,20330,1.0
38.25,113.25,20331,1.0
38.25,113.5,20332,1.0
38.25,113.75,20333,1.0
38.25,114.0,20334,1.0
38.25,114.25,20335,1.0
38.25,114.5,20336,1.0
38.25,114.75,20337,1.0
38.25,115.0,20338,1.0
38.25,115.25,20339,1.0
38.25,115.5,20340,1.0
38.25,115.75,20341,1.0
38.25,116.0,20342,1.0
38.25,116.25,20343,1.0
38.25,116.5,20344,1.0
38.25,116.75,20345,1.0
38.25,117.0,20346,1.0
38.25,117.25,20347,1.0
38.25,117.5,20348,1.0
38.25,117.75,20349,1.0
38.5,75.0,20427,1.0
38.5,75.25,20428,1.0
38.5,75.5,20429,1.0
38.5,75.75,20430,1.0
38.5,76.0,20431,1.0
38.5,76.25,20432,1.0
38.5,76.5,20433,1.0
38.5,76.75,20434,1.0
38.5,77.0,20435,1.0
38.5,77.25,20436,1.0
38.5,77.5,20437,1.0
38.5,77.75,20438,1.0
38.5,78.0,20439,1.0
38.5,78.25,20440,1.0
38.5,78.5,20441,1.0
38.5,78.75,20442,1.0
38.5,79.0,20443,1.0
38.5,79.25,20444,1.0
38.5,79.5,20445,1.0
38.5,79.75,20446,1.0
38.5,80.0,20447,1.0
38.5,80.25,20448,1.0
38.5,80.5,20449,1.0
38.5,80.75,20450,1.0
38.5,81.0,20451,1.0
38.5,81.25,20452,1.0
38.5,81.5,20453,1.0
38.5,81.75,20454,1.0
38.5,82.0,20455,1.0
38.5,82.25,20456,1.0
38.5,82.5,20457,1.0
38.5,82.75,20458,1.0
38.5,83.0,20459,1.0
38.5,83.25,20460,1.0
38.5,83.5,20461,1.0
38.5,83.75,20462,1.0
38.5,84.0,20463,1.0
38.5,84.25,20464,1.0
38.5,84.5,20465,1.0
38.5,84.75,20466,1.0
38.5,85.0,20467,1.0
38.5,85.25,20468,1.0
38.5,85.5,20469,1.0
38.5,85.75,20470,1.0
38.5,86.0,20471,1.0
38.5,86.25,20472,1.0
38.5,86.5,20473,1.0
38.5,86.75,20474,1.0
38.5,87.0,20475,1.0
38.5,87.25,20476,1.0
38.5,87.5,20477,1.0
38.5,87.75,20478,1.0
38.5,88.0,20479,1.0
38.5,88.25,20480,1.0
38.5,88.5,20481,1.0
38.5,88.75,20482,1.0
38.5,89.0,20483,1.0
38.5,89.25,20484,1.0
38.5,89.5,20485,1.0
38.5,89.75,20486,1.0
38.5,90.0,20487,1.0
38.5,90.25,20488,1.0
38.5,90.5,20489,1.0
38.5,90.75,20490,1.0
38.5,91.0,20491,1.0
38.5,91.25,20492,1.0
38.5,91.5,20493,1.0
38.5,91.75,20494,1.0
38.5,92.0,20495,1.0
38.5,92.25,20496,1.0
38.5,92.5,20497,1.0
38.5,92.75,20498,1.0
38.5,93.0,20499,1.0
38.5,93.25,20500,1.0
38.5,93.5,20501,1.0
38.5,93.75,20502,1.0
38.5,94.0,20503,1.0
38.5,94.25,20504,1.0
38.5,94.5,20505,1.0
38.5,94.75,20506,1.0
38.5,95.0,20507,1.0
38.5,95.25,20508,1.0
38.5,95.5,20509,1.0
38.5,95.75,20510,1.0
38.5,96.0,20511,1.0
38.5,96.25,20512,1.0
38.5,96.5,20513,1.0
38.5,96.75,20514,1.0
38.5,97.0,20515,1.0
38.5,97.25,20516,1.0
38.5,97.5,20517,1.0
38.5,97.75,20518,1.0
38.5,98.0,20519,1.0
38.5,98.25,20520,1.0
38.5,98.5,20521,1.0
38.5,98.75,20522,1.0
38.5,99.0,20523,1.0
38.5,99.25,20524,1.0
38.5,99.5,20525,1.0
38.5,99.75,20526,1.0
38.5,100.0,20527,1.0
38.5,100.25,20528,1.0
38.5,100.5,20529,1.0
38.5,100.75,20530,1.0
38.5,101.0,20531,1.0
38.5,101.25,20532,1.0
38.5,101.5,20533,1.0
38.5,101.75,20534,1.0
38.5,102.0,20535,1.0
38.5,102.25,20536,1.0
38.5,102.5,20537,1.0
38.5,102.75,20538,1.0
38.5,103.0,20539,1.0
38.5,103.25,20540,1.0
38.5,103.5,20541,1.0
38.5,103.75,20542,1.0
38.5,104.0,20543,1.0
38.5,104.25,20544,1.0
38.5,104.5,20545,1.0
38.5,104.75,20546,1.0
38.5,105.0,20547,1.0
38.5,105.25,20548,1.0
38.5,105.5,20549,1.0
38.5,105.75,20550,1.0
38.5,106.0,20551,1.0
38.5,106.25,20552,1.0
38.5,106.5,20553,1.0
38.5,106.75,20554,1.0
38.5,107.0,20555,1.0
38.5,107.25,20556,1.0
38.5,107.5,20557,1.0
38.5,107.75,20558,1.0
38.5,108.0,20559,1.0
38.5,108.25,20560,1.0
38.5,108.5,20561,1.0
38.5,108.75,20562,1.0
38.5,109.0,20563,1.0
38.5,109.25,20564,1.0
38.5,109.5,20565,1.0
38.5,109.75,20566,1.0
38.5,110.0,20567,1.0
38.5,110.25,20568,1.0
38.5,110.5,20569,1.0
38.5,110.75,20570,1.0
38.5,111.0,20571,1.0
38.5,111.25,20572,1.0
38.5,111.5,20573,1.0
38.5,111.75,20574,1.0
38.5,112.0,20575,1.0
38.5,112.25,20576,1.0
38.5,112.5,20577,1.0
38.5,112.75,20578,1.0
38.5,113.0,20579,1.0
38.5,113.25,20580,1.0
38.5,113.5,20581,1.0
38.5,113.75,20582,1.0
38.5,114.0,20583,1.0
38.5,114.25,20584,1.0
38.5,114.5,20585,1.0
38.5,114.75,20586,1.0
38.5,115.0,20587,1.0
38.5,115.25,20588,1.0
38.5,115.5,20589,1.0
38.5,115.75,20590,1.0
38.5,116.0,20591,1.0
38.5,116.25,20592,1.0
38.5,116.5,20593,1.0
38.5,116.75,20594,1.0
38.5,117.0,20595,1.0
38.5,117.25,20596,1.0
38.5,117.5,20597,1.0
38.75,73.75,20671,1.0
38.75,74.0,20672,1.0
38.75,74.25,20673,1.0
38.75,74.5,20674,1.0
38.75,74.75,20675,1.0
38.75,75.0,20676,1.0
38.75,75.25,20677,1.0
38.75,75.5,20678,1.0
38.75,75.75,20679,1.0
38.75,76.0,20680,1.0
38.75,76.25,20681,1.0
38.75,76.5,20682,1.0
38.75,76.75,20683,1.0
38.75,77.0,20684,1.0
38.75,77.25,20685,1.0
38.75,77.5,20686,1.0
38.75,77.75,20687,1.0
38.75,78.0,20688,1.0
38.75,78.25,20689,1.0
38.75,78.5,20690,1.0
38.75,78.75,20691,1.0
38.75,79.0,20692,1.0
38.75,79.25,20693,1.0
38.75,79.5,20694,1.0
38.75,79.75,20695,1.0
38.75,80.0,20696,1.0
38.75,80.25,20697,1.0
38.75,80.5,20698,1.0
38.75,80.75,20699,1.0
38.75,81.0,20700,1.0
38.75,81.25,20701,1.0
38.75,81.5,20702,1.0
38.75,81.75,20703,1.0
38.75,82.0,20704,1.0
38.75,82.25,20705,1.0
38.75,82.5,20706,1.0
38.75,82.75,20707,1.0
38.75,83.0,20708,1.0
38.75,83.25,20709,1.0
38.75,83.5,20710,1.0
38.75,83.75,20711,1.0
38.75,84.0,20712,1.0
38.75,84.25,20713,1.0
38.75,84.5,20714,1.0
38.75,84.75,20715,1.0
38.75,85.0,20716,1.0
38.75,85.25,20717,1.0
38.75,85.5,20718,1.0
38.75,85.75,20719,1.0
38.75,86.0,20720,1.0
38.75,86.25,20721,1.0
38.75,86.5,20722,1.0
38.75,86.75,20723,1.0
38.75,87.0,20724,1.0
38.75,87.25,20725,1.0
38.75,87.5,20726,1.0
38.75,87.75,20727,1.0
38.75,88.0,20728,1.0
38.75,88.25,20729,1.0
38.75,88.5,20730,1.0
38.75,88.75,20731,1.0
38.75,89.0,20732,1.0
38.75,89.25,20733,1.0
38.75,89.5,20734,1.0
38.75,89.75,20735,1.0
38.75,90.0,20736,1.0
38.75,90.25,20737,1.0
38.75,90.5,20738,1.0
38.75,90.75,20739,1.0
38.75,91.0,20740,1.0
38.75,91.25,20741,1.0
38.75,91.5,20742,1.0
38.75,91.75,20743,1.0
38.75,92.0,20744,1.0
38.75,92.25,20745,1.0
38.75,92.5,20746,1.0
38.75,92.75,20747,1.0
38.75,93.0,20748,1.0
38.75,93.25,20749,1.0
38.75,93.5,20750,1.0
38.75,93.75,20751,1.0
38.75,94.0,20752,1.0
38.75,94.25,20753,1.0
38.75,94.5,20754,1.0
38.75,94.75,20755,1.0
38.75,95.0,20756,1.0
38.75,95.25,20757,1.0
38.75,95.5,20758,1.0
38.75,95.75,20759,1.0
38.75,96.0,20760,1.0
38.75,96.25,20761,1.0
38.75,96.5,20762,1.0
38.75,96.75,20763,1.0
38.75,97.0,20764,1.0
38.75,97.25,20765,1.0
38.75,97.5,20766,1.0
38.75,97.75,20767,1.0
38.75,98.0,20768,1.0
38.75,98.25,20769,1.0
38.75,98.5,20770,1.0
38.75,98.75,20771,1.0
38.75,99.0,20772,1.0
38.75,99.25,20773,1.0
38.75,99.5,20774,1.0
38.75,99.75,20775,1.0
38.75,100.0,20776,1.0
38.75,100.25,20777,1.0
38.75,100.5,20778,1.0
38.75,100.75,20779,1.0
38.75,101.0,20780,1.0
38.75,101.25,20781,1.0
38.75,101.5,20782,1.0
38.75,101.75,20783,1.0
38.75,102.0,20784,1.0
38.75,102.25,20785,1.0
38.75,102.5,20786,1.0
38.75,102.75,20787,1.0
38.75,103.0,20788,1.0
38.75,103.25,20789,1.0
38.75,103.5,20790,1.0
38.75,103.75,20791,1.0
38.75,104.0,20792,1.0
38.75,104.25,20793,1.0
38.75,104.5,20794,1.0
38.75,104.75,20795,1.0
38.75,105.0,20796,1.0
38.75,105.25,20797,1.0
38.75,105.5,20798,1.0
38.75,105.75,20799,1.0
38.75,106.0,20800,1.0
38.75,106.25,20801,1.0
38.75,106.5,20802,1.0
38.75,106.75,20803,1.0
38.75,107.0,20804,1.0
38.75,107.25,20805,1.0
38.75,107.5,20806,1.0
38.75,107.75,20807,1.0
38.75,108.0,20808,1.0
38.75,108.25,20809,1.0
38.75,108.5,20810,1.0
38.75,108.75,20811,1.0
38.75,109.0,20812,1.0
38.75,109.25,20813,1.0
38.75,109.5,20814,1.0
38.75,109.75,20815,1.0
38.75,110.0,20816,1.0
38.75,110.25,20817,1.0
38.75,110.5,20818,1.0
38.75,110.75,20819,1.0
38.75,111.0,20820,1.0
38.75,111.25,20821,1.0
38.75,111.5,20822,1.0
38.75,111.75,20823,1.0
38.75,112.0,20824,1.0
38.75,112.25,20825,1.0
38.75,112.5,20826,1.0
38.75,112.75,20827,1.0
38.75,113.0,20828,1.0
38.75,113.25,20829,1.0
38.75,113.5,20830,1.0
38.75,113.75,20831,1.0
38.75,114.0,20832,1.0
38.75,114.25,20833,1.0
38.75,114.5,20834,1.0
38.75,114.75,20835,1.0
38.75,115.0,20836,1.0
38.75,115.25,20837,1.0
38.75,115.5,20838,1.0
38.75,115.75,20839,1.0
38.75,116.0,20840,1.0
38.75,116.25,20841,1.0
38.75,116.5,20842,1.0
38.75,116.75,20843,1.0
38.75,117.0,20844,1.0
38.75,117.25,20845,1.0
38.75,117.5,20846,1.0
39.0,74.0,20921,1.0
39.0,74.25,20922,1.0
39.0,74.5,20923,1.0
39.0,74.75,20924,1.0
39.0,75.0,20925,1.0
39.0,75.25,20926,1.0
39.0,75.5,20927,1.0
39.0,75.75,20928,1.0
39.0,76.0,20929,1.0
39.0,76.25,20930,1.0
39.0,76.5,20931,1.0
39.0,76.75,20932,1.0
39.0,77.0,20933,1.0
39.0,77.25,20934,1.0
39.0,77.5,20935,1.0
39.0,77.75,20936,1.0
39.0,78.0,20937,1.0
39.0,78.25,20938,1.0
39.0,78.5,20939,1.0
39.0,78.75,20940,1.0
39.0,79.0,20941,1.0
39.0,79.25,20942,1.0
39.0,79.5,20943,1.0
39.0,79.75,20944,1.0
39.0,80.0,20945,1.0
39.0,80.25,20946,1.0
39.0,80.5,20947,1.0
39.0,80.75,20948,1.0
39.0,81.0,20949,1.0
39.0,81.25,20950,1.0
39.0,81.5,20951,1.0
39.0,81.75,20952,1.0
39.0,82.0,20953,1.0
39.0,82.25,20954,1.0
39.0,82.5,20955,1.0
39.0,82.75,20956,1.0
39.0,83.0,20957,1.0
39.0,83.25,20958,1.0
39.0,83.5,20959,1.0
39.0,83.75,20960,1.0
39.0,84.0,20961,1.0
39.0,84.25,20962,1.0
39.0,84.5,20963,1.0
39.0,84.75,20964,1.0
39.0,85.0,20965,1.0
39.0,85.25,20966,1.0
39.0,85.5,20967,1.0
39.0,85.75,20968,1.0
39.0,86.0,20969,1.0
39.0,86.25,20970,1.0
39.0,86.5,20971,1.0
39.0,86.75,20972,1.0
39.0,87.0,20973,1.0
39.0,87.25,20974,1.0
39.0,87.5,20975,1.0
39.0,87.75,20976,1.0
39.0,88.0,20977,1.0
39.0,88.25,20978,1.0
39.0,88.5,20979,1.0
39.0,88.75,20980,1.0
39.0,89.0,20981,1.0
39.0,89.25,20982,1.0
39.0,89.5,20983,1.0
39.0,89.75,20984,1.0
39.0,90.0,20985,1.0
39.0,90.25,20986,1.0
39.0,90.5,20987,1.0
39.0,90.75,20988,1.0
39.0,91.0,20989,1.0
39.0,91.25,20990,1.0
39.0,91.5,20991,1.0
39.0,91.75,20992,1.0
39.0,92.0,20993,1.0
39.0,92.25,20994,1.0
39.0,92.5,20995,1.0
39.0,92.75,20996,1.0
39.0,93.0,20997,1.0
39.0,93.25,20998,1.0
39.0,93.5,20999,1.0
39.0,93.75,21000,1.0
39.0,94.0,21001,1.0
39.0,94.25,21002,1.0
39.0,94.5,21003,1.0
39.0,94.75,21004,1.0
39.0,95.0,21005,1.0
39.0,95.25,21006,1.0
39.0,95.5,21007,1.0
39.0,95.75,21008,1.0
39.0,96.0,21009,1.0
39.0,96.25,21010,1.0
39.0,96.5,21011,1.0
39.0,96.75,21012,1.0
39.0,97.0,21013,1.0
39.0,97.25,21014,1.0
39.0,97.5,21015,1.0
39.0,97.75,21016,1.0
39.0,98.0,21017,1.0
39.0,98.25,21018,1.0
39.0,98.5,21019,1.0
39.0,98.75,21020,1.0
39.0,99.0,21021,1.0
39.0,99.25,21022,1.0
39.0,99.5,21023,1.0
39.0,99.75,21024,1.0
39.0,100.0,21025,1.0
39.0,100.25,21026,1.0
39.0,100.5,21027,1.0
39.0,100.75,21028,1.0
39.0,101.0,21029,1.0
39.0,101.25,21030,1.0
39.0,101.5,21031,1.0
39.0,101.75,21032,1.0
39.0,102.0,21033,1.0
39.0,102.25,21034,1.0
39.0,102.5,21035,1.0
39.0,102.75,21036,1.0
39.0,103.0,21037,1.0
39.0,103.25,21038,1.0
39.0,103.5,21039,1.0
39.0,103.75,21040,1.0
39.0,104.0,21041,1.0
39.0,104.25,21042,1.0
39.0,104.5,21043,1.0
39.0,104.75,21044,1.0
39.0,105.0,21045,1.0
39.0,105.25,21046,1.0
39.0,105.5,21047,1.0
39.0,105.75,21048,1.0
39.0,106.0,21049,1.0
39.0,106.25,21050,1.0
39.0,106.5,21051,1.0
39.0,106.75,21052,1.0
39.0,107.0,21053,1.0
39.0,107.25,21054,1.0
39.0,107.5,21055,1.0
39.0,107.75,21056,1.0
39.0,108.0,21057,1.0
39.0,108.25,21058,1.0
39.0,108.5,21059,1.0
39.0,108.75,21060,1.0
39.0,109.0,21061,1.0
39.0,109.25,21062,1.0
39.0,109.5,21063,1.0
39.0,109.75,21064,1.0
39.0,110.0,21065,1.0
39.0,110.25,21066,1.0
39.0,110.5,21067,1.0
39.0,110.75,21068,1.0
39.0,111.0,21069,1.0
39.0,111.25,21070,1.0
39.0,111.5,21071,1.0
39.0,111.75,21072,1.0
39.0,112.0,21073,1.0
39.0,112.25,21074,1.0
39.0,112.5,21075,1.0
39.0,112.75,21076,1.0
39.0,113.0,21077,1.0
39.0,113.25,21078,1.0
39.0,113.5,21079,1.0
39.0,113.75,21080,1.0
39.0,114.0,21081,1.0
39.0,114.25,21082,1.0
39.0,114.5,21083,1.0
39.0,114.75,21084,1.0
39.0,115.0,21085,1.0
39.0,115.25,21086,1.0
39.0,115.5,21087,1.0
39.0,115.75,21088,1.0
39.0,116.0,21089,1.0
39.0,116.25,21090,1.0
39.0,116.5,21091,1.0
39.0,116.75,21092,1.0
39.0,117.0,21093,1.0
39.0,117.25,21094,1.0
39.0,117.5,21095,1.0
39.0,121.5,21111,1.0
39.25,73.75,21169,1.0
39.25,74.0,21170,1.0
39.25,74.25,21171,1.0
39.25,74.5,21172,1.0
39.25,74.75,21173,1.0
39.25,75.0,21174,1.0
39.25,75.25,21175,1.0
39.25,75.5,21176,1.0
39.25,75.75,21177,1.0
39.25,76.0,21178,1.0
39.25,76.25,21179,1.0
39.25,76.5,21180,1.0
39.25,76.75,21181,1.0
39.25,77.0,21182,1.0
39.25,77.25,21183,1.0
39.25,77.5,21184,1.0
39.25,77.75,21185,1.0
39.25,78.0,21186,1.0
39.25,78.25,21187,1.0
39.25,78.5,21188,1.0
39.25,78.75,21189,1.0
39.25,79.0,21190,1.0
39.25,79.25,21191,1.0
39.25,79.5,21192,1.0
39.25,79.75,21193,1.0
39.25,80.0,21194,1.0
39.25,80.25,21195,1.0
39.25,80.5,21196,1.0
39.25,80.75,21197,1.0
39.25,81.0,21198,1.0
39.25,81.25,21199,1.0
39.25,81.5,21200,1.0
39.25,81.75,21201,1.0
39.25,82.0,21202,1.0
39.25,82.25,21203,1.0
39.25,82.5,21204,1.0
39.25,82.75,21205,1.0
39.25,83.0,21206,1.0
39.25,83.25,21207,1.0
39.25,83.5,21208,1.0
39.25,83.75,21209,1.0
39.25,84.0,21210,1.0
39.25,84.25,21211,1.0
39.25,84.5,21212,1.0
39.25,84.75,21213,1.0
39.25,85.0,21214,1.0
39.25,85.25,21215,1.0
39.25,85.5,21216,1.0
39.25,85.75,21217,1.0
39.25,86.0,21218,1.0
39.25,86.25,21219,1.0
39.25,86.5,21220,1.0
39.25,86.75,21221,1.0
39.25,87.0,21222,1.0
39.25,87.25,21223,1.0
39.25,87.5,21224,1.0
39.25,87.75,21225,1.0
39.25,88.0,21226,1.0
39.25,88.25,21227,1.0
39.25,88.5,21228,1.0
39.25,88.75,21229,1.0
39.25,89.0,21230,1.0
39.25,89.25,21231,1.0
39.25,89.5,21232,1.0
39.25,89.75,21233,1.0
39.25,90.0,21234,1.0
39.25,90.25,21235,1.0
39.25,90.5,21236,1.0
39.25,90.75,21237,1.0
39.25,91.0,21238,1.0
39.25,91.25,21239,1.0
39.25,91.5,21240,1.0
39.25,91.75,21241,1.0
39.25,92.0,21242,1.0
39.25,92.25,21243,1.0
39.25,92.5,21244,1.0
39.25,92.75,21245,1.0
39.25,93.0,21246,1.0
39.25,93.25,21247,1.0
39.25,93.5,21248,1.0
39.25,93.75,21249,1.0
39.25,94.0,21250,1.0
39.25,94.25,21251,1.0
39.25,94.5,21252,1.0
39.25,94.75,21253,1.0
39.25,95.0,21254,1.0
39.25,95.25,21255,1.0
39.25,95.5,21256,1.0
39.25,95.75,21257,1.0
39.25,96.0,21258,1.0
39.25,96.25,21259,1.0
39.25,96.5,21260,1.0
39.25,96.75,21261,1.0
39.25,97.0,21262,1.0
39.25,97.25,21263,1.0
39.25,97.5,21264,1.0
39.25,97.75,21265,1.0
39.25,98.0,21266,1.0
39.25,98.25,21267,1.0
39.25,98.5,21268,1.0
39.25,98.75,21269,1.0
39.25,99.0,21270,1.0
39.25,99.25,21271,1.0
39.25,99.5,21272,1.0
39.25,99.75,21273,1.0
39.25,100.0,21274,1.0
39.25,100.25,21275,1.0
39.25,100.5,21276,1.0
39.25,100.75,21277,1.0
39.25,101.0,21278,1.0
39.25,101.25,21279,1.0
39.25,101.5,21280,1.0
39.25,101.75,21281,1.0
39.25,102.0,21282,1.0
39.25,102.25,21283,1.0
39.25,102.5,21284,1.0
39.25,102.75,21285,1.0
39.25,103.0,21286,1.0
39.25,103.25,21287,1.0
39.25,103.5,21288,1.0
39.25,103.75,21289,1.0
39.25,104.0,21290,1.0
39.25,104.25,21291,1.0
39.25,104.5,21292,1.0
39.25,104.75,21293,1.0
39.25,105.0,21294,1.0
39.25,105.25,21295,1.0
39.25,105.5,21296,1.0
39.25,105.75,21297,1.0
39.25,106.0,21298,1.0
39.25,106.25,21299,1.0
39.25,106.5,21300,1.0
39.25,106.75,21301,1.0
39.25,107.0,21302,1.0
39.25,107.25,21303,1.0
39.25,107.5,21304,1.0
39.25,107.75,21305,1.0
39.25,108.0,21306,1.0
39.25,108.25,21307,1.0
39.25,108.5,21308,1.0
39.25,108.75,21309,1.0
39.25,109.0,21310,1.0
39.25,109.25,21311,1.0
39.25,109.5,21312,1.0
39.25,109.75,21313,1.0
39.25,110.0,21314,1.0
39.25,110.25,21315,1.0
39.25,110.5,21316,1.0
39.25,110.75,21317,1.0
39.25,111.0,21318,1.0
39.25,111.25,21319,1.0
39.25,111.5,21320,1.0
39.25,111.75,21321,1.0
39.25,112.0,21322,1.0
39.25,112.25,21323,1.0
39.25,112.5,21324,1.0
39.25,112.75,21325,1.0
39.25,113.0,21326,1.0
39.25,113.25,21327,1.0
39.25,113.5,21328,1.0
39.25,113.75,21329,1.0
39.25,114.0,21330,1.0
39.25,114.25,21331,1.0
39.25,114.5,21332,1.0
39.25,114.75,21333,1.0
39.25,115.0,21334,1.0
39.25,115.25,21335,1.0
39.25,115.5,21336,1.0
39.25,115.75,21337,1.0
39.25,116.0,21338,1.0
39.25,116.25,21339,1.0
39.25,116.5,21340,1.0
39.25,116.75,21341,1.0
39.25,117.0,21342,1.0
39.25,117.25,21343,1.0
39.25,117.5,21344,1.0
39.25,117.75,21345,1.0
39.25,118.0,21346,1.0
39.25,118.25,21347,1.0
39.25,118.5,21348,1.0
39.25,118.75,21349,1.0
39.25,119.0,21350,1.0
39.25,121.75,21361,1.0
39.25,122.0,21362,1.0
39.5,74.0,21419,1.0
39.5,74.25,21420,1.0
39.5,74.5,21421,1.0
39.5,74.75,21422,1.0
39.5,75.0,21423,1.0
39.5,75.25,21424,1.0
39.5,75.5,21425,1.0
39.5,75.75,21426,1.0
39.5,76.0,21427,1.0
39.5,76.25,21428,1.0
39.5,76.5,21429,1.0
39.5,76.75,21430,1.0
39.5,77.0,21431,1.0
39.5,77.25,21432,1.0
39.5,77.5,21433,1.0
39.5,77.75,21434,1.0
39.5,78.0,21435,1.0
39.5,78.25,21436,1.0
39.5,78.5,21437,1.0
39.5,78.75,21438,1.0
39.5,79.0,21439,1.0
39.5,79.25,21440,1.0
39.5,79.5,21441,1.0
39.5,79.75,21442,1.0
39.5,80.0,21443,1.0
39.5,80.25,21444,1.0
39.5,80.5,21445,1.0
39.5,80.75,21446,1.0
39.5,81.0,21447,1.0
39.5,81.25,21448,1.0
39.5,81.5,21449,1.0
39.5,81.75,21450,1.0
39.5,82.0,21451,1.0
39.5,82.25,21452,1.0
39.5,82.5,21453,1.0
39.5,82.75,21454,1.0
39.5,83.0,21455,1.0
39.5,83.25,21456,1.0
39.5,83.5,21457,1.0
39.5,83.75,21458,1.0
39.5,84.0,21459,1.0
39.5,84.25,21460,1.0
39.5,84.5,21461,1.0
39.5,84.75,21462,1.0
39.5,85.0,21463,1.0
39.5,85.25,21464,1.0
39.5,85.5,21465,1.0
39.5,85.75,21466,1.0
39.5,86.0,21467,1.0
39.5,86.25,21468,1.0
39.5,86.5,21469,1.0
39.5,86.75,21470,1.0
39.5,87.0,21471,1.0
39.5,87.25,21472,1.0
39.5,87.5,21473,1.0
39.5,87.75,21474,1.0
39.5,88.0,21475,1.0
39.5,88.25,21476,1.0
39.5,88.5,21477,1.0
39.5,88.75,21478,1.0
39.5,89.0,21479,1.0
39.5,89.25,21480,1.0
39.5,89.5,21481,1.0
39.5,89.75,21482,1.0
39.5,90.0,21483,1.0
39.5,90.25,21484,1.0
39.5,90.5,21485,1.0
39.5,90.75,21486,1.0
39.5,91.0,21487,1.0
39.5,91.25,21488,1.0
39.5,91.5,21489,1.0
39.5,91.75,21490,1.0
39.5,92.0,21491,1.0
39.5,92.25,21492,1.0
39.5,92.5,21493,1.0
39.5,92.75,21494,1.0
39.5,93.0,21495,1.0
39.5,93.25,21496,1.0
39.5,93.5,21497,1.0
39.5,93.75,21498,1.0
39.5,94.0,21499,1.0
39.5,94.25,21500,1.0
39.5,94.5,21501,1.0
39.5,94.75,21502,1.0
39.5,95.0,21503,1.0
39.5,95.25,21504,1.0
39.5,95.5,21505,1.0
39.5,95.75,21506,1.0
39.5,96.0,21507,1.0
39.5,96.25,21508,1.0
39.5,96.5,21509,1.0
39.5,96.75,21510,1.0
39.5,97.0,21511,1.0
39.5,97.25,21512,1.0
39.5,97.5,21513,1.0
39.5,97.75,21514,1.0
39.5,98.0,21515,1.0
39.5,98.25,21516,1.0
39.5,98.5,21517,1.0
39.5,98.75,21518,1.0
39.5,99.0,21519,1.0
39.5,99.25,21520,1.0
39.5,99.5,21521,1.0
39.5,99.75,21522,1.0
39.5,100.0,21523,1.0
39.5,100.25,21524,1.0
39.5,100.5,21525,1.0
39.5,100.75,21526,1.0
39.5,101.0,21527,1.0
39.5,101.25,21528,1.0
39.5,101.5,21529,1.0
39.5,101.75,21530,1.0
39.5,102.0,21531,1.0
39.5,102.25,21532,1.0
39.5,102.5,21533,1.0
39.5,102.75,21534,1.0
39.5,103.0,21535,1.0
39.5,103.25,21536,1.0
39.5,103.5,21537,1.0
39.5,103.75,21538,1.0
39.5,104.0,21539,1.0
39.5,104.25,21540,1.0
39.5,104.5,21541,1.0
39.5,104.75,21542,1.0
39.5,105.0,21543,1.0
39.5,105.25,21544,1.0
39.5,105.5,21545,1.0
39.5,105.75,21546,1.0
39.5,106.0,21547,1.0
39.5,106.25,21548,1.0
39.5,106.5,21549,1.0
39.5,106.75,21550,1.0
39.5,107.0,21551,1.0
39.5,107.25,21552,1.0
39.5,107.5,21553,1.0
39.5,107.75,21554,1.0
39.5,108.0,21555,1.0
39.5,108.25,21556,1.0
39.5,108.5,21557,1.0
39.5,108.75,21558,1.0
39.5,109.0,21559,1.0
39.5,109.25,21560,1.0
39.5,109.5,21561,1.0
39.5,109.75,21562,1.0
39.5,110.0,21563,1.0
39.5,110.25,21564,1.0
39.5,110.5,21565,1.0
39.5,110.75,21566,1.0
39.5,111.0,21567,1.0
39.5,111.25,21568,1.0
39.5,111.5,21569,1.0
39.5,111.75,21570,1.0
39.5,112.0,21571,1.0
39.5,112.25,21572,1.0
39.5,112.5,21573,1.0
39.5,112.75,21574,1.0
39.5,113.0,21575,1.0
39.5,113.25,21576,1.0
39.5,113.5,21577,1.0
39.5,113.75,21578,1.0
39.5,114.0,21579,1.0
39.5,114.25,21580,1.0
39.5,114.5,21581,1.0
39.5,114.75,21582,1.0
39.5,115.0,21583,1.0
39.5,115.25,21584,1.0
39.5,115.5,21585,1.0
39.5,115.75,21586,1.0
39.5,116.0,21587,1.0
39.5,116.25,21588,1.0
39.5,116.5,21589,1.0
39.5,116.75,21590,1.0
39.5,117.0,21591,1.0
39.5,117.25,21592,1.0
39.5,117.5,21593,1.0
39.5,117.75,21594,1.0
39.5,118.0,21595,1.0
39.5,118.25,21596,1.0
39.5,118.5,21597,1.0
39.5,118.75,21598,1.0
39.5,119.0,21599,1.0
39.5,121.5,21609,1.0
39.5,121.75,21610,1.0
39.5,122.0,21611,1.0
39.5,122.25,21612,1.0
39.5,122.5,21613,1.0
39.75,74.0,21668,1.0
39.75,74.25,21669,1.0
39.75,74.5,21670,1.0
39.75,74.75,21671,1.0
39.75,75.0,21672,1.0
39.75,75.25,21673,1.0
39.75,75.5,21674,1.0
39.75,75.75,21675,1.0
39.75,76.0,21676,1.0
39.75,76.25,21677,1.0
39.75,76.5,21678,1.0
39.75,76.75,21679,1.0
39.75,77.0,21680,1.0
39.75,77.25,21681,1.0
39.75,77.5,21682,1.0
39.75,77.75,21683,1.0
39.75,78.0,21684,1.0
39.75,78.25,21685,1.0
39.75,78.5,21686,1.0
39.75,78.75,21687,1.0
39.75,79.0,21688,1.0
39.75,79.25,21689,1.0
39.75,79.5,21690,1.0
39.75,79.75,21691,1.0
39.75,80.0,21692,1.0
39.75,80.25,21693,1.0
39.75,80.5,21694,1.0
39.75,80.75,21695,1.0
39.75,81.0,21696,1.0
39.75,81.25,21697,1.0
39.75,81.5,21698,1.0
39.75,81.75,21699,1.0
39.75,82.0,21700,1.0
39.75,82.25,21701,1.0
39.75,82.5,21702,1.0
39.75,82.75,21703,1.0
39.75,83.0,21704,1.0
39.75,83.25,21705,1.0
39.75,83.5,21706,1.0
39.75,83.75,21707,1.0
39.75,84.0,21708,1.0
39.75,84.25,21709,1.0
39.75,84.5,21710,1.0
39.75,84.75,21711,1.0
39.75,85.0,21712,1.0
39.75,85.25,21713,1.0
39.75,85.5,21714,1.0
39.75,85.75,21715,1.0
39.75,86.0,21716,1.0
39.75,86.25,21717,1.0
39.75,86.5,21718,1.0
39.75,86.75,21719,1.0
39.75,87.0,21720,1.0
39.75,87.25,21721,1.0
39.75,87.5,21722,1.0
39.75,87.75,21723,1.0
39.75,88.0,21724,1.0
39.75,88.25,21725,1.0
39.75,88.5,21726,1.0
39.75,88.75,21727,1.0
39.75,89.0,21728,1.0
39.75,89.25,21729,1.0
39.75,89.5,21730,1.0
39.75,89.75,21731,1.0
39.75,90.0,21732,1.0
39.75,90.25,21733,1.0
39.75,90.5,21734,1.0
39.75,90.75,21735,1.0
39.75,91.0,21736,1.0
39.75,91.25,21737,1.0
39.75,91.5,21738,1.0
39.75,91.75,21739,1.0
39.75,92.0,21740,1.0
39.75,92.25,21741,1.0
39.75,92.5,21742,1.0
39.75,92.75,21743,1.0
39.75,93.0,21744,1.0
39.75,93.25,21745,1.0
39.75,93.5,21746,1.0
39.75,93.75,21747,1.0
39.75,94.0,21748,1.0
39.75,94.25,21749,1.0
39.75,94.5,21750,1.0
39.75,94.75,21751,1.0
39.75,95.0,21752,1.0
39.75,95.25,21753,1.0
39.75,95.5,21754,1.0
39.75,95.75,21755,1.0
39.75,96.0,21756,1.0
39.75,96.25,21757,1.0
39.75,96.5,21758,1.0
39.75,96.75,21759,1.0
39.75,97.0,21760,1.0
39.75,97.25,21761,1.0
39.75,97.5,21762,1.0
39.75,97.75,21763,1.0
39.75,98.0,21764,1.0
39.75,98.25,21765,1.0
39.75,98.5,21766,1.0
39.75,98.75,21767,1.0
39.75,99.0,21768,1.0
39.75,99.25,21769,1.0
39.75,99.5,21770,1.0
39.75,99.75,21771,1.0
39.75,100.0,21772,1.0
39.75,100.25,21773,1.0
39.75,100.5,21774,1.0
39.75,100.75,21775,1.0
39.75,101.0,21776,1.0
39.75,101.25,21777,1.0
39.75,101.5,21778,1.0
39.75,101.75,21779,1.0
39.75,102.0,21780,1.0
39.75,102.25,21781,1.0
39.75,102.5,21782,1.0
39.75,102.75,21783,1.0
39.75,103.0,21784,1.0
39.75,103.25,21785,1.0
39.75,103.5,21786,1.0
39.75,103.75,21787,1.0
39.75,104.0,21788,1.0
39.75,104.25,21789,1.0
39.75,104.5,21790,1.0
39.75,104.75,21791,1.0
39.75,105.0,21792,1.0
39.75,105.25,21793,1.0
39.75,105.5,21794,1.0
39.75,105.75,21795,1.0
39.75,106.0,21796,1.0
39.75,106.25,21797,1.0
39.75,106.5,21798,1.0
39.75,106.75,21799,1.0
39.75,107.0,21800,1.0
39.75,107.25,21801,1.0
39.75,107.5,21802,1.0
39.75,107.75,21803,1.0
39.75,108.0,21804,1.0
39.75,108.25,21805,1.0
39.75,108.5,21806,1.0
39.75,108.75,21807,1.0
39.75,109.0,21808,1.0
39.75,109.25,21809,1.0
39.75,109.5,21810,1.0
39.75,109.75,21811,1.0
39.75,110.0,21812,1.0
39.75,110.25,21813,1.0
39.75,110.5,21814,1.0
39.75,110.75,21815,1.0
39.75,111.0,21816,1.0
39.75,111.25,21817,1.0
39.75,111.5,21818,1.0
39.75,111.75,21819,1.0
39.75,112.0,21820,1.0
39.75,112.25,21821,1.0
39.75,112.5,21822,1.0
39.75,112.75,21823,1.0
39.75,113.0,21824,1.0
39.75,113.25,21825,1.0
39.75,113.5,21826,1.0
39.75,113.75,21827,1.0
39.75,114.0,21828,1.0
39.75,114.25,21829,1.0
39.75,114.5,21830,1.0
39.75,114.75,21831,1.0
39.75,115.0,21832,1.0
39.75,115.25,21833,1.0
39.75,115.5,21834,1.0
39.75,115.75,21835,1.0
39.75,116.0,21836,1.0
39.75,116.25,21837,1.0
39.75,116.5,21838,1.0
39.75,116.75,21839,1.0
39.75,117.0,21840,1.0
39.75,117.25,21841,1.0
39.75,117.5,21842,1.0
39.75,117.75,21843,1.0
39.75,118.0,21844,1.0
39.75,118.25,21845,1.0
39.75,118.5,21846,1.0
39.75,118.75,21847,1.0
39.75,119.0,21848,1.0
39.75,119.25,21849,1.0
39.75,121.5,21858,1.0
39.75,121.75,21859,1.0
39.75,122.0,21860,1.0
39.75,122.25,21861,1.0
39.75,122.5,21862,1.0
39.75,122.75,21863,1.0
39.75,123.0,21864,1.0
39.75,123.25,21865,1.0
40.0,74.0,21917,1.0
40.0,74.25,21918,1.0
40.0,74.5,21919,1.0
40.0,74.75,21920,1.0
40.0,75.0,21921,1.0
40.0,75.25,21922,1.0
40.0,75.5,21923,1.0
40.0,75.75,21924,1.0
40.0,76.0,21925,1.0
40.0,76.25,21926,1.0
40.0,76.5,21927,1.0
40.0,76.75,21928,1.0
40.0,77.0,21929,1.0
40.0,77.25,21930,1.0
40.0,77.5,21931,1.0
40.0,77.75,21932,1.0
40.0,78.0,21933,1.0
40.0,78.25,21934,1.0
40.0,78.5,21935,1.0
40.0,78.75,21936,1.0
40.0,79.0,21937,1.0
40.0,79.25,21938,1.0
40.0,79.5,21939,1.0
40.0,79.75,21940,1.0
40.0,80.0,21941,1.0
40.0,80.25,21942,1.0
40.0,80.5,21943,1.0
40.0,80.75,21944,1.0
40.0,81.0,21945,1.0
40.0,81.25,21946,1.0
40.0,81.5,21947,1.0
40.0,81.75,21948,1.0
40.0,82.0,21949,1.0
40.0,82.25,21950,1.0
40.0,82.5,21951,1.0
40.0,82.75,21952,1.0
40.0,83.0,21953,1.0
40.0,83.25,21954,1.0
40.0,83.5,21955,1.0
40.0,83.75,21956,1.0
40.0,84.0,21957,1.0
40.0,84.25,21958,1.0
40.0,84.5,21959,1.0
40.0,84.75,21960,1.0
40.0,85.0,21961,1.0
40.0,85.25,21962,1.0
40.0,85.5,21963,1.0
40.0,85.75,21964,1.0
40.0,86.0,21965,1.0
40.0,86.25,21966,1.0
40.0,86.5,21967,1.0
40.0,86.75,21968,1.0
40.0,87.0,21969,1.0
40.0,87.25,21970,1.0
40.0,87.5,21971,1.0
40.0,87.75,21972,1.0
40.0,88.0,21973,1.0
40.0,88.25,21974,1.0
40.0,88.5,21975,1.0
40.0,88.75,21976,1.0
40.0,89.0,21977,1.0
40.0,89.25,21978,1.0
40.0,89.5,21979,1.0
40.0,89.75,21980,1.0
40.0,90.0,21981,1.0
40.0,90.25,21982,1.0
40.0,90.5,21983,1.0
40.0,90.75,21984,1.0
40.0,91.0,21985,1.0
40.0,91.25,21986,1.0
40.0,91.5,21987,1.0
40.0,91.75,21988,1.0
40.0,92.0,21989,1.0
40.0,92.25,21990,1.0
40.0,92.5,21991,1.0
40.0,92.75,21992,1.0
40.0,93.0,21993,1.0
40.0,93.25,21994,1.0
40.0,93.5,21995,1.0
40.0,93.75,21996,1.0
40.0,94.0,21997,1.0
40.0,94.25,21998,1.0
40.0,94.5,21999,1.0
40.0,94.75,22000,1.0
40.0,95.0,22001,1.0
40.0,95.25,22002,1.0
40.0,95.5,22003,1.0
40.0,95.75,22004,1.0
40.0,96.0,22005,1.0
40.0,96.25,22006,1.0
40.0,96.5,22007,1.0
40.0,96.75,22008,1.0
40.0,97.0,22009,1.0
40.0,97.25,22010,1.0
40.0,97.5,22011,1.0
40.0,97.75,22012,1.0
40.0,98.0,22013,1.0
40.0,98.25,22014,1.0
40.0,98.5,22015,1.0
40.0,98.75,22016,1.0
40.0,99.0,22017,1.0
40.0,99.25,22018,1.0
40.0,99.5,22019,1.0
40.0,99.75,22020,1.0
40.0,100.0,22021,1.0
40.0,100.25,22022,1.0
40.0,100.5,22023,1.0
40.0,100.75,22024,1.0
40.0,101.0,22025,1.0
40.0,101.25,22026,1.0
40.0,101.5,22027,1.0
40.0,101.75,22028,1.0
40.0,102.0,22029,1.0
40.0,102.25,22030,1.0
40.0,102.5,22031,1.0
40.0,102.75,22032,1.0
40.0,103.0,22033,1.0
40.0,103.25,22034,1.0
40.0,103.5,22035,1.0
40.0,103.75,22036,1.0
40.0,104.0,22037,1.0
40.0,104.25,22038,1.0
40.0,104.5,22039,1.0
40.0,104.75,22040,1.0
40.0,105.0,22041,1.0
40.0,105.25,22042,1.0
40.0,105.5,22043,1.0
40.0,105.75,22044,1.0
40.0,106.0,22045,1.0
40.0,106.25,22046,1.0
40.0,106.5,22047,1.0
40.0,106.75,22048,1.0
40.0,107.0,22049,1.0
40.0,107.25,22050,1.0
40.0,107.5,22051,1.0
40.0,107.75,22052,1.0
40.0,108.0,22053,1.0
40.0,108.25,22054,1.0
40.0,108.5,22055,1.0
40.0,108.75,22056,1.0
40.0,109.0,22057,1.0
40.0,109.25,22058,1.0
40.0,109.5,22059,1.0
40.0,109.75,22060,1.0
40.0,110.0,22061,1.0
40.0,110.25,22062,1.0
40.0,110.5,22063,1.0
40.0,110.75,22064,1.0
40.0,111.0,22065,1.0
40.0,111.25,22066,1.0
40.0,111.5,22067,1.0
40.0,111.75,22068,1.0
40.0,112.0,22069,1.0
40.0,112.25,22070,1.0
40.0,112.5,22071,1.0
40.0,112.75,22072,1.0
40.0,113.0,22073,1.0
40.0,113.25,22074,1.0
40.0,113.5,22075,1.0
40.0,113.75,22076,1.0
40.0,114.0,22077,1.0
40.0,114.25,22078,1.0
40.0,114.5,22079,1.0
40.0,114.75,22080,1.0
40.0,115.0,22081,1.0
40.0,115.25,22082,1.0
40.0,115.5,22083,1.0
40.0,115.75,22084,1.0
40.0,116.0,22085,1.0
40.0,116.25,22086,1.0
40.0,116.5,22087,1.0
40.0,116.75,22088,1.0
40.0,117.0,22089,1.0
40.0,117.25,22090,1.0
40.0,117.5,22091,1.0
40.0,117.75,22092,1.0
40.0,118.0,22093,1.0
40.0,118.25,22094,1.0
40.0,118.5,22095,1.0
40.0,118.75,22096,1.0
40.0,119.0,22097,1.0
40.0,119.25,22098,1.0
40.0,119.5,22099,1.0
40.0,119.75,22100,1.0
40.0,122.0,22109,1.0
40.0,122.25,22110,1.0
40.0,122.5,22111,1.0
40.0,122.75,22112,1.0
40.0,123.0,22113,1.0
40.0,123.25,22114,1.0
40.0,123.5,22115,1.0
40.0,123.75,22116,1.0
40.0,124.0,22117,1.0
40.0,124.25,22118,1.0
40.25,74.75,22169,1.0
40.25,75.0,22170,1.0
40.25,75.25,22171,1.0
40.25,75.5,22172,1.0
40.25,75.75,22173,1.0
40.25,76.0,22174,1.0
40.25,76.25,22175,1.0
40.25,76.5,22176,1.0
40.25,76.75,22177,1.0
40.25,77.0,22178,1.0
40.25,77.25,22179,1.0
40.25,77.5,22180,1.0
40.25,77.75,22181,1.0
40.25,78.0,22182,1.0
40.25,78.25,22183,1.0
40.25,78.5,22184,1.0
40.25,78.75,22185,1.0
40.25,79.0,22186,1.0
40.25,79.25,22187,1.0
40.25,79.5,22188,1.0
40.25,79.75,22189,1.0
40.25,80.0,22190,1.0
40.25,80.25,22191,1.0
40.25,80.5,22192,1.0
40.25,80.75,22193,1.0
40.25,81.0,22194,1.0
40.25,81.25,22195,1.0
40.25,81.5,22196,1.0
40.25,81.75,22197,1.0
40.25,82.0,22198,1.0
40.25,82.25,22199,1.0
40.25,82.5,22200,1.0
40.25,82.75,22201,1.0
40.25,83.0,22202,1.0
40.25,83.25,22203,1.0
40.25,83.5,22204,1.0
40.25,83.75,22205,1.0
40.25,84.0,22206,1.0
40.25,84.25,22207,1.0
40.25,84.5,22208,1.0
40.25,84.75,22209,1.0
40.25,85.0,22210,1.0
40.25,85.25,22211,1.0
40.25,85.5,22212,1.0
40.25,85.75,22213,1.0
40.25,86.0,22214,1.0
40.25,86.25,22215,1.0
40.25,86.5,22216,1.0
40.25,86.75,22217,1.0
40.25,87.0,22218,1.0
40.25,87.25,22219,1.0
40.25,87.5,22220,1.0
40.25,87.75,22221,1.0
40.25,88.0,22222,1.0
40.25,88.25,22223,1.0
40.25,88.5,22224,1.0
40.25,88.75,22225,1.0
40.25,89.0,22226,1.0
40.25,89.25,22227,1.0
40.25,89.5,22228,1.0
40.25,89.75,22229,1.0
40.25,90.0,22230,1.0
40.25,90.25,22231,1.0
40.25,90.5,22232,1.0
40.25,90.75,22233,1.0
40.25,91.0,22234,1.0
40.25,91.25,22235,1.0
40.25,91.5,22236,1.0
40.25,91.75,22237,1.0
40.25,92.0,22238,1.0
40.25,92.25,22239,1.0
40.25,92.5,22240,1.0
40.25,92.75,22241,1.0
40.25,93.0,22242,1.0
40.25,93.25,22243,1.0
40.25,93.5,22244,1.0
40.25,93.75,22245,1.0
40.25,94.0,22246,1.0
40.25,94.25,22247,1.0
40.25,94.5,22248,1.0
40.25,94.75,22249,1.0
40.25,95.0,22250,1.0
40.25,95.25,22251,1.0
40.25,95.5,22252,1.0
40.25,95.75,22253,1.0
40.25,96.0,22254,1.0
40.25,96.25,22255,1.0
40.25,96.5,22256,1.0
40.25,96.75,22257,1.0
40.25,97.0,22258,1.0
40.25,97.25,22259,1.0
40.25,97.5,22260,1.0
40.25,97.75,22261,1.0
40.25,98.0,22262,1.0
40.25,98.25,22263,1.0
40.25,98.5,22264,1.0
40.25,98.75,22265,1.0
40.25,99.0,22266,1.0
40.25,99.25,22267,1.0
40.25,99.5,22268,1.0
40.25,99.75,22269,1.0
40.25,100.0,22270,1.0
40.25,100.25,22271,1.0
40.25,100.5,22272,1.0
40.25,100.75,22273,1.0
40.25,101.0,22274,1.0
40.25,101.25,22275,1.0
40.25,101.5,22276,1.0
40.25,101.75,22277,1.0
40.25,102.0,22278,1.0
40.25,102.25,22279,1.0
40.25,102.5,22280,1.0
40.25,102.75,22281,1.0
40.25,103.0,22282,1.0
40.25,103.25,22283,1.0
40.25,103.5,22284,1.0
40.25,103.75,22285,1.0
40.25,104.0,22286,1.0
40.25,104.25,22287,1.0
40.25,104.5,22288,1.0
40.25,104.75,22289,1.0
40.25,105.0,22290,1.0
40.25,105.25,22291,1.0
40.25,105.5,22292,1.0
40.25,105.75,22293,1.0
40.25,106.0,22294,1.0
40.25,106.25,22295,1.0
40.25,106.5,22296,1.0
40.25,106.75,22297,1.0
40.25,107.0,22298,1.0
40.25,107.25,22299,1.0
40.25,107.5,22300,1.0
40.25,107.75,22301,1.0
40.25,108.0,22302,1.0
40.25,108.25,22303,1.0
40.25,108.5,22304,1.0
40.25,108.75,22305,1.0
40.25,109.0,22306,1.0
40.25,109.25,22307,1.0
40.25,109.5,22308,1.0
40.25,109.75,22309,1.0
40.25,110.0,22310,1.0
40.25,110.25,22311,1.0
40.25,110.5,22312,1.0
40.25,110.75,22313,1.0
40.25,111.0,22314,1.0
40.25,111.25,22315,1.0
40.25,111.5,22316,1.0
40.25,111.75,22317,1.0
40.25,112.0,22318,1.0
40.25,112.25,22319,1.0
40.25,112.5,22320,1.0
40.25,112.75,22321,1.0
40.25,113.0,22322,1.0
40.25,113.25,22323,1.0
40.25,113.5,22324,1.0
40.25,113.75,22325,1.0
40.25,114.0,22326,1.0
40.25,114.25,22327,1.0
40.25,114.5,22328,1.0
40.25,114.75,22329,1.0
40.25,115.0,22330,1.0
40.25,115.25,22331,1.0
40.25,115.5,22332,1.0
40.25,115.75,22333,1.0
40.25,116.0,22334,1.0
40.25,116.25,22335,1.0
40.25,116.5,22336,1.0
40.25,116.75,22337,1.0
40.25,117.0,22338,1.0
40.25,117.25,22339,1.0
40.25,117.5,22340,1.0
40.25,117.75,22341,1.0
40.25,118.0,22342,1.0
40.25,118.25,22343,1.0
40.25,118.5,22344,1.0
40.25,118.75,22345,1.0
40.25,119.0,22346,1.0
40.25,119.25,22347,1.0
40.25,119.5,22348,1.0
40.25,119.75,22349,1.0
40.25,120.0,22350,1.0
40.25,120.25,22351,1.0
40.25,122.25,22359,1.0
40.25,122.5,22360,1.0
40.25,122.75,22361,1.0
40.25,123.0,22362,1.0
40.25,123.25,22363,1.0
40.25,123.5,22364,1.0
40.25,123.75,22365,1.0
40.25,124.0,22366,1.0
40.25,124.25,22367,1.0
40.25,124.5,22368,1.0
40.5,75.5,22421,1.0
40.5,76.75,22426,1.0
40.5,77.0,22427,1.0
40.5,77.25,22428,1.0
40.5,77.5,22429,1.0
40.5,77.75,22430,1.0
40.5,78.0,22431,1.0
40.5,78.25,22432,1.0
40.5,78.5,22433,1.0
40.5,78.75,22434,1.0
40.5,79.0,22435,1.0
40.5,79.25,22436,1.0
40.5,79.5,22437,1.0
40.5,79.75,22438,1.0
40.5,80.0,22439,1.0
40.5,80.25,22440,1.0
40.5,80.5,22441,1.0
40.5,80.75,22442,1.0
40.5,81.0,22443,1.0
40.5,81.25,22444,1.0
40.5,81.5,22445,1.0
40.5,81.75,22446,1.0
40.5,82.0,22447,1.0
40.5,82.25,22448,1.0
40.5,82.5,22449,1.0
40.5,82.75,22450,1.0
40.5,83.0,22451,1.0
40.5,83.25,22452,1.0
40.5,83.5,22453,1.0
40.5,83.75,22454,1.0
40.5,84.0,22455,1.0
40.5,84.25,22456,1.0
40.5,84.5,22457,1.0
40.5,84.75,22458,1.0
40.5,85.0,22459,1.0
40.5,85.25,22460,1.0
40.5,85.5,22461,1.0
40.5,85.75,22462,1.0
40.5,86.0,22463,1.0
40.5,86.25,22464,1.0
40.5,86.5,22465,1.0
40.5,86.75,22466,1.0
40.5,87.0,22467,1.0
40.5,87.25,22468,1.0
40.5,87.5,22469,1.0
40.5,87.75,22470,1.0
40.5,88.0,22471,1.0
40.5,88.25,22472,1.0
40.5,88.5,22473,1.0
40.5,88.75,22474,1.0
40.5,89.0,22475,1.0
40.5,89.25,22476,1.0
40.5,89.5,22477,1.0
40.5,89.75,22478,1.0
40.5,90.0,22479,1.0
40.5,90.25,22480,1.0
40.5,90.5,22481,1.0
40.5,90.75,22482,1.0
40.5,91.0,22483,1.0
40.5,91.25,22484,1.0
40.5,91.5,22485,1.0
40.5,91.75,22486,1.0
40.5,92.0,22487,1.0
40.5,92.25,22488,1.0
40.5,92.5,22489,1.0
40.5,92.75,22490,1.0
40.5,93.0,22491,1.0
40.5,93.25,22492,1.0
40.5,93.5,22493,1.0
40.5,93.75,22494,1.0
40.5,94.0,22495,1.0
40.5,94.25,22496,1.0
40.5,94.5,22497,1.0
40.5,94.75,22498,1.0
40.5,95.0,22499,1.0
40.5,95.25,22500,1.0
40.5,95.5,22501,1.0
40.5,95.75,22502,1.0
40.5,96.0,22503,1.0
40.5,96.25,22504,1.0
40.5,96.5,22505,1.0
40.5,96.75,22506,1.0
40.5,97.0,22507,1.0
40.5,97.25,22508,1.0
40.5,97.5,22509,1.0
40.5,97.75,22510,1.0
40.5,98.0,22511,1.0
40.5,98.25,22512,1.0
40.5,98.5,22513,1.0
40.5,98.75,22514,1.0
40.5,99.0,22515,1.0
40.5,99.25,22516,1.0
40.5,99.5,22517,1.0
40.5,99.75,22518,1.0
40.5,100.0,22519,1.0
40.5,100.25,22520,1.0
40.5,100.5,22521,1.0
40.5,100.75,22522,1.0
40.5,101.0,22523,1.0
40.5,101.25,22524,1.0
40.5,101.5,22525,1.0
40.5,101.75,22526,1.0
40.5,102.0,22527,1.0
40.5,102.25,22528,1.0
40.5,102.5,22529,1.0
40.5,102.75,22530,1.0
40.5,103.0,22531,1.0
40.5,103.25,22532,1.0
40.5,103.5,22533,1.0
40.5,103.75,22534,1.0
40.5,104.0,22535,1.0
40.5,104.25,22536,1.0
40.5,104.5,22537,1.0
40.5,104.75,22538,1.0
40.5,105.0,22539,1.0
40.5,105.25,22540,1.0
40.5,105.5,22541,1.0
40.5,105.75,22542,1.0
40.5,106.0,22543,1.0
40.5,106.25,22544,1.0
40.5,106.5,22545,1.0
40.5,106.75,22546,1.0
40.5,107.0,22547,1.0
40.5,107.25,22548,1.0
40.5,107.5,22549,1.0
40.5,107.75,22550,1.0
40.5,108.0,22551,1.0
40.5,108.25,22552,1.0
40.5,108.5,22553,1.0
40.5,108.75,22554,1.0
40.5,109.0,22555,1.0
40.5,109.25,22556,1.0
40.5,109.5,22557,1.0
40.5,109.75,22558,1.0
40.5,110.0,22559,1.0
40.5,110.25,22560,1.0
40.5,110.5,22561,1.0
40.5,110.75,22562,1.0
40.5,111.0,22563,1.0
40.5,111.25,22564,1.0
40.5,111.5,22565,1.0
40.5,111.75,22566,1.0
40.5,112.0,22567,1.0
40.5,112.25,22568,1.0
40.5,112.5,22569,1.0
40.5,112.75,22570,1.0
40.5,113.0,22571,1.0
40.5,113.25,22572,1.0
40.5,113.5,22573,1.0
40.5,113.75,22574,1.0
40.5,114.0,22575,1.0
40.5,114.25,22576,1.0
40.5,114.5,22577,1.0
40.5,114.75,22578,1.0
40.5,115.0,22579,1.0
40.5,115.25,22580,1.0
40.5,115.5,22581,1.0
40.5,115.75,22582,1.0
40.5,116.0,22583,1.0
40.5,116.25,22584,1.0
40.5,116.5,22585,1.0
40.5,116.75,22586,1.0
40.5,117.0,22587,1.0
40.5,117.25,22588,1.0
40.5,117.5,22589,1.0
40.5,117.75,22590,1.0
40.5,118.0,22591,1.0
40.5,118.25,22592,1.0
40.5,118.5,22593,1.0
40.5,118.75,22594,1.0
40.5,119.0,22595,1.0
40.5,119.25,22596,1.0
40.5,119.5,22597,1.0
40.5,119.75,22598,1.0
40.5,120.0,22599,1.0
40.5,120.25,22600,1.0
40.5,120.5,22601,1.0
40.5,122.5,22609,1.0
40.5,122.75,22610,1.0
40.5,123.0,22611,1.0
40.5,123.25,22612,1.0
40.5,123.5,22613,1.0
40.5,123.75,22614,1.0
40.5,124.0,22615,1.0
40.5,124.25,22616,1.0
40.5,124.5,22617,1.0
40.5,124.75,22618,1.0
40.5,125.0,22619,1.0
40.75,76.75,22675,1.0
40.75,77.0,22676,1.0
40.75,77.25,22677,1.0
40.75,77.5,22678,1.0
40.75,77.75,22679,1.0
40.75,78.0,22680,1.0
40.75,78.25,22681,1.0
40.75,78.5,22682,1.0
40.75,78.75,22683,1.0
40.75,79.0,22684,1.0
40.75,79.25,22685,1.0
40.75,79.5,22686,1.0
40.75,79.75,22687,1.0
40.75,80.0,22688,1.0
40.75,80.25,22689,1.0
40.75,80.5,22690,1.0
40.75,80.75,22691,1.0
40.75,81.0,22692,1.0
40.75,81.25,22693,1.0
40.75,81.5,22694,1.0
40.75,81.75,22695,1.0
40.75,82.0,22696,1.0
40.75,82.25,22697,1.0
40.75,82.5,22698,1.0
40.75,82.75,22699,1.0
40.75,83.0,22700,1.0
40.75,83.25,22701,1.0
40.75,83.5,22702,1.0
40.75,83.75,22703,1.0
40.75,84.0,22704,1.0
40.75,84.25,22705,1.0
40.75,84.5,22706,1.0
40.75,84.75,22707,1.0
40.75,85.0,22708,1.0
40.75,85.25,22709,1.0
40.75,85.5,22710,1.0
40.75,85.75,22711,1.0
40.75,86.0,22712,1.0
40.75,86.25,22713,1.0
40.75,86.5,22714,1.0
40.75,86.75,22715,1.0
40.75,87.0,22716,1.0
40.75,87.25,22717,1.0
40.75,87.5,22718,1.0
40.75,87.75,22719,1.0
40.75,88.0,22720,1.0
40.75,88.25,22721,1.0
40.75,88.5,22722,1.0
40.75,88.75,22723,1.0
40.75,89.0,22724,1.0
40.75,89.25,22725,1.0
40.75,89.5,22726,1.0
40.75,89.75,22727,1.0
40.75,90.0,22728,1.0
40.75,90.25,22729,1.0
40.75,90.5,22730,1.0
40.75,90.75,22731,1.0
40.75,91.0,22732,1.0
40.75,91.25,22733,1.0
40.75,91.5,22734,1.0
40.75,91.75,22735,1.0
40.75,92.0,22736,1.0
40.75,92.25,22737,1.0
40.75,92.5,22738,1.0
40.75,92.75,22739,1.0
40.75,93.0,22740,1.0
40.75,93.25,22741,1.0
40.75,93.5,22742,1.0
40.75,93.75,22743,1.0
40.75,94.0,22744,1.0
40.75,94.25,22745,1.0
40.75,94.5,22746,1.0
40.75,94.75,22747,1.0
40.75,95.0,22748,1.0
40.75,95.25,22749,1.0
40.75,95.5,22750,1.0
40.75,95.75,22751,1.0
40.75,96.0,22752,1.0
40.75,96.25,22753,1.0
40.75,96.5,22754,1.0
40.75,96.75,22755,1.0
40.75,97.0,22756,1.0
40.75,97.25,22757,1.0
40.75,97.5,22758,1.0
40.75,97.75,22759,1.0
40.75,98.0,22760,1.0
40.75,98.25,22761,1.0
40.75,98.5,22762,1.0
40.75,98.75,22763,1.0
40.75,99.0,22764,1.0
40.75,99.25,22765,1.0
40.75,99.5,22766,1.0
40.75,99.75,22767,1.0
40.75,100.0,22768,1.0
40.75,100.25,22769,1.0
40.75,100.5,22770,1.0
40.75,100.75,22771,1.0
40.75,101.0,22772,1.0
40.75,101.25,22773,1.0
40.75,101.5,22774,1.0
40.75,101.75,22775,1.0
40.75,102.0,22776,1.0
40.75,102.25,22777,1.0
40.75,102.5,22778,1.0
40.75,102.75,22779,1.0
40.75,103.0,22780,1.0
40.75,103.25,22781,1.0
40.75,103.5,22782,1.0
40.75,103.75,22783,1.0
40.75,104.0,22784,1.0
40.75,104.25,22785,1.0
40.75,104.5,22786,1.0
40.75,104.75,22787,1.0
40.75,105.0,22788,1.0
40.75,105.25,22789,1.0
40.75,105.5,22790,1.0
40.75,105.75,22791,1.0
40.75,106.0,22792,1.0
40.75,106.25,22793,1.0
40.75,106.5,22794,1.0
40.75,106.75,22795,1.0
40.75,107.0,22796,1.0
40.75,107.25,22797,1.0
40.75,107.5,22798,1.0
40.75,107.75,22799,1.0
40.75,108.0,22800,1.0
40.75,108.25,22801,1.0
40.75,108.5,22802,1.0
40.75,108.75,22803,1.0
40.75,109.0,22804,1.0
40.75,109.25,22805,1.0
40.75,109.5,22806,1.0
40.75,109.75,22807,1.0
40.75,110.0,22808,1.0
40.75,110.25,22809,1.0
40.75,110.5,22810,1.0
40.75,110.75,22811,1.0
40.75,111.0,22812,1.0
40.75,111.25,22813,1.0
40.75,111.5,22814,1.0
40.75,111.75,22815,1.0
40.75,112.0,22816,1.0
40.75,112.25,22817,1.0
40.75,112.5,22818,1.0
40.75,112.75,22819,1.0
40.75,113.0,22820,1.0
40.75,113.25,22821,1.0
40.75,113.5,22822,1.0
40.75,113.75,22823,1.0
40.75,114.0,22824,1.0
40.75,114.25,22825,1.0
40.75,114.5,22826,1.0
40.75,114.75,22827,1.0
40.75,115.0,22828,1.0
40.75,115.25,22829,1.0
40.75,115.5,22830,1.0
40.75,115.75,22831,1.0
40.75,116.0,22832,1.0
40.75,116.25,22833,1.0
40.75,116.5,22834,1.0
40.75,116.75,22835,1.0
40.75,117.0,22836,1.0
40.75,117.25,22837,1.0
40.75,117.5,22838,1.0
40.75,117.75,22839,1.0
40.75,118.0,22840,1.0
40.75,118.25,22841,1.0
40.75,118.5,22842,1.0
40.75,118.75,22843,1.0
40.75,119.0,22844,1.0
40.75,119.25,22845,1.0
40.75,119.5,22846,1.0
40.75,119.75,22847,1.0
40.75,120.0,22848,1.0
40.75,120.25,22849,1.0
40.75,120.5,22850,1.0
40.75,120.75,22851,1.0
40.75,121.0,22852,1.0
40.75,122.25,22857,1.0
40.75,122.5,22858,1.0
40.75,122.75,22859,1.0
40.75,123.0,22860,1.0
40.75,123.25,22861,1.0
40.75,123.5,22862,1.0
40.75,123.75,22863,1.0
40.75,124.0,22864,1.0
40.75,124.25,22865,1.0
40.75,124.5,22866,1.0
40.75,124.75,22867,1.0
40.75,125.0,22868,1.0
40.75,125.25,22869,1.0
40.75,125.5,22870,1.0
41.0,77.0,22925,1.0
41.0,77.25,22926,1.0
41.0,77.75,22928,1.0
41.0,78.0,22929,1.0
41.0,78.25,22930,1.0
41.0,78.5,22931,1.0
41.0,78.75,22932,1.0
41.0,79.0,22933,1.0
41.0,79.25,22934,1.0
41.0,79.5,22935,1.0
41.0,79.75,22936,1.0
41.0,80.0,22937,1.0
41.0,80.25,22938,1.0
41.0,80.5,22939,1.0
41.0,80.75,22940,1.0
41.0,81.0,22941,1.0
41.0,81.25,22942,1.0
41.0,81.5,22943,1.0
41.0,81.75,22944,1.0
41.0,82.0,22945,1.0
41.0,82.25,22946,1.0
41.0,82.5,22947,1.0
41.0,82.75,22948,1.0
41.0,83.0,22949,1.0
41.0,83.25,22950,1.0
41.0,83.5,22951,1.0
41.0,83.75,22952,1.0
41.0,84.0,22953,1.0
41.0,84.25,22954,1.0
41.0,84.5,22955,1.0
41.0,84.75,22956,1.0
41.0,85.0,22957,1.0
41.0,85.25,22958,1.0
41.0,85.5,22959,1.0
41.0,85.75,22960,1.0
41.0,86.0,22961,1.0
41.0,86.25,22962,1.0
41.0,86.5,22963,1.0
41.0,86.75,22964,1.0
41.0,87.0,22965,1.0
41.0,87.25,22966,1.0
41.0,87.5,22967,1.0
41.0,87.75,22968,1.0
41.0,88.0,22969,1.0
41.0,88.25,22970,1.0
41.0,88.5,22971,1.0
41.0,88.75,22972,1.0
41.0,89.0,22973,1.0
41.0,89.25,22974,1.0
41.0,89.5,22975,1.0
41.0,89.75,22976,1.0
41.0,90.0,22977,1.0
41.0,90.25,22978,1.0
41.0,90.5,22979,1.0
41.0,90.75,22980,1.0
41.0,91.0,22981,1.0
41.0,91.25,22982,1.0
41.0,91.5,22983,1.0
41.0,91.75,22984,1.0
41.0,92.0,22985,1.0
41.0,92.25,22986,1.0
41.0,92.5,22987,1.0
41.0,92.75,22988,1.0
41.0,93.0,22989,1.0
41.0,93.25,22990,1.0
41.0,93.5,22991,1.0
41.0,93.75,22992,1.0
41.0,94.0,22993,1.0
41.0,94.25,22994,1.0
41.0,94.5,22995,1.0
41.0,94.75,22996,1.0
41.0,95.0,22997,1.0
41.0,95.25,22998,1.0
41.0,95.5,22999,1.0
41.0,95.75,23000,1.0
41.0,96.0,23001,1.0
41.0,96.25,23002,1.0
41.0,96.5,23003,1.0
41.0,96.75,23004,1.0
41.0,97.0,23005,1.0
41.0,97.25,23006,1.0
41.0,97.5,23007,1.0
41.0,97.75,23008,1.0
41.0,98.0,23009,1.0
41.0,98.25,23010,1.0
41.0,98.5,23011,1.0
41.0,98.75,23012,1.0
41.0,99.0,23013,1.0
41.0,99.25,23014,1.0
41.0,99.5,23015,1.0
41.0,99.75,23016,1.0
41.0,100.0,23017,1.0
41.0,100.25,23018,1.0
41.0,100.5,23019,1.0
41.0,100.75,23020,1.0
41.0,101.0,23021,1.0
41.0,101.25,23022,1.0
41.0,101.5,23023,1.0
41.0,101.75,23024,1.0
41.0,102.0,23025,1.0
41.0,102.25,23026,1.0
41.0,102.5,23027,1.0
41.0,102.75,23028,1.0
41.0,103.0,23029,1.0
41.0,103.25,23030,1.0
41.0,103.5,23031,1.0
41.0,103.75,23032,1.0
41.0,104.0,23033,1.0
41.0,104.25,23034,1.0
41.0,104.5,23035,1.0
41.0,104.75,23036,1.0
41.0,105.0,23037,1.0
41.0,105.25,23038,1.0
41.0,105.5,23039,1.0
41.0,105.75,23040,1.0
41.0,106.0,23041,1.0
41.0,106.25,23042,1.0
41.0,106.5,23043,1.0
41.0,106.75,23044,1.0
41.0,107.0,23045,1.0
41.0,107.25,23046,1.0
41.0,107.5,23047,1.0
41.0,107.75,23048,1.0
41.0,108.0,23049,1.0
41.0,108.25,23050,1.0
41.0,108.5,23051,1.0
41.0,108.75,23052,1.0
41.0,109.0,23053,1.0
41.0,109.25,23054,1.0
41.0,109.5,23055,1.0
41.0,109.75,23056,1.0
41.0,110.0,23057,1.0
41.0,110.25,23058,1.0
41.0,110.5,23059,1.0
41.0,110.75,23060,1.0
41.0,111.0,23061,1.0
41.0,111.25,23062,1.0
41.0,111.5,23063,1.0
41.0,111.75,23064,1.0
41.0,112.0,23065,1.0
41.0,112.25,23066,1.0
41.0,112.5,23067,1.0
41.0,112.75,23068,1.0
41.0,113.0,23069,1.0
41.0,113.25,23070,1.0
41.0,113.5,23071,1.0
41.0,113.75,23072,1.0
41.0,114.0,23073,1.0
41.0,114.25,23074,1.0
41.0,114.5,23075,1.0
41.0,114.75,23076,1.0
41.0,115.0,23077,1.0
41.0,115.25,23078,1.0
41.0,115.5,23079,1.0
41.0,115.75,23080,1.0
41.0,116.0,23081,1.0
41.0,116.25,23082,1.0
41.0,116.5,23083,1.0
41.0,116.75,23084,1.0
41.0,117.0,23085,1.0
41.0,117.25,23086,1.0
41.0,117.5,23087,1.0
41.0,117.75,23088,1.0
41.0,118.0,23089,1.0
41.0,118.25,23090,1.0
41.0,118.5,23091,1.0
41.0,118.75,23092,1.0
41.0,119.0,23093,1.0
41.0,119.25,23094,1.0
41.0,119.5,23095,1.0
41.0,119.75,23096,1.0
41.0,120.0,23097,1.0
41.0,120.25,23098,1.0
41.0,120.5,23099,1.0
41.0,120.75,23100,1.0
41.0,121.0,23101,1.0
41.0,121.25,23102,1.0
41.0,121.5,23103,1.0
41.0,121.75,23104,1.0
41.0,122.0,23105,1.0
41.0,122.25,23106,1.0
41.0,122.5,23107,1.0
41.0,122.75,23108,1.0
41.0,123.0,23109,1.0
41.0,123.25,23110,1.0
41.0,123.5,23111,1.0
41.0,123.75,23112,1.0
41.0,124.0,23113,1.0
41.0,124.25,23114,1.0
41.0,124.5,23115,1.0
41.0,124.75,23116,1.0
41.0,125.0,23117,1.0
41.0,125.25,23118,1.0
41.0,125.5,23119,1.0
41.0,125.75,23120,1.0
41.0,126.0,23121,1.0
41.25,78.5,23180,1.0
41.25,78.75,23181,1.0
41.25,79.0,23182,1.0
41.25,79.25,23183,1.0
41.25,79.5,23184,1.0
41.25,79.75,23185,1.0
41.25,80.0,23186,1.0
41.25,80.25,23187,1.0
41.25,80.5,23188,1.0
41.25,80.75,23189,1.0
41.25,81.0,23190,1.0
41.25,81.25,23191,1.0
41.25,81.5,23192,1.0
41.25,81.75,23193,1.0
41.25,82.0,23194,1.0
41.25,82.25,23195,1.0
41.25,82.5,23196,1.0
41.25,82.75,23197,1.0
41.25,83.0,23198,1.0
41.25,83.25,23199,1.0
41.25,83.5,23200,1.0
41.25,83.75,23201,1.0
41.25,84.0,23202,1.0
41.25,84.25,23203,1.0
41.25,84.5,23204,1.0
41.25,84.75,23205,1.0
41.25,85.0,23206,1.0
41.25,85.25,23207,1.0
41.25,85.5,23208,1.0
41.25,85.75,23209,1.0
41.25,86.0,23210,1.0
41.25,86.25,23211,1.0
41.25,86.5,23212,1.0
41.25,86.75,23213,1.0
41.25,87.0,23214,1.0
41.25,87.25,23215,1.0
41.25,87.5,23216,1.0
41.25,87.75,23217,1.0
41.25,88.0,23218,1.0
41.25,88.25,23219,1.0
41.25,88.5,23220,1.0
41.25,88.75,23221,1.0
41.25,89.0,23222,1.0
41.25,89.25,23223,1.0
41.25,89.5,23224,1.0
41.25,89.75,23225,1.0
41.25,90.0,23226,1.0
41.25,90.25,23227,1.0
41.25,90.5,23228,1.0
41.25,90.75,23229,1.0
41.25,91.0,23230,1.0
41.25,91.25,23231,1.0
41.25,91.5,23232,1.0
41.25,91.75,23233,1.0
41.25,92.0,23234,1.0
41.25,92.25,23235,1.0
41.25,92.5,23236,1.0
41.25,92.75,23237,1.0
41.25,93.0,23238,1.0
41.25,93.25,23239,1.0
41.25,93.5,23240,1.0
41.25,93.75,23241,1.0
41.25,94.0,23242,1.0
41.25,94.25,23243,1.0
41.25,94.5,23244,1.0
41.25,94.75,23245,1.0
41.25,95.0,23246,1.0
41.25,95.25,23247,1.0
41.25,95.5,23248,1.0
41.25,95.75,23249,1.0
41.25,96.0,23250,1.0
41.25,96.25,23251,1.0
41.25,96.5,23252,1.0
41.25,96.75,23253,1.0
41.25,97.0,23254,1.0
41.25,97.25,23255,1.0
41.25,97.5,23256,1.0
41.25,97.75,23257,1.0
41.25,98.0,23258,1.0
41.25,98.25,23259,1.0
41.25,98.5,23260,1.0
41.25,98.75,23261,1.0
41.25,99.0,23262,1.0
41.25,99.25,23263,1.0
41.25,99.5,23264,1.0
41.25,99.75,23265,1.0
41.25,100.0,23266,1.0
41.25,100.25,23267,1.0
41.25,100.5,23268,1.0
41.25,100.75,23269,1.0
41.25,101.0,23270,1.0
41.25,101.25,23271,1.0
41.25,101.5,23272,1.0
41.25,101.75,23273,1.0
41.25,102.0,23274,1.0
41.25,102.25,23275,1.0
41.25,102.5,23276,1.0
41.25,102.75,23277,1.0
41.25,103.0,23278,1.0
41.25,103.25,23279,1.0
41.25,103.5,23280,1.0
41.25,103.75,23281,1.0
41.25,104.0,23282,1.0
41.25,104.25,23283,1.0
41.25,104.5,23284,1.0
41.25,104.75,23285,1.0
41.25,105.0,23286,1.0
41.25,105.25,23287,1.0
41.25,105.5,23288,1.0
41.25,105.75,23289,1.0
41.25,106.0,23290,1.0
41.25,106.25,23291,1.0
41.25,106.5,23292,1.0
41.25,106.75,23293,1.0
41.25,107.0,23294,1.0
41.25,107.25,23295,1.0
41.25,107.5,23296,1.0
41.25,107.75,23297,1.0
41.25,108.0,23298,1.0
41.25,108.25,23299,1.0
41.25,108.5,23300,1.0
41.25,108.75,23301,1.0
41.25,109.0,23302,1.0
41.25,109.25,23303,1.0
41.25,109.5,23304,1.0
41.25,109.75,23305,1.0
41.25,110.0,23306,1.0
41.25,110.25,23307,1.0
41.25,110.5,23308,1.0
41.25,110.75,23309,1.0
41.25,111.0,23310,1.0
41.25,111.25,23311,1.0
41.25,111.5,23312,1.0
41.25,111.75,23313,1.0
41.25,112.0,23314,1.0
41.25,112.25,23315,1.0
41.25,112.5,23316,1.0
41.25,112.75,23317,1.0
41.25,113.0,23318,1.0
41.25,113.25,23319,1.0
41.25,113.5,23320,1.0
41.25,113.75,23321,1.0
41.25,114.0,23322,1.0
41.25,114.25,23323,1.0
41.25,114.5,23324,1.0
41.25,114.75,23325,1.0
41.25,115.0,23326,1.0
41.25,115.25,23327,1.0
41.25,115.5,23328,1.0
41.25,115.75,23329,1.0
41.25,116.0,23330,1.0
41.25,116.25,23331,1.0
41.25,116.5,23332,1.0
41.25,116.75,23333,1.0
41.25,117.0,23334,1.0
41.25,117.25,23335,1.0
41.25,117.5,23336,1.0
41.25,117.75,23337,1.0
41.25,118.0,23338,1.0
41.25,118.25,23339,1.0
41.25,118.5,23340,1.0
41.25,118.75,23341,1.0
41.25,119.0,23342,1.0
41.25,119.25,23343,1.0
41.25,119.5,23344,1.0
41.25,119.75,23345,1.0
41.25,120.0,23346,1.0
41.25,120.25,23347,1.0
41.25,120.5,23348,1.0
41.25,120.75,23349,1.0
41.25,121.0,23350,1.0
41.25,121.25,23351,1.0
41.25,121.5,23352,1.0
41.25,121.75,23353,1.0
41.25,122.0,23354,1.0
41.25,122.25,23355,1.0
41.25,122.5,23356,1.0
41.25,122.75,23357,1.0
41.25,123.0,23358,1.0
41.25,123.25,23359,1.0
41.25,123.5,23360,1.0
41.25,123.75,23361,1.0
41.25,124.0,23362,1.0
41.25,124.25,23363,1.0
41.25,124.5,23364,1.0
41.25,124.75,23365,1.0
41.25,125.0,23366,1.0
41.25,125.25,23367,1.0
41.25,125.5,23368,1.0
41.25,125.75,23369,1.0
41.25,126.0,23370,1.0
41.25,126.25,23371,1.0
41.5,78.75,23430,1.0
41.5,79.0,23431,1.0
41.5,79.25,23432,1.0
41.5,79.5,23433,1.0
41.5,79.75,23434,1.0
41.5,80.0,23435,1.0
41.5,80.25,23436,1.0
41.5,80.5,23437,1.0
41.5,80.75,23438,1.0
41.5,81.0,23439,1.0
41.5,81.25,23440,1.0
41.5,81.5,23441,1.0
41.5,81.75,23442,1.0
41.5,82.0,23443,1.0
41.5,82.25,23444,1.0
41.5,82.5,23445,1.0
41.5,82.75,23446,1.0
41.5,83.0,23447,1.0
41.5,83.25,23448,1.0
41.5,83.5,23449,1.0
41.5,83.75,23450,1.0
41.5,84.0,23451,1.0
41.5,84.25,23452,1.0
41.5,84.5,23453,1.0
41.5,84.75,23454,1.0
41.5,85.0,23455,1.0
41.5,85.25,23456,1.0
41.5,85.5,23457,1.0
41.5,85.75,23458,1.0
41.5,86.0,23459,1.0
41.5,86.25,23460,1.0
41.5,86.5,23461,1.0
41.5,86.75,23462,1.0
41.5,87.0,23463,1.0
41.5,87.25,23464,1.0
41.5,87.5,23465,1.0
41.5,87.75,23466,1.0
41.5,88.0,23467,1.0
41.5,88.25,23468,1.0
41.5,88.5,23469,1.0
41.5,88.75,23470,1.0
41.5,89.0,23471,1.0
41.5,89.25,23472,1.0
41.5,89.5,23473,1.0
41.5,89.75,23474,1.0
41.5,90.0,23475,1.0
41.5,90.25,23476,1.0
41.5,90.5,23477,1.0
41.5,90.75,23478,1.0
41.5,91.0,23479,1.0
41.5,91.25,23480,1.0
41.5,91.5,23481,1.0
41.5,91.75,23482,1.0
41.5,92.0,23483,1.0
41.5,92.25,23484,1.0
41.5,92.5,23485,1.0
41.5,92.75,23486,1.0
41.5,93.0,23487,1.0
41.5,93.25,23488,1.0
41.5,93.5,23489,1.0
41.5,93.75,23490,1.0
41.5,94.0,23491,1.0
41.5,94.25,23492,1.0
41.5,94.5,23493,1.0
41.5,94.75,23494,1.0
41.5,95.0,23495,1.0
41.5,95.25,23496,1.0
41.5,95.5,23497,1.0
41.5,95.75,23498,1.0
41.5,96.0,23499,1.0
41.5,96.25,23500,1.0
41.5,96.5,23501,1.0
41.5,96.75,23502,1.0
41.5,97.0,23503,1.0
41.5,97.25,23504,1.0
41.5,97.5,23505,1.0
41.5,97.75,23506,1.0
41.5,98.0,23507,1.0
41.5,98.25,23508,1.0
41.5,98.5,23509,1.0
41.5,98.75,23510,1.0
41.5,99.0,23511,1.0
41.5,99.25,23512,1.0
41.5,99.5,23513,1.0
41.5,99.75,23514,1.0
41.5,100.0,23515,1.0
41.5,100.25,23516,1.0
41.5,100.5,23517,1.0
41.5,100.75,23518,1.0
41.5,101.0,23519,1.0
41.5,101.25,23520,1.0
41.5,101.5,23521,1.0
41.5,101.75,23522,1.0
41.5,102.0,23523,1.0
41.5,102.25,23524,1.0
41.5,102.5,23525,1.0
41.5,102.75,23526,1.0
41.5,103.0,23527,1.0
41.5,103.25,23528,1.0
41.5,103.5,23529,1.0
41.5,103.75,23530,1.0
41.5,104.0,23531,1.0
41.5,104.25,23532,1.0
41.5,104.5,23533,1.0
41.5,104.75,23534,1.0
41.5,105.0,23535,1.0
41.5,105.25,23536,1.0
41.5,105.5,23537,1.0
41.5,105.75,23538,1.0
41.5,106.0,23539,1.0
41.5,106.25,23540,1.0
41.5,106.5,23541,1.0
41.5,106.75,23542,1.0
41.5,107.0,23543,1.0
41.5,107.25,23544,1.0
41.5,107.5,23545,1.0
41.5,107.75,23546,1.0
41.5,108.0,23547,1.0
41.5,108.25,23548,1.0
41.5,108.5,23549,1.0
41.5,108.75,23550,1.0
41.5,109.0,23551,1.0
41.5,109.25,23552,1.0
41.5,109.5,23553,1.0
41.5,109.75,23554,1.0
41.5,110.0,23555,1.0
41.5,110.25,23556,1.0
41.5,110.5,23557,1.0
41.5,110.75,23558,1.0
41.5,111.0,23559,1.0
41.5,111.25,23560,1.0
41.5,111.5,23561,1.0
41.5,111.75,23562,1.0
41.5,112.0,23563,1.0
41.5,112.25,23564,1.0
41.5,112.5,23565,1.0
41.5,112.75,23566,1.0
41.5,113.0,23567,1.0
41.5,113.25,23568,1.0
41.5,113.5,23569,1.0
41.5,113.75,23570,1.0
41.5,114.0,23571,1.0
41.5,114.25,23572,1.0
41.5,114.5,23573,1.0
41.5,114.75,23574,1.0
41.5,115.0,23575,1.0
41.5,115.25,23576,1.0
41.5,115.5,23577,1.0
41.5,115.75,23578,1.0
41.5,116.0,23579,1.0
41.5,116.25,23580,1.0
41.5,116.5,23581,1.0
41.5,116.75,23582,1.0
41.5,117.0,23583,1.0
41.5,117.25,23584,1.0
41.5,117.5,23585,1.0
41.5,117.75,23586,1.0
41.5,118.0,23587,1.0
41.5,118.25,23588,1.0
41.5,118.5,23589,1.0
41.5,118.75,23590,1.0
41.5,119.0,23591,1.0
41.5,119.25,23592,1.0
41.5,119.5,23593,1.0
41.5,119.75,23594,1.0
41.5,120.0,23595,1.0
41.5,120.25,23596,1.0
41.5,120.5,23597,1.0
41.5,120.75,23598,1.0
41.5,121.0,23599,1.0
41.5,121.25,23600,1.0
41.5,121.5,23601,1.0
41.5,121.75,23602,1.0
41.5,122.0,23603,1.0
41.5,122.25,23604,1.0
41.5,122.5,23605,1.0
41.5,122.75,23606,1.0
41.5,123.0,23607,1.0
41.5,123.25,23608,1.0
41.5,123.5,23609,1.0
41.5,123.75,23610,1.0
41.5,124.0,23611,1.0
41.5,124.25,23612,1.0
41.5,124.5,23613,1.0
41.5,124.75,23614,1.0
41.5,125.0,23615,1.0
41.5,125.25,23616,1.0
41.5,125.5,23617,1.0
41.5,125.75,23618,1.0
41.5,126.0,23619,1.0
41.5,126.25,23620,1.0
41.5,126.5,23621,1.0
41.5,127.5,23625,1.0
41.5,127.75,23626,1.0
41.5,128.0,23627,1.0
41.5,128.25,23628,1.0
41.75,79.25,23681,1.0
41.75,79.5,23682,1.0
41.75,79.75,23683,1.0
41.75,80.0,23684,1.0
41.75,80.25,23685,1.0
41.75,80.5,23686,1.0
41.75,80.75,23687,1.0
41.75,81.0,23688,1.0
41.75,81.25,23689,1.0
41.75,81.5,23690,1.0
41.75,81.75,23691,1.0
41.75,82.0,23692,1.0
41.75,82.25,23693,1.0
41.75,82.5,23694,1.0
41.75,82.75,23695,1.0
41.75,83.0,23696,1.0
41.75,83.25,23697,1.0
41.75,83.5,23698,1.0
41.75,83.75,23699,1.0
41.75,84.0,23700,1.0
41.75,84.25,23701,1.0
41.75,84.5,23702,1.0
41.75,84.75,23703,1.0
41.75,85.0,23704,1.0
41.75,85.25,23705,1.0
41.75,85.5,23706,1.0
41.75,85.75,23707,1.0
41.75,86.0,23708,1.0
41.75,86.25,23709,1.0
41.75,86.5,23710,1.0
41.75,86.75,23711,1.0
41.75,87.0,23712,1.0
41.75,87.25,23713,1.0
41.75,87.5,23714,1.0
41.75,87.75,23715,1.0
41.75,88.0,23716,1.0
41.75,88.25,23717,1.0
41.75,88.5,23718,1.0
41.75,88.75,23719,1.0
41.75,89.0,23720,1.0
41.75,89.25,23721,1.0
41.75,89.5,23722,1.0
41.75,89.75,23723,1.0
41.75,90.0,23724,1.0
41.75,90.25,23725,1.0
41.75,90.5,23726,1.0
41.75,90.75,23727,1.0
41.75,91.0,23728,1.0
41.75,91.25,23729,1.0
41.75,91.5,23730,1.0
41.75,91.75,23731,1.0
41.75,92.0,23732,1.0
41.75,92.25,23733,1.0
41.75,92.5,23734,1.0
41.75,92.75,23735,1.0
41.75,93.0,23736,1.0
41.75,93.25,23737,1.0
41.75,93.5,23738,1.0
41.75,93.75,23739,1.0
41.75,94.0,23740,1.0
41.75,94.25,23741,1.0
41.75,94.5,23742,1.0
41.75,94.75,23743,1.0
41.75,95.0,23744,1.0
41.75,95.25,23745,1.0
41.75,95.5,23746,1.0
41.75,95.75,23747,1.0
41.75,96.0,23748,1.0
41.75,96.25,23749,1.0
41.75,96.5,23750,1.0
41.75,96.75,23751,1.0
41.75,97.0,23752,1.0
41.75,97.25,23753,1.0
41.75,97.5,23754,1.0
41.75,97.75,23755,1.0
41.75,98.0,23756,1.0
41.75,98.25,23757,1.0
41.75,98.5,23758,1.0
41.75,98.75,23759,1.0
41.75,99.0,23760,1.0
41.75,99.25,23761,1.0
41.75,99.5,23762,1.0
41.75,99.75,23763,1.0
41.75,100.0,23764,1.0
41.75,100.25,23765,1.0
41.75,100.5,23766,1.0
41.75,100.75,23767,1.0
41.75,101.0,23768,1.0
41.75,101.25,23769,1.0
41.75,101.5,23770,1.0
41.75,101.75,23771,1.0
41.75,102.0,23772,1.0
41.75,102.25,23773,1.0
41.75,102.5,23774,1.0
41.75,102.75,23775,1.0
41.75,103.0,23776,1.0
41.75,103.25,23777,1.0
41.75,103.5,23778,1.0
41.75,103.75,23779,1.0
41.75,104.0,23780,1.0
41.75,104.25,23781,1.0
41.75,105.25,23785,1.0
41.75,105.5,23786,1.0
41.75,105.75,23787,1.0
41.75,106.0,23788,1.0
41.75,106.25,23789,1.0
41.75,106.5,23790,1.0
41.75,106.75,23791,1.0
41.75,107.0,23792,1.0
41.75,107.25,23793,1.0
41.75,107.5,23794,1.0
41.75,107.75,23795,1.0
41.75,108.0,23796,1.0
41.75,108.25,23797,1.0
41.75,108.5,23798,1.0
41.75,108.75,23799,1.0
41.75,109.0,23800,1.0
41.75,109.25,23801,1.0
41.75,109.5,23802,1.0
41.75,109.75,23803,1.0
41.75,110.0,23804,1.0
41.75,110.25,23805,1.0
41.75,110.5,23806,1.0
41.75,110.75,23807,1.0
41.75,111.0,23808,1.0
41.75,111.25,23809,1.0
41.75,111.5,23810,1.0
41.75,111.75,23811,1.0
41.75,112.0,23812,1.0
41.75,112.25,23813,1.0
41.75,112.5,23814,1.0
41.75,112.75,23815,1.0
41.75,113.0,23816,1.0
41.75,113.25,23817,1.0
41.75,113.5,23818,1.0
41.75,113.75,23819,1.0
41.75,114.0,23820,1.0
41.75,114.25,23821,1.0
41.75,114.5,23822,1.0
41.75,114.75,23823,1.0
41.75,115.0,23824,1.0
41.75,115.25,23825,1.0
41.75,115.5,23826,1.0
41.75,115.75,23827,1.0
41.75,116.0,23828,1.0
41.75,116.25,23829,1.0
41.75,116.5,23830,1.0
41.75,116.75,23831,1.0
41.75,117.0,23832,1.0
41.75,117.25,23833,1.0
41.75,117.5,23834,1.0
41.75,117.75,23835,1.0
41.75,118.0,23836,1.0
41.75,118.25,23837,1.0
41.75,118.5,23838,1.0
41.75,118.75,23839,1.0
41.75,119.0,23840,1.0
41.75,119.25,23841,1.0
41.75,119.5,23842,1.0
41.75,119.75,23843,1.0
41.75,120.0,23844,1.0
41.75,120.25,23845,1.0
41.75,120.5,23846,1.0
41.75,120.75,23847,1.0
41.75,121.0,23848,1.0
41.75,121.25,23849,1.0
41.75,121.5,23850,1.0
41.75,121.75,23851,1.0
41.75,122.0,23852,1.0
41.75,122.25,23853,1.0
41.75,122.5,23854,1.0
41.75,122.75,23855,1.0
41.75,123.0,23856,1.0
41.75,123.25,23857,1.0
41.75,123.5,23858,1.0
41.75,123.75,23859,1.0
41.75,124.0,23860,1.0
41.75,124.25,23861,1.0
41.75,124.5,23862,1.0
41.75,124.75,23863,1.0
41.75,125.0,23864,1.0
41.75,125.25,23865,1.0
41.75,125.5,23866,1.0
41.75,125.75,23867,1.0
41.75,126.0,23868,1.0
41.75,126.25,23869,1.0
41.75,126.5,23870,1.0
41.75,126.75,23871,1.0
41.75,127.0,23872,1.0
41.75,127.25,23873,1.0
41.75,127.5,23874,1.0
41.75,127.75,23875,1.0
41.75,128.0,23876,1.0
42.0,80.0,23933,1.0
42.0,80.25,23934,1.0
42.0,80.5,23935,1.0
42.0,80.75,23936,1.0
42.0,81.0,23937,1.0
42.0,81.25,23938,1.0
42.0,81.5,23939,1.0
42.0,81.75,23940,1.0
42.0,82.0,23941,1.0
42.0,82.25,23942,1.0
42.0,82.5,23943,1.0
42.0,82.75,23944,1.0
42.0,83.0,23945,1.0
42.0,83.25,23946,1.0
42.0,83.5,23947,1.0
42.0,83.75,23948,1.0
42.0,84.0,23949,1.0
42.0,84.25,23950,1.0
42.0,84.5,23951,1.0
42.0,84.75,23952,1.0
42.0,85.0,23953,1.0
42.0,85.25,23954,1.0
42.0,85.5,23955,1.0
42.0,85.75,23956,1.0
42.0,86.0,23957,1.0
42.0,86.25,23958,1.0
42.0,86.5,23959,1.0
42.0,86.75,23960,1.0
42.0,87.0,23961,1.0
42.0,87.25,23962,1.0
42.0,87.5,23963,1.0
42.0,87.75,23964,1.0
42.0,88.0,23965,1.0
42.0,88.25,23966,1.0
42.0,88.5,23967,1.0
42.0,88.75,23968,1.0
42.0,89.0,23969,1.0
42.0,89.25,23970,1.0
42.0,89.5,23971,1.0
42.0,89.75,23972,1.0
42.0,90.0,23973,1.0
42.0,90.25,23974,1.0
42.0,90.5,23975,1.0
42.0,90.75,23976,1.0
42.0,91.0,23977,1.0
42.0,91.25,23978,1.0
42.0,91.5,23979,1.0
42.0,91.75,23980,1.0
42.0,92.0,23981,1.0
42.0,92.25,23982,1.0
42.0,92.5,23983,1.0
42.0,92.75,23984,1.0
42.0,93.0,23985,1.0
42.0,93.25,23986,1.0
42.0,93.5,23987,1.0
42.0,93.75,23988,1.0
42.0,94.0,23989,1.0
42.0,94.25,23990,1.0
42.0,94.5,23991,1.0
42.0,94.75,23992,1.0
42.0,95.0,23993,1.0
42.0,95.25,23994,1.0
42.0,95.5,23995,1.0
42.0,95.75,23996,1.0
42.0,96.0,23997,1.0
42.0,96.25,23998,1.0
42.0,96.5,23999,1.0
42.0,96.75,24000,1.0
42.0,97.0,24001,1.0
42.0,97.25,24002,1.0
42.0,97.5,24003,1.0
42.0,97.75,24004,1.0
42.0,98.0,24005,1.0
42.0,98.25,24006,1.0
42.0,98.5,24007,1.0
42.0,98.75,24008,1.0
42.0,99.0,24009,1.0
42.0,99.25,24010,1.0
42.0,99.5,24011,1.0
42.0,99.75,24012,1.0
42.0,100.0,24013,1.0
42.0,100.25,24014,1.0
42.0,100.5,24015,1.0
42.0,100.75,24016,1.0
42.0,101.0,24017,1.0
42.0,101.25,24018,1.0
42.0,101.5,24019,1.0
42.0,101.75,24020,1.0
42.0,102.0,24021,1.0
42.0,102.25,24022,1.0
42.0,102.5,24023,1.0
42.0,102.75,24024,1.0
42.0,103.0,24025,1.0
42.0,106.0,24037,1.0
42.0,106.25,24038,1.0
42.0,106.5,24039,1.0
42.0,106.75,24040,1.0
42.0,107.0,24041,1.0
42.0,107.25,24042,1.0
42.0,107.5,24043,1.0
42.0,107.75,24044,1.0
42.0,108.0,24045,1.0
42.0,108.25,24046,1.0
42.0,108.5,24047,1.0
42.0,108.75,24048,1.0
42.0,109.0,24049,1.0
42.0,109.25,24050,1.0
42.0,109.5,24051,1.0
42.0,109.75,24052,1.0
42.0,110.0,24053,1.0
42.0,110.25,24054,1.0
42.0,110.5,24055,1.0
42.0,110.75,24056,1.0
42.0,111.0,24057,1.0
42.0,111.25,24058,1.0
42.0,111.5,24059,1.0
42.0,111.75,24060,1.0
42.0,112.0,24061,1.0
42.0,112.25,24062,1.0
42.0,112.5,24063,1.0
42.0,112.75,24064,1.0
42.0,113.0,24065,1.0
42.0,113.25,24066,1.0
42.0,113.5,24067,1.0
42.0,113.75,24068,1.0
42.0,114.0,24069,1.0
42.0,114.25,24070,1.0
42.0,114.5,24071,1.0
42.0,114.75,24072,1.0
42.0,115.0,24073,1.0
42.0,115.25,24074,1.0
42.0,115.5,24075,1.0
42.0,115.75,24076,1.0
42.0,116.0,24077,1.0
42.0,116.25,24078,1.0
42.0,116.5,24079,1.0
42.0,116.75,24080,1.0
42.0,117.0,24081,1.0
42.0,117.25,24082,1.0
42.0,117.5,24083,1.0
42.0,117.75,24084,1.0
42.0,118.0,24085,1.0
42.0,118.25,24086,1.0
42.0,118.5,24087,1.0
42.0,118.75,24088,1.0
42.0,119.0,24089,1.0
42.0,119.25,24090,1.0
42.0,119.5,24091,1.0
42.0,119.75,24092,1.0
42.0,120.0,24093,1.0
42.0,120.25,24094,1.0
42.0,120.5,24095,1.0
42.0,120.75,24096,1.0
42.0,121.0,24097,1.0
42.0,121.25,24098,1.0
42.0,121.5,24099,1.0
42.0,121.75,24100,1.0
42.0,122.0,24101,1.0
42.0,122.25,24102,1.0
42.0,122.5,24103,1.0
42.0,122.75,24104,1.0
42.0,123.0,24105,1.0
42.0,123.25,24106,1.0
42.0,123.5,24107,1.0
42.0,123.75,24108,1.0
42.0,124.0,24109,1.0
42.0,124.25,24110,1.0
42.0,124.5,24111,1.0
42.0,124.75,24112,1.0
42.0,125.0,24113,1.0
42.0,125.25,24114,1.0
42.0,125.5,24115,1.0
42.0,125.75,24116,1.0
42.0,126.0,24117,1.0
42.0,126.25,24118,1.0
42.0,126.5,24119,1.0
42.0,126.75,24120,1.0
42.0,127.0,24121,1.0
42.0,127.25,24122,1.0
42.0,127.5,24123,1.0
42.0,127.75,24124,1.0
42.0,128.0,24125,1.0
42.25,80.5,24184,1.0
42.25,80.75,24185,1.0
42.25,81.0,24186,1.0
42.25,81.25,24187,1.0
42.25,81.5,24188,1.0
42.25,81.75,24189,1.0
42.25,82.0,24190,1.0
42.25,82.25,24191,1.0
42.25,82.5,24192,1.0
42.25,82.75,24193,1.0
42.25,83.0,24194,1.0
42.25,83.25,24195,1.0
42.25,83.5,24196,1.0
42.25,83.75,24197,1.0
42.25,84.0,24198,1.0
42.25,84.25,24199,1.0
42.25,84.5,24200,1.0
42.25,84.75,24201,1.0
42.25,85.0,24202,1.0
42.25,85.25,24203,1.0
42.25,85.5,24204,1.0
42.25,85.75,24205,1.0
42.25,86.0,24206,1.0
42.25,86.25,24207,1.0
42.25,86.5,24208,1.0
42.25,86.75,24209,1.0
42.25,87.0,24210,1.0
42.25,87.25,24211,1.0
42.25,87.5,24212,1.0
42.25,87.75,24213,1.0
42.25,88.0,24214,1.0
42.25,88.25,24215,1.0
42.25,88.5,24216,1.0
42.25,88.75,24217,1.0
42.25,89.0,24218,1.0
42.25,89.25,24219,1.0
42.25,89.5,24220,1.0
42.25,89.75,24221,1.0
42.25,90.0,24222,1.0
42.25,90.25,24223,1.0
42.25,90.5,24224,1.0
42.25,90.75,24225,1.0
42.25,91.0,24226,1.0
42.25,91.25,24227,1.0
42.25,91.5,24228,1.0
42.25,91.75,24229,1.0
42.25,92.0,24230,1.0
42.25,92.25,24231,1.0
42.25,92.5,24232,1.0
42.25,92.75,24233,1.0
42.25,93.0,24234,1.0
42.25,93.25,24235,1.0
42.25,93.5,24236,1.0
42.25,93.75,24237,1.0
42.25,94.0,24238,1.0
42.25,94.25,24239,1.0
42.25,94.5,24240,1.0
42.25,94.75,24241,1.0
42.25,95.0,24242,1.0
42.25,95.25,24243,1.0
42.25,95.5,24244,1.0
42.25,95.75,24245,1.0
42.25,96.0,24246,1.0
42.25,96.25,24247,1.0
42.25,96.5,24248,1.0
42.25,96.75,24249,1.0
42.25,97.0,24250,1.0
42.25,97.25,24251,1.0
42.25,97.5,24252,1.0
42.25,97.75,24253,1.0
42.25,98.0,24254,1.0
42.25,98.25,24255,1.0
42.25,98.5,24256,1.0
42.25,98.75,24257,1.0
42.25,99.0,24258,1.0
42.25,99.25,24259,1.0
42.25,99.5,24260,1.0
42.25,99.75,24261,1.0
42.25,100.0,24262,1.0
42.25,100.25,24263,1.0
42.25,100.5,24264,1.0
42.25,100.75,24265,1.0
42.25,101.0,24266,1.0
42.25,101.25,24267,1.0
42.25,101.5,24268,1.0
42.25,101.75,24269,1.0
42.25,106.75,24289,1.0
42.25,107.0,24290,1.0
42.25,107.25,24291,1.0
42.25,107.5,24292,1.0
42.25,107.75,24293,1.0
42.25,108.0,24294,1.0
42.25,108.25,24295,1.0
42.25,108.5,24296,1.0
42.25,108.75,24297,1.0
42.25,109.0,24298,1.0
42.25,109.25,24299,1.0
42.25,109.5,24300,1.0
42.25,109.75,24301,1.0
42.25,110.0,24302,1.0
42.25,110.25,24303,1.0
42.25,110.5,24304,1.0
42.25,110.75,24305,1.0
42.25,111.0,24306,1.0
42.25,111.25,24307,1.0
42.25,111.5,24308,1.0
42.25,111.75,24309,1.0
42.25,112.0,24310,1.0
42.25,112.25,24311,1.0
42.25,112.5,24312,1.0
42.25,112.75,24313,1.0
42.25,113.0,24314,1.0
42.25,113.25,24315,1.0
42.25,113.5,24316,1.0
42.25,113.75,24317,1.0
42.25,114.0,24318,1.0
42.25,114.25,24319,1.0
42.25,114.5,24320,1.0
42.25,114.75,24321,1.0
42.25,115.0,24322,1.0
42.25,115.25,24323,1.0
42.25,115.5,24324,1.0
42.25,115.75,24325,1.0
42.25,116.0,24326,1.0
42.25,116.25,24327,1.0
42.25,116.5,24328,1.0
42.25,116.75,24329,1.0
42.25,117.0,24330,1.0
42.25,117.25,24331,1.0
42.25,117.5,24332,1.0
42.25,117.75,24333,1.0
42.25,118.0,24334,1.0
42.25,118.25,24335,1.0
42.25,118.5,24336,1.0
42.25,118.75,24337,1.0
42.25,119.0,24338,1.0
42.25,119.25,24339,1.0
42.25,119.5,24340,1.0
42.25,119.75,24341,1.0
42.25,120.0,24342,1.0
42.25,120.25,24343,1.0
42.25,120.5,24344,1.0
42.25,120.75,24345,1.0
42.25,121.0,24346,1.0
42.25,121.25,24347,1.0
42.25,121.5,24348,1.0
42.25,121.75,24349,1.0
42.25,122.0,24350,1.0
42.25,122.25,24351,1.0
42.25,122.5,24352,1.0
42.25,122.75,24353,1.0
42.25,123.0,24354,1.0
42.25,123.25,24355,1.0
42.25,123.5,24356,1.0
42.25,123.75,24357,1.0
42.25,124.0,24358,1.0
42.25,124.25,24359,1.0
42.25,124.5,24360,1.0
42.25,124.75,24361,1.0
42.25,125.0,24362,1.0
42.25,125.25,24363,1.0
42.25,125.5,24364,1.0
42.25,125.75,24365,1.0
42.25,126.0,24366,1.0
42.25,126.25,24367,1.0
42.25,126.5,24368,1.0
42.25,126.75,24369,1.0
42.25,127.0,24370,1.0
42.25,127.25,24371,1.0
42.25,127.5,24372,1.0
42.25,127.75,24373,1.0
42.25,128.0,24374,1.0
42.25,128.25,24375,1.0
42.25,128.5,24376,1.0
42.25,128.75,24377,1.0
42.25,129.0,24378,1.0
42.5,80.25,24432,1.0
42.5,80.5,24433,1.0
42.5,80.75,24434,1.0
42.5,81.0,24435,1.0
42.5,81.25,24436,1.0
42.5,81.5,24437,1.0
42.5,81.75,24438,1.0
42.5,82.0,24439,1.0
42.5,82.25,24440,1.0
42.5,82.5,24441,1.0
42.5,82.75,24442,1.0
42.5,83.0,24443,1.0
42.5,83.25,24444,1.0
42.5,83.5,24445,1.0
42.5,83.75,24446,1.0
42.5,84.0,24447,1.0
42.5,84.25,24448,1.0
42.5,84.5,24449,1.0
42.5,84.75,24450,1.0
42.5,85.0,24451,1.0
42.5,85.25,24452,1.0
42.5,85.5,24453,1.0
42.5,85.75,24454,1.0
42.5,86.0,24455,1.0
42.5,86.25,24456,1.0
42.5,86.5,24457,1.0
42.5,86.75,24458,1.0
42.5,87.0,24459,1.0
42.5,87.25,24460,1.0
42.5,87.5,24461,1.0
42.5,87.75,24462,1.0
42.5,88.0,24463,1.0
42.5,88.25,24464,1.0
42.5,88.5,24465,1.0
42.5,88.75,24466,1.0
42.5,89.0,24467,1.0
42.5,89.25,24468,1.0
42.5,89.5,24469,1.0
42.5,89.75,24470,1.0
42.5,90.0,24471,1.0
42.5,90.25,24472,1.0
42.5,90.5,24473,1.0
42.5,90.75,24474,1.0
42.5,91.0,24475,1.0
42.5,91.25,24476,1.0
42.5,91.5,24477,1.0
42.5,91.75,24478,1.0
42.5,92.0,24479,1.0
42.5,92.25,24480,1.0
42.5,92.5,24481,1.0
42.5,92.75,24482,1.0
42.5,93.0,24483,1.0
42.5,93.25,24484,1.0
42.5,93.5,24485,1.0
42.5,93.75,24486,1.0
42.5,94.0,24487,1.0
42.5,94.25,24488,1.0
42.5,94.5,24489,1.0
42.5,94.75,24490,1.0
42.5,95.0,24491,1.0
42.5,95.25,24492,1.0
42.5,95.5,24493,1.0
42.5,95.75,24494,1.0
42.5,96.0,24495,1.0
42.5,96.25,24496,1.0
42.5,96.5,24497,1.0
42.5,96.75,24498,1.0
42.5,97.0,24499,1.0
42.5,97.25,24500,1.0
42.5,97.5,24501,1.0
42.5,97.75,24502,1.0
42.5,98.0,24503,1.0
42.5,98.25,24504,1.0
42.5,98.5,24505,1.0
42.5,98.75,24506,1.0
42.5,99.0,24507,1.0
42.5,99.25,24508,1.0
42.5,99.5,24509,1.0
42.5,99.75,24510,1.0
42.5,100.0,24511,1.0
42.5,100.25,24512,1.0
42.5,100.5,24513,1.0
42.5,100.75,24514,1.0
42.5,101.0,24515,1.0
42.5,101.25,24516,1.0
42.5,101.5,24517,1.0
42.5,109.75,24550,1.0
42.5,110.0,24551,1.0
42.5,110.25,24552,1.0
42.5,110.5,24553,1.0
42.5,110.75,24554,1.0
42.5,111.0,24555,1.0
42.5,111.25,24556,1.0
42.5,111.5,24557,1.0
42.5,111.75,24558,1.0
42.5,112.0,24559,1.0
42.5,112.25,24560,1.0
42.5,112.5,24561,1.0
42.5,112.75,24562,1.0
42.5,113.0,24563,1.0
42.5,113.25,24564,1.0
42.5,113.5,24565,1.0
42.5,113.75,24566,1.0
42.5,114.0,24567,1.0
42.5,114.25,24568,1.0
42.5,114.5,24569,1.0
42.5,114.75,24570,1.0
42.5,115.0,24571,1.0
42.5,115.25,24572,1.0
42.5,115.5,24573,1.0
42.5,115.75,24574,1.0
42.5,116.0,24575,1.0
42.5,116.25,24576,1.0
42.5,116.5,24577,1.0
42.5,116.75,24578,1.0
42.5,117.0,24579,1.0
42.5,117.25,24580,1.0
42.5,117.5,24581,1.0
42.5,117.75,24582,1.0
42.5,118.0,24583,1.0
42.5,118.25,24584,1.0
42.5,118.5,24585,1.0
42.5,118.75,24586,1.0
42.5,119.0,24587,1.0
42.5,119.25,24588,1.0
42.5,119.5,24589,1.0
42.5,119.75,24590,1.0
42.5,120.0,24591,1.0
42.5,120.25,24592,1.0
42.5,120.5,24593,1.0
42.5,120.75,24594,1.0
42.5,121.0,24595,1.0
42.5,121.25,24596,1.0
42.5,121.5,24597,1.0
42.5,121.75,24598,1.0
42.5,122.0,24599,1.0
42.5,122.25,24600,1.0
42.5,122.5,24601,1.0
42.5,122.75,24602,1.0
42.5,123.0,24603,1.0
42.5,123.25,24604,1.0
42.5,123.5,24605,1.0
42.5,123.75,24606,1.0
42.5,124.0,24607,1.0
42.5,124.25,24608,1.0
42.5,124.5,24609,1.0
42.5,124.75,24610,1.0
42.5,125.0,24611,1.0
42.5,125.25,24612,1.0
42.5,125.5,24613,1.0
42.5,125.75,24614,1.0
42.5,126.0,24615,1.0
42.5,126.25,24616,1.0
42.5,126.5,24617,1.0
42.5,126.75,24618,1.0
42.5,127.0,24619,1.0
42.5,127.25,24620,1.0
42.5,127.5,24621,1.0
42.5,127.75,24622,1.0
42.5,128.0,24623,1.0
42.5,128.25,24624,1.0
42.5,128.5,24625,1.0
42.5,128.75,24626,1.0
42.5,129.0,24627,1.0
42.5,129.25,24628,1.0
42.5,129.5,24629,1.0
42.75,80.25,24681,1.0
42.75,80.5,24682,1.0
42.75,80.75,24683,1.0
42.75,81.0,24684,1.0
42.75,81.25,24685,1.0
42.75,81.5,24686,1.0
42.75,81.75,24687,1.0
42.75,82.0,24688,1.0
42.75,82.25,24689,1.0
42.75,82.5,24690,1.0
42.75,82.75,24691,1.0
42.75,83.0,24692,1.0
42.75,83.25,24693,1.0
42.75,83.5,24694,1.0
42.75,83.75,24695,1.0
42.75,84.0,24696,1.0
42.75,84.25,24697,1.0
42.75,84.5,24698,1.0
42.75,84.75,24699,1.0
42.75,85.0,24700,1.0
42.75,85.25,24701,1.0
42.75,85.5,24702,1.0
42.75,85.75,24703,1.0
42.75,86.0,24704,1.0
42.75,86.25,24705,1.0
42.75,86.5,24706,1.0
42.75,86.75,24707,1.0
42.75,87.0,24708,1.0
42.75,87.25,24709,1.0
42.75,87.5,24710,1.0
42.75,87.75,24711,1.0
42.75,88.0,24712,1.0
42.75,88.25,24713,1.0
42.75,88.5,24714,1.0
42.75,88.75,24715,1.0
42.75,89.0,24716,1.0
42.75,89.25,24717,1.0
42.75,89.5,24718,1.0
42.75,89.75,24719,1.0
42.75,90.0,24720,1.0
42.75,90.25,24721,1.0
42.75,90.5,24722,1.0
42.75,90.75,24723,1.0
42.75,91.0,24724,1.0
42.75,91.25,24725,1.0
42.75,91.5,24726,1.0
42.75,91.75,24727,1.0
42.75,92.0,24728,1.0
42.75,92.25,24729,1.0
42.75,92.5,24730,1.0
42.75,92.75,24731,1.0
42.75,93.0,24732,1.0
42.75,93.25,24733,1.0
42.75,93.5,24734,1.0
42.75,93.75,24735,1.0
42.75,94.0,24736,1.0
42.75,94.25,24737,1.0
42.75,94.5,24738,1.0
42.75,94.75,24739,1.0
42.75,95.0,24740,1.0
42.75,95.25,24741,1.0
42.75,95.5,24742,1.0
42.75,95.75,24743,1.0
42.75,96.0,24744,1.0
42.75,96.25,24745,1.0
42.75,96.75,24747,1.0
42.75,97.0,24748,1.0
42.75,97.25,24749,1.0
42.75,97.5,24750,1.0
42.75,110.5,24802,1.0
42.75,110.75,24803,1.0
42.75,111.0,24804,1.0
42.75,111.25,24805,1.0
42.75,111.5,24806,1.0
42.75,111.75,24807,1.0
42.75,112.0,24808,1.0
42.75,112.25,24809,1.0
42.75,112.5,24810,1.0
42.75,112.75,24811,1.0
42.75,113.0,24812,1.0
42.75,113.25,24813,1.0
42.75,113.5,24814,1.0
42.75,113.75,24815,1.0
42.75,114.0,24816,1.0
42.75,114.25,24817,1.0
42.75,114.5,24818,1.0
42.75,114.75,24819,1.0
42.75,115.0,24820,1.0
42.75,115.25,24821,1.0
42.75,115.5,24822,1.0
42.75,115.75,24823,1.0
42.75,116.0,24824,1.0
42.75,116.25,24825,1.0
42.75,116.5,24826,1.0
42.75,116.75,24827,1.0
42.75,117.0,24828,1.0
42.75,117.25,24829,1.0
42.75,117.5,24830,1.0
42.75,117.75,24831,1.0
42.75,118.0,24832,1.0
42.75,118.25,24833,1.0
42.75,118.5,24834,1.0
42.75,118.75,24835,1.0
42.75,119.0,24836,1.0
42.75,119.25,24837,1.0
42.75,119.5,24838,1.0
42.75,119.75,24839,1.0
42.75,120.0,24840,1.0
42.75,120.25,24841,1.0
42.75,120.5,24842,1.0
42.75,120.75,24843,1.0
42.75,121.0,24844,1.0
42.75,121.25,24845,1.0
42.75,121.5,24846,1.0
42.75,121.75,24847,1.0
42.75,122.0,24848,1.0
42.75,122.25,24849,1.0
42.75,122.5,24850,1.0
42.75,122.75,24851,1.0
42.75,123.0,24852,1.0
42.75,123.25,24853,1.0
42.75,123.5,24854,1.0
42.75,123.75,24855,1.0
42.75,124.0,24856,1.0
42.75,124.25,24857,1.0
42.75,124.5,24858,1.0
42.75,124.75,24859,1.0
42.75,125.0,24860,1.0
42.75,125.25,24861,1.0
42.75,125.5,24862,1.0
42.75,125.75,24863,1.0
42.75,126.0,24864,1.0
42.75,126.25,24865,1.0
42.75,126.5,24866,1.0
42.75,126.75,24867,1.0
42.75,127.0,24868,1.0
42.75,127.25,24869,1.0
42.75,127.5,24870,1.0
42.75,127.75,24871,1.0
42.75,128.0,24872,1.0
42.75,128.25,24873,1.0
42.75,128.5,24874,1.0
42.75,128.75,24875,1.0
42.75,129.0,24876,1.0
42.75,129.25,24877,1.0
42.75,129.5,24878,1.0
42.75,129.75,24879,1.0
42.75,130.25,24881,1.0
43.0,80.5,24931,1.0
43.0,80.75,24932,1.0
43.0,81.0,24933,1.0
43.0,81.25,24934,1.0
43.0,81.5,24935,1.0
43.0,81.75,24936,1.0
43.0,82.0,24937,1.0
43.0,82.25,24938,1.0
43.0,82.5,24939,1.0
43.0,82.75,24940,1.0
43.0,83.0,24941,1.0
43.0,83.25,24942,1.0
43.0,83.5,24943,1.0
43.0,83.75,24944,1.0
43.0,84.0,24945,1.0
43.0,84.25,24946,1.0
43.0,84.5,24947,1.0
43.0,84.75,24948,1.0
43.0,85.0,24949,1.0
43.0,85.25,24950,1.0
43.0,85.5,24951,1.0
43.0,85.75,24952,1.0
43.0,86.0,24953,1.0
43.0,86.25,24954,1.0
43.0,86.5,24955,1.0
43.0,86.75,24956,1.0
43.0,87.0,24957,1.0
43.0,87.25,24958,1.0
43.0,87.5,24959,1.0
43.0,87.75,24960,1.0
43.0,88.0,24961,1.0
43.0,88.25,24962,1.0
43.0,88.5,24963,1.0
43.0,88.75,24964,1.0
43.0,89.0,24965,1.0
43.0,89.25,24966,1.0
43.0,89.5,24967,1.0
43.0,89.75,24968,1.0
43.0,90.0,24969,1.0
43.0,90.25,24970,1.0
43.0,90.5,24971,1.0
43.0,90.75,24972,1.0
43.0,91.0,24973,1.0
43.0,91.25,24974,1.0
43.0,91.5,24975,1.0
43.0,91.75,24976,1.0
43.0,92.0,24977,1.0
43.0,92.25,24978,1.0
43.0,92.5,24979,1.0
43.0,92.75,24980,1.0
43.0,93.0,24981,1.0
43.0,93.25,24982,1.0
43.0,93.5,24983,1.0
43.0,93.75,24984,1.0
43.0,94.0,24985,1.0
43.0,94.25,24986,1.0
43.0,94.5,24987,1.0
43.0,94.75,24988,1.0
43.0,95.0,24989,1.0
43.0,95.25,24990,1.0
43.0,95.5,24991,1.0
43.0,95.75,24992,1.0
43.0,96.0,24993,1.0
43.0,110.75,25052,1.0
43.0,111.0,25053,1.0
43.0,111.25,25054,1.0
43.0,111.5,25055,1.0
43.0,111.75,25056,1.0
43.0,112.0,25057,1.0
43.0,112.25,25058,1.0
43.0,112.5,25059,1.0
43.0,112.75,25060,1.0
43.0,113.0,25061,1.0
43.0,113.25,25062,1.0
43.0,113.5,25063,1.0
43.0,113.75,25064,1.0
43.0,114.0,25065,1.0
43.0,114.25,25066,1.0
43.0,114.5,25067,1.0
43.0,114.75,25068,1.0
43.0,115.0,25069,1.0
43.0,115.25,25070,1.0
43.0,115.5,25071,1.0
43.0,115.75,25072,1.0
43.0,116.0,25073,1.0
43.0,116.25,25074,1.0
43.0,116.5,25075,1.0
43.0,116.75,25076,1.0
43.0,117.0,25077,1.0
43.0,117.25,25078,1.0
43.0,117.5,25079,1.0
43.0,117.75,25080,1.0
43.0,118.0,25081,1.0
43.0,118.25,25082,1.0
43.0,118.5,25083,1.0
43.0,118.75,25084,1.0
43.0,119.0,25085,1.0
43.0,119.25,25086,1.0
43.0,119.5,25087,1.0
43.0,119.75,25088,1.0
43.0,120.0,25089,1.0
43.0,120.25,25090,1.0
43.0,120.5,25091,1.0
43.0,120.75,25092,1.0
43.0,121.0,25093,1.0
43.0,121.25,25094,1.0
43.0,121.5,25095,1.0
43.0,121.75,25096,1.0
43.0,122.0,25097,1.0
43.0,122.25,25098,1.0
43.0,122.5,25099,1.0
43.0,122.75,25100,1.0
43.0,123.0,25101,1.0
43.0,123.25,25102,1.0
43.0,123.5,25103,1.0
43.0,123.75,25104,1.0
43.0,124.0,25105,1.0
43.0,124.25,25106,1.0
43.0,124.5,25107,1.0
43.0,124.75,25108,1.0
43.0,125.0,25109,1.0
43.0,125.25,25110,1.0
43.0,125.5,25111,1.0
43.0,125.75,25112,1.0
43.0,126.0,25113,1.0
43.0,126.25,25114,1.0
43.0,126.5,25115,1.0
43.0,126.75,25116,1.0
43.0,127.0,25117,1.0
43.0,127.25,25118,1.0
43.0,127.5,25119,1.0
43.0,127.75,25120,1.0
43.0,128.0,25121,1.0
43.0,128.25,25122,1.0
43.0,128.5,25123,1.0
43.0,128.75,25124,1.0
43.0,129.0,25125,1.0
43.0,129.25,25126,1.0
43.0,129.5,25127,1.0
43.0,129.75,25128,1.0
43.0,130.0,25129,1.0
43.0,130.25,25130,1.0
43.0,130.5,25131,1.0
43.0,130.75,25132,1.0
43.0,131.0,25133,1.0
43.25,80.75,25181,1.0
43.25,81.0,25182,1.0
43.25,81.25,25183,1.0
43.25,81.5,25184,1.0
43.25,81.75,25185,1.0
43.25,82.0,25186,1.0
43.25,82.25,25187,1.0
43.25,82.5,25188,1.0
43.25,82.75,25189,1.0
43.25,83.0,25190,1.0
43.25,83.25,25191,1.0
43.25,83.5,25192,1.0
43.25,83.75,25193,1.0
43.25,84.0,25194,1.0
43.25,84.25,25195,1.0
43.25,84.5,25196,1.0
43.25,84.75,25197,1.0
43.25,85.0,25198,1.0
43.25,85.25,25199,1.0
43.25,85.5,25200,1.0
43.25,85.75,25201,1.0
43.25,86.0,25202,1.0
43.25,86.25,25203,1.0
43.25,86.5,25204,1.0
43.25,86.75,25205,1.0
43.25,87.0,25206,1.0
43.25,87.25,25207,1.0
43.25,87.5,25208,1.0
43.25,87.75,25209,1.0
43.25,88.0,25210,1.0
43.25,88.25,25211,1.0
43.25,88.5,25212,1.0
43.25,88.75,25213,1.0
43.25,89.0,25214,1.0
43.25,89.25,25215,1.0
43.25,89.5,25216,1.0
43.25,89.75,25217,1.0
43.25,90.0,25218,1.0
43.25,90.25,25219,1.0
43.25,90.5,25220,1.0
43.25,90.75,25221,1.0
43.25,91.0,25222,1.0
43.25,91.25,25223,1.0
43.25,91.5,25224,1.0
43.25,91.75,25225,1.0
43.25,92.0,25226,1.0
43.25,92.25,25227,1.0
43.25,92.5,25228,1.0
43.25,92.75,25229,1.0
43.25,93.0,25230,1.0
43.25,93.25,25231,1.0
43.25,93.5,25232,1.0
43.25,93.75,25233,1.0
43.25,94.0,25234,1.0
43.25,94.25,25235,1.0
43.25,94.5,25236,1.0
43.25,94.75,25237,1.0
43.25,95.0,25238,1.0
43.25,95.25,25239,1.0
43.25,95.5,25240,1.0
43.25,95.75,25241,1.0
43.25,111.0,25302,1.0
43.25,111.25,25303,1.0
43.25,111.5,25304,1.0
43.25,111.75,25305,1.0
43.25,112.0,25306,1.0
43.25,112.25,25307,1.0
43.25,112.5,25308,1.0
43.25,112.75,25309,1.0
43.25,113.0,25310,1.0
43.25,113.25,25311,1.0
43.25,113.5,25312,1.0
43.25,113.75,25313,1.0
43.25,114.0,25314,1.0
43.25,114.25,25315,1.0
43.25,114.5,25316,1.0
43.25,114.75,25317,1.0
43.25,115.0,25318,1.0
43.25,115.25,25319,1.0
43.25,115.5,25320,1.0
43.25,115.75,25321,1.0
43.25,116.0,25322,1.0
43.25,116.25,25323,1.0
43.25,116.5,25324,1.0
43.25,116.75,25325,1.0
43.25,117.0,25326,1.0
43.25,117.25,25327,1.0
43.25,117.5,25328,1.0
43.25,117.75,25329,1.0
43.25,118.0,25330,1.0
43.25,118.25,25331,1.0
43.25,118.5,25332,1.0
43.25,118.75,25333,1.0
43.25,119.0,25334,1.0
43.25,119.25,25335,1.0
43.25,119.5,25336,1.0
43.25,119.75,25337,1.0
43.25,120.0,25338,1.0
43.25,120.25,25339,1.0
43.25,120.5,25340,1.0
43.25,120.75,25341,1.0
43.25,121.0,25342,1.0
43.25,121.25,25343,1.0
43.25,121.5,25344,1.0
43.25,121.75,25345,1.0
43.25,122.0,25346,1.0
43.25,122.25,25347,1.0
43.25,122.5,25348,1.0
43.25,122.75,25349,1.0
43.25,123.0,25350,1.0
43.25,123.25,25351,1.0
43.25,123.5,25352,1.0
43.25,123.75,25353,1.0
43.25,124.0,25354,1.0
43.25,124.25,25355,1.0
43.25,124.5,25356,1.0
43.25,124.75,25357,1.0
43.25,125.0,25358,1.0
43.25,125.25,25359,1.0
43.25,125.5,25360,1.0
43.25,125.75,25361,1.0
43.25,126.0,25362,1.0
43.25,126.25,25363,1.0
43.25,126.5,25364,1.0
43.25,126.75,25365,1.0
43.25,127.0,25366,1.0
43.25,127.25,25367,1.0
43.25,127.5,25368,1.0
43.25,127.75,25369,1.0
43.25,128.0,25370,1.0
43.25,128.25,25371,1.0
43.25,128.5,25372,1.0
43.25,128.75,25373,1.0
43.25,129.0,25374,1.0
43.25,129.25,25375,1.0
43.25,129.5,25376,1.0
43.25,129.75,25377,1.0
43.25,130.0,25378,1.0
43.25,130.25,25379,1.0
43.25,130.5,25380,1.0
43.25,130.75,25381,1.0
43.25,131.0,25382,1.0
43.5,80.75,25430,1.0
43.5,81.0,25431,1.0
43.5,81.25,25432,1.0
43.5,81.5,25433,1.0
43.5,81.75,25434,1.0
43.5,82.0,25435,1.0
43.5,82.25,25436,1.0
43.5,82.5,25437,1.0
43.5,82.75,25438,1.0
43.5,83.0,25439,1.0
43.5,83.25,25440,1.0
43.5,83.5,25441,1.0
43.5,83.75,25442,1.0
43.5,84.0,25443,1.0
43.5,84.25,25444,1.0
43.5,84.5,25445,1.0
43.5,84.75,25446,1.0
43.5,85.0,25447,1.0
43.5,85.25,25448,1.0
43.5,85.5,25449,1.0
43.5,85.75,25450,1.0
43.5,86.0,25451,1.0
43.5,86.25,25452,1.0
43.5,86.5,25453,1.0
43.5,86.75,25454,1.0
43.5,87.0,25455,1.0
43.5,87.25,25456,1.0
43.5,87.5,25457,1.0
43.5,87.75,25458,1.0
43.5,88.0,25459,1.0
43.5,88.25,25460,1.0
43.5,88.5,25461,1.0
43.5,88.75,25462,1.0
43.5,89.0,25463,1.0
43.5,89.25,25464,1.0
43.5,89.5,25465,1.0
43.5,89.75,25466,1.0
43.5,90.0,25467,1.0
43.5,90.25,25468,1.0
43.5,90.5,25469,1.0
43.5,90.75,25470,1.0
43.5,91.0,25471,1.0
43.5,91.25,25472,1.0
43.5,91.5,25473,1.0
43.5,91.75,25474,1.0
43.5,92.0,25475,1.0
43.5,92.25,25476,1.0
43.5,92.5,25477,1.0
43.5,92.75,25478,1.0
43.5,93.0,25479,1.0
43.5,93.25,25480,1.0
43.5,93.5,25481,1.0
43.5,93.75,25482,1.0
43.5,94.0,25483,1.0
43.5,94.25,25484,1.0
43.5,94.5,25485,1.0
43.5,94.75,25486,1.0
43.5,95.0,25487,1.0
43.5,95.25,25488,1.0
43.5,95.5,25489,1.0
43.5,95.75,25490,1.0
43.5,111.75,25554,1.0
43.5,112.0,25555,1.0
43.5,112.25,25556,1.0
43.5,112.5,25557,1.0
43.5,112.75,25558,1.0
43.5,113.0,25559,1.0
43.5,113.25,25560,1.0
43.5,113.5,25561,1.0
43.5,113.75,25562,1.0
43.5,114.0,25563,1.0
43.5,114.25,25564,1.0
43.5,114.5,25565,1.0
43.5,114.75,25566,1.0
43.5,115.0,25567,1.0
43.5,115.25,25568,1.0
43.5,115.5,25569,1.0
43.5,115.75,25570,1.0
43.5,116.0,25571,1.0
43.5,116.25,25572,1.0
43.5,116.5,25573,1.0
43.5,116.75,25574,1.0
43.5,117.0,25575,1.0
43.5,117.25,25576,1.0
43.5,117.5,25577,1.0
43.5,117.75,25578,1.0
43.5,118.0,25579,1.0
43.5,118.25,25580,1.0
43.5,118.5,25581,1.0
43.5,118.75,25582,1.0
43.5,119.0,25583,1.0
43.5,119.25,25584,1.0
43.5,119.5,25585,1.0
43.5,119.75,25586,1.0
43.5,120.0,25587,1.0
43.5,120.25,25588,1.0
43.5,120.5,25589,1.0
43.5,120.75,25590,1.0
43.5,121.0,25591,1.0
43.5,121.25,25592,1.0
43.5,121.5,25593,1.0
43.5,121.75,25594,1.0
43.5,122.0,25595,1.0
43.5,122.25,25596,1.0
43.5,122.5,25597,1.0
43.5,122.75,25598,1.0
43.5,123.0,25599,1.0
43.5,123.25,25600,1.0
43.5,123.5,25601,1.0
43.5,123.75,25602,1.0
43.5,124.0,25603,1.0
43.5,124.25,25604,1.0
43.5,124.5,25605,1.0
43.5,124.75,25606,1.0
43.5,125.0,25607,1.0
43.5,125.25,25608,1.0
43.5,125.5,25609,1.0
43.5,125.75,25610,1.0
43.5,126.0,25611,1.0
43.5,126.25,25612,1.0
43.5,126.5,25613,1.0
43.5,126.75,25614,1.0
43.5,127.0,25615,1.0
43.5,127.25,25616,1.0
43.5,127.5,25617,1.0
43.5,127.75,25618,1.0
43.5,128.0,25619,1.0
43.5,128.25,25620,1.0
43.5,128.5,25621,1.0
43.5,128.75,25622,1.0
43.5,129.0,25623,1.0
43.5,129.25,25624,1.0
43.5,129.5,25625,1.0
43.5,129.75,25626,1.0
43.5,130.0,25627,1.0
43.5,130.25,25628,1.0
43.5,130.5,25629,1.0
43.5,130.75,25630,1.0
43.5,131.0,25631,1.0
43.75,80.75,25679,1.0
43.75,81.0,25680,1.0
43.75,81.25,25681,1.0
43.75,81.5,25682,1.0
43.75,81.75,25683,1.0
43.75,82.0,25684,1.0
43.75,82.25,25685,1.0
43.75,82.5,25686,1.0
43.75,82.75,25687,1.0
43.75,83.0,25688,1.0
43.75,83.25,25689,1.0
43.75,83.5,25690,1.0
43.75,83.75,25691,1.0
43.75,84.0,25692,1.0
43.75,84.25,25693,1.0
43.75,84.5,25694,1.0
43.75,84.75,25695,1.0
43.75,85.0,25696,1.0
43.75,85.25,25697,1.0
43.75,85.5,25698,1.0
43.75,85.75,25699,1.0
43.75,86.0,25700,1.0
43.75,86.25,25701,1.0
43.75,86.5,25702,1.0
43.75,86.75,25703,1.0
43.75,87.0,25704,1.0
43.75,87.25,25705,1.0
43.75,87.5,25706,1.0
43.75,87.75,25707,1.0
43.75,88.0,25708,1.0
43.75,88.25,25709,1.0
43.75,88.5,25710,1.0
43.75,88.75,25711,1.0
43.75,89.0,25712,1.0
43.75,89.25,25713,1.0
43.75,89.5,25714,1.0
43.75,89.75,25715,1.0
43.75,90.0,25716,1.0
43.75,90.25,25717,1.0
43.75,90.5,25718,1.0
43.75,90.75,25719,1.0
43.75,91.0,25720,1.0
43.75,91.25,25721,1.0
43.75,91.5,25722,1.0
43.75,91.75,25723,1.0
43.75,92.0,25724,1.0
43.75,92.25,25725,1.0
43.75,92.5,25726,1.0
43.75,92.75,25727,1.0
43.75,93.0,25728,1.0
43.75,93.25,25729,1.0
43.75,93.5,25730,1.0
43.75,93.75,25731,1.0
43.75,94.0,25732,1.0
43.75,94.25,25733,1.0
43.75,94.5,25734,1.0
43.75,94.75,25735,1.0
43.75,95.0,25736,1.0
43.75,95.25,25737,1.0
43.75,95.5,25738,1.0
43.75,112.0,25804,1.0
43.75,112.25,25805,1.0
43.75,112.5,25806,1.0
43.75,112.75,25807,1.0
43.75,113.0,25808,1.0
43.75,113.25,25809,1.0
43.75,113.5,25810,1.0
43.75,113.75,25811,1.0
43.75,114.0,25812,1.0
43.75,114.25,25813,1.0
43.75,114.5,25814,1.0
43.75,114.75,25815,1.0
43.75,115.0,25816,1.0
43.75,115.25,25817,1.0
43.75,115.5,25818,1.0
43.75,115.75,25819,1.0
43.75,116.0,25820,1.0
43.75,116.25,25821,1.0
43.75,116.5,25822,1.0
43.75,116.75,25823,1.0
43.75,117.0,25824,1.0
43.75,117.25,25825,1.0
43.75,117.5,25826,1.0
43.75,117.75,25827,1.0
43.75,118.0,25828,1.0
43.75,118.25,25829,1.0
43.75,118.5,25830,1.0
43.75,118.75,25831,1.0
43.75,119.0,25832,1.0
43.75,119.25,25833,1.0
43.75,119.5,25834,1.0
43.75,119.75,25835,1.0
43.75,120.0,25836,1.0
43.75,120.25,25837,1.0
43.75,120.5,25838,1.0
43.75,120.75,25839,1.0
43.75,121.0,25840,1.0
43.75,121.25,25841,1.0
43.75,121.5,25842,1.0
43.75,121.75,25843,1.0
43.75,122.0,25844,1.0
43.75,122.25,25845,1.0
43.75,122.5,25846,1.0
43.75,122.75,25847,1.0
43.75,123.0,25848,1.0
43.75,123.25,25849,1.0
43.75,123.5,25850,1.0
43.75,123.75,25851,1.0
43.75,124.0,25852,1.0
43.75,124.25,25853,1.0
43.75,124.5,25854,1.0
43.75,124.75,25855,1.0
43.75,125.0,25856,1.0
43.75,125.25,25857,1.0
43.75,125.5,25858,1.0
43.75,125.75,25859,1.0
43.75,126.0,25860,1.0
43.75,126.25,25861,1.0
43.75,126.5,25862,1.0
43.75,126.75,25863,1.0
43.75,127.0,25864,1.0
43.75,127.25,25865,1.0
43.75,127.5,25866,1.0
43.75,127.75,25867,1.0
43.75,128.0,25868,1.0
43.75,128.25,25869,1.0
43.75,128.5,25870,1.0
43.75,128.75,25871,1.0
43.75,129.0,25872,1.0
43.75,129.25,25873,1.0
43.75,129.5,25874,1.0
43.75,129.75,25875,1.0
43.75,130.0,25876,1.0
43.75,130.25,25877,1.0
43.75,130.5,25878,1.0
43.75,130.75,25879,1.0
43.75,131.0,25880,1.0
44.0,80.5,25927,1.0
44.0,80.75,25928,1.0
44.0,81.0,25929,1.0
44.0,81.25,25930,1.0
44.0,81.5,25931,1.0
44.0,81.75,25932,1.0
44.0,82.0,25933,1.0
44.0,82.25,25934,1.0
44.0,82.5,25935,1.0
44.0,82.75,25936,1.0
44.0,83.0,25937,1.0
44.0,83.25,25938,1.0
44.0,83.5,25939,1.0
44.0,83.75,25940,1.0
44.0,84.0,25941,1.0
44.0,84.25,25942,1.0
44.0,84.5,25943,1.0
44.0,84.75,25944,1.0
44.0,85.0,25945,1.0
44.0,85.25,25946,1.0
44.0,85.5,25947,1.0
44.0,85.75,25948,1.0
44.0,86.0,25949,1.0
44.0,86.25,25950,1.0
44.0,86.5,25951,1.0
44.0,86.75,25952,1.0
44.0,87.0,25953,1.0
44.0,87.25,25954,1.0
44.0,87.5,25955,1.0
44.0,87.75,25956,1.0
44.0,88.0,25957,1.0
44.0,88.25,25958,1.0
44.0,88.5,25959,1.0
44.0,88.75,25960,1.0
44.0,89.0,25961,1.0
44.0,89.25,25962,1.0
44.0,89.5,25963,1.0
44.0,89.75,25964,1.0
44.0,90.0,25965,1.0
44.0,90.25,25966,1.0
44.0,90.5,25967,1.0
44.0,90.75,25968,1.0
44.0,91.0,25969,1.0
44.0,91.25,25970,1.0
44.0,91.5,25971,1.0
44.0,91.75,25972,1.0
44.0,92.0,25973,1.0
44.0,92.25,25974,1.0
44.0,92.5,25975,1.0
44.0,92.75,25976,1.0
44.0,93.0,25977,1.0
44.0,93.25,25978,1.0
44.0,93.5,25979,1.0
44.0,93.75,25980,1.0
44.0,94.0,25981,1.0
44.0,94.25,25982,1.0
44.0,94.5,25983,1.0
44.0,94.75,25984,1.0
44.0,95.0,25985,1.0
44.0,95.25,25986,1.0
44.0,111.75,26052,1.0
44.0,112.0,26053,1.0
44.0,112.25,26054,1.0
44.0,112.5,26055,1.0
44.0,112.75,26056,1.0
44.0,113.0,26057,1.0
44.0,113.25,26058,1.0
44.0,113.5,26059,1.0
44.0,113.75,26060,1.0
44.0,114.0,26061,1.0
44.0,114.25,26062,1.0
44.0,114.5,26063,1.0
44.0,114.75,26064,1.0
44.0,115.0,26065,1.0
44.0,115.25,26066,1.0
44.0,115.5,26067,1.0
44.0,115.75,26068,1.0
44.0,116.0,26069,1.0
44.0,116.25,26070,1.0
44.0,116.5,26071,1.0
44.0,116.75,26072,1.0
44.0,117.0,26073,1.0
44.0,117.25,26074,1.0
44.0,117.5,26075,1.0
44.0,117.75,26076,1.0
44.0,118.0,26077,1.0
44.0,118.25,26078,1.0
44.0,118.5,26079,1.0
44.0,118.75,26080,1.0
44.0,119.0,26081,1.0
44.0,119.25,26082,1.0
44.0,119.5,26083,1.0
44.0,119.75,26084,1.0
44.0,120.0,26085,1.0
44.0,120.25,26086,1.0
44.0,120.5,26087,1.0
44.0,120.75,26088,1.0
44.0,121.0,26089,1.0
44.0,121.25,26090,1.0
44.0,121.5,26091,1.0
44.0,121.75,26092,1.0
44.0,122.0,26093,1.0
44.0,122.25,26094,1.0
44.0,122.5,26095,1.0
44.0,122.75,26096,1.0
44.0,123.0,26097,1.0
44.0,123.25,26098,1.0
44.0,123.5,26099,1.0
44.0,123.75,26100,1.0
44.0,124.0,26101,1.0
44.0,124.25,26102,1.0
44.0,124.5,26103,1.0
44.0,124.75,26104,1.0
44.0,125.0,26105,1.0
44.0,125.25,26106,1.0
44.0,125.5,26107,1.0
44.0,125.75,26108,1.0
44.0,126.0,26109,1.0
44.0,126.25,26110,1.0
44.0,126.5,26111,1.0
44.0,126.75,26112,1.0
44.0,127.0,26113,1.0
44.0,127.25,26114,1.0
44.0,127.5,26115,1.0
44.0,127.75,26116,1.0
44.0,128.0,26117,1.0
44.0,128.25,26118,1.0
44.0,128.5,26119,1.0
44.0,128.75,26120,1.0
44.0,129.0,26121,1.0
44.0,129.25,26122,1.0
44.0,129.5,26123,1.0
44.0,129.75,26124,1.0
44.0,130.0,26125,1.0
44.0,130.25,26126,1.0
44.0,130.5,26127,1.0
44.0,130.75,26128,1.0
44.0,131.0,26129,1.0
44.25,80.5,26176,1.0
44.25,80.75,26177,1.0
44.25,81.0,26178,1.0
44.25,81.25,26179,1.0
44.25,81.5,26180,1.0
44.25,81.75,26181,1.0
44.25,82.0,26182,1.0
44.25,82.25,26183,1.0
44.25,82.5,26184,1.0
44.25,82.75,26185,1.0
44.25,83.0,26186,1.0
44.25,83.25,26187,1.0
44.25,83.5,26188,1.0
44.25,83.75,26189,1.0
44.25,84.0,26190,1.0
44.25,84.25,26191,1.0
44.25,84.5,26192,1.0
44.25,84.75,26193,1.0
44.25,85.0,26194,1.0
44.25,85.25,26195,1.0
44.25,85.5,26196,1.0
44.25,85.75,26197,1.0
44.25,86.0,26198,1.0
44.25,86.25,26199,1.0
44.25,86.5,26200,1.0
44.25,86.75,26201,1.0
44.25,87.0,26202,1.0
44.25,87.25,26203,1.0
44.25,87.5,26204,1.0
44.25,87.75,26205,1.0
44.25,88.0,26206,1.0
44.25,88.25,26207,1.0
44.25,88.5,26208,1.0
44.25,88.75,26209,1.0
44.25,89.0,26210,1.0
44.25,89.25,26211,1.0
44.25,89.5,26212,1.0
44.25,89.75,26213,1.0
44.25,90.0,26214,1.0
44.25,90.25,26215,1.0
44.25,90.5,26216,1.0
44.25,90.75,26217,1.0
44.25,91.0,26218,1.0
44.25,91.25,26219,1.0
44.25,91.5,26220,1.0
44.25,91.75,26221,1.0
44.25,92.0,26222,1.0
44.25,92.25,26223,1.0
44.25,92.5,26224,1.0
44.25,92.75,26225,1.0
44.25,93.0,26226,1.0
44.25,93.25,26227,1.0
44.25,93.5,26228,1.0
44.25,93.75,26229,1.0
44.25,94.0,26230,1.0
44.25,94.25,26231,1.0
44.25,94.5,26232,1.0
44.25,94.75,26233,1.0
44.25,95.0,26234,1.0
44.25,95.25,26235,1.0
44.25,111.5,26300,1.0
44.25,111.75,26301,1.0
44.25,112.0,26302,1.0
44.25,112.25,26303,1.0
44.25,112.5,26304,1.0
44.25,112.75,26305,1.0
44.25,113.0,26306,1.0
44.25,113.25,26307,1.0
44.25,113.5,26308,1.0
44.25,113.75,26309,1.0
44.25,114.0,26310,1.0
44.25,114.25,26311,1.0
44.25,114.5,26312,1.0
44.25,114.75,26313,1.0
44.25,115.0,26314,1.0
44.25,115.25,26315,1.0
44.25,115.5,26316,1.0
44.25,115.75,26317,1.0
44.25,116.0,26318,1.0
44.25,116.25,26319,1.0
44.25,116.5,26320,1.0
44.25,116.75,26321,1.0
44.25,117.0,26322,1.0
44.25,117.25,26323,1.0
44.25,117.5,26324,1.0
44.25,117.75,26325,1.0
44.25,118.0,26326,1.0
44.25,118.25,26327,1.0
44.25,118.5,26328,1.0
44.25,118.75,26329,1.0
44.25,119.0,26330,1.0
44.25,119.25,26331,1.0
44.25,119.5,26332,1.0
44.25,119.75,26333,1.0
44.25,120.0,26334,1.0
44.25,120.25,26335,1.0
44.25,120.5,26336,1.0
44.25,120.75,26337,1.0
44.25,121.0,26338,1.0
44.25,121.25,26339,1.0
44.25,121.5,26340,1.0
44.25,121.75,26341,1.0
44.25,122.0,26342,1.0
44.25,122.25,26343,1.0
44.25,122.5,26344,1.0
44.25,122.75,26345,1.0
44.25,123.0,26346,1.0
44.25,123.25,26347,1.0
44.25,123.5,26348,1.0
44.25,123.75,26349,1.0
44.25,124.0,26350,1.0
44.25,124.25,26351,1.0
44.25,124.5,26352,1.0
44.25,124.75,26353,1.0
44.25,125.0,26354,1.0
44.25,125.25,26355,1.0
44.25,125.5,26356,1.0
44.25,125.75,26357,1.0
44.25,126.0,26358,1.0
44.25,126.25,26359,1.0
44.25,126.5,26360,1.0
44.25,126.75,26361,1.0
44.25,127.0,26362,1.0
44.25,127.25,26363,1.0
44.25,127.5,26364,1.0
44.25,127.75,26365,1.0
44.25,128.0,26366,1.0
44.25,128.25,26367,1.0
44.25,128.5,26368,1.0
44.25,128.75,26369,1.0
44.25,129.0,26370,1.0
44.25,129.25,26371,1.0
44.25,129.5,26372,1.0
44.25,129.75,26373,1.0
44.25,130.0,26374,1.0
44.25,130.25,26375,1.0
44.25,130.5,26376,1.0
44.25,130.75,26377,1.0
44.25,131.0,26378,1.0
44.5,80.5,26425,1.0
44.5,80.75,26426,1.0
44.5,81.0,26427,1.0
44.5,81.25,26428,1.0
44.5,81.5,26429,1.0
44.5,81.75,26430,1.0
44.5,82.0,26431,1.0
44.5,82.25,26432,1.0
44.5,82.5,26433,1.0
44.5,82.75,26434,1.0
44.5,83.0,26435,1.0
44.5,83.25,26436,1.0
44.5,83.5,26437,1.0
44.5,83.75,26438,1.0
44.5,84.0,26439,1.0
44.5,84.25,26440,1.0
44.5,84.5,26441,1.0
44.5,84.75,26442,1.0
44.5,85.0,26443,1.0
44.5,85.25,26444,1.0
44.5,85.5,26445,1.0
44.5,85.75,26446,1.0
44.5,86.0,26447,1.0
44.5,86.25,26448,1.0
44.5,86.5,26449,1.0
44.5,86.75,26450,1.0
44.5,87.0,26451,1.0
44.5,87.25,26452,1.0
44.5,87.5,26453,1.0
44.5,87.75,26454,1.0
44.5,88.0,26455,1.0
44.5,88.25,26456,1.0
44.5,88.5,26457,1.0
44.5,88.75,26458,1.0
44.5,89.0,26459,1.0
44.5,89.25,26460,1.0
44.5,89.5,26461,1.0
44.5,89.75,26462,1.0
44.5,90.0,26463,1.0
44.5,90.25,26464,1.0
44.5,90.5,26465,1.0
44.5,90.75,26466,1.0
44.5,91.0,26467,1.0
44.5,91.25,26468,1.0
44.5,91.5,26469,1.0
44.5,91.75,26470,1.0
44.5,92.0,26471,1.0
44.5,92.25,26472,1.0
44.5,92.5,26473,1.0
44.5,92.75,26474,1.0
44.5,93.0,26475,1.0
44.5,93.25,26476,1.0
44.5,93.5,26477,1.0
44.5,93.75,26478,1.0
44.5,94.0,26479,1.0
44.5,94.25,26480,1.0
44.5,111.5,26549,1.0
44.5,111.75,26550,1.0
44.5,112.0,26551,1.0
44.5,112.25,26552,1.0
44.5,112.5,26553,1.0
44.5,112.75,26554,1.0
44.5,113.0,26555,1.0
44.5,113.25,26556,1.0
44.5,113.5,26557,1.0
44.5,113.75,26558,1.0
44.5,114.0,26559,1.0
44.5,114.25,26560,1.0
44.5,114.5,26561,1.0
44.5,114.75,26562,1.0
44.5,115.0,26563,1.0
44.5,115.25,26564,1.0
44.5,115.5,26565,1.0
44.5,115.75,26566,1.0
44.5,116.0,26567,1.0
44.5,116.25,26568,1.0
44.5,116.5,26569,1.0
44.5,116.75,26570,1.0
44.5,117.0,26571,1.0
44.5,117.25,26572,1.0
44.5,117.5,26573,1.0
44.5,117.75,26574,1.0
44.5,118.0,26575,1.0
44.5,118.25,26576,1.0
44.5,118.5,26577,1.0
44.5,118.75,26578,1.0
44.5,119.0,26579,1.0
44.5,119.25,26580,1.0
44.5,119.5,26581,1.0
44.5,119.75,26582,1.0
44.5,120.0,26583,1.0
44.5,120.25,26584,1.0
44.5,120.5,26585,1.0
44.5,120.75,26586,1.0
44.5,121.0,26587,1.0
44.5,121.25,26588,1.0
44.5,121.5,26589,1.0
44.5,121.75,26590,1.0
44.5,122.0,26591,1.0
44.5,122.25,26592,1.0
44.5,122.5,26593,1.0
44.5,122.75,26594,1.0
44.5,123.0,26595,1.0
44.5,123.25,26596,1.0
44.5,123.5,26597,1.0
44.5,123.75,26598,1.0
44.5,124.0,26599,1.0
44.5,124.25,26600,1.0
44.5,124.5,26601,1.0
44.5,124.75,26602,1.0
44.5,125.0,26603,1.0
44.5,125.25,26604,1.0
44.5,125.5,26605,1.0
44.5,125.75,26606,1.0
44.5,126.0,26607,1.0
44.5,126.25,26608,1.0
44.5,126.5,26609,1.0
44.5,126.75,26610,1.0
44.5,127.0,26611,1.0
44.5,127.25,26612,1.0
44.5,127.5,26613,1.0
44.5,127.75,26614,1.0
44.5,128.0,26615,1.0
44.5,128.25,26616,1.0
44.5,128.5,26617,1.0
44.5,128.75,26618,1.0
44.5,129.0,26619,1.0
44.5,129.25,26620,1.0
44.5,129.5,26621,1.0
44.5,129.75,26622,1.0
44.5,130.0,26623,1.0
44.5,130.25,26624,1.0
44.5,130.5,26625,1.0
44.5,130.75,26626,1.0
44.5,131.0,26627,1.0
44.75,80.5,26674,1.0
44.75,80.75,26675,1.0
44.75,81.0,26676,1.0
44.75,81.25,26677,1.0
44.75,81.5,26678,1.0
44.75,81.75,26679,1.0
44.75,82.0,26680,1.0
44.75,82.25,26681,1.0
44.75,82.5,26682,1.0
44.75,82.75,26683,1.0
44.75,83.0,26684,1.0
44.75,83.25,26685,1.0
44.75,83.5,26686,1.0
44.75,83.75,26687,1.0
44.75,84.0,26688,1.0
44.75,84.25,26689,1.0
44.75,84.5,26690,1.0
44.75,84.75,26691,1.0
44.75,85.0,26692,1.0
44.75,85.25,26693,1.0
44.75,85.5,26694,1.0
44.75,85.75,26695,1.0
44.75,86.0,26696,1.0
44.75,86.25,26697,1.0
44.75,86.5,26698,1.0
44.75,86.75,26699,1.0
44.75,87.0,26700,1.0
44.75,87.25,26701,1.0
44.75,87.5,26702,1.0
44.75,87.75,26703,1.0
44.75,88.0,26704,1.0
44.75,88.25,26705,1.0
44.75,88.5,26706,1.0
44.75,88.75,26707,1.0
44.75,89.0,26708,1.0
44.75,89.25,26709,1.0
44.75,89.5,26710,1.0
44.75,89.75,26711,1.0
44.75,90.0,26712,1.0
44.75,90.25,26713,1.0
44.75,90.5,26714,1.0
44.75,90.75,26715,1.0
44.75,91.0,26716,1.0
44.75,91.25,26717,1.0
44.75,91.5,26718,1.0
44.75,91.75,26719,1.0
44.75,92.0,26720,1.0
44.75,92.25,26721,1.0
44.75,92.5,26722,1.0
44.75,92.75,26723,1.0
44.75,93.0,26724,1.0
44.75,93.25,26725,1.0
44.75,93.5,26726,1.0
44.75,93.75,26727,1.0
44.75,111.75,26799,1.0
44.75,112.0,26800,1.0
44.75,112.25,26801,1.0
44.75,112.5,26802,1.0
44.75,112.75,26803,1.0
44.75,113.0,26804,1.0
44.75,113.25,26805,1.0
44.75,113.5,26806,1.0
44.75,113.75,26807,1.0
44.75,114.0,26808,1.0
44.75,114.25,26809,1.0
44.75,114.5,26810,1.0
44.75,114.75,26811,1.0
44.75,115.0,26812,1.0
44.75,115.25,26813,1.0
44.75,115.5,26814,1.0
44.75,115.75,26815,1.0
44.75,116.0,26816,1.0
44.75,116.25,26817,1.0
44.75,116.5,26818,1.0
44.75,116.75,26819,1.0
44.75,117.0,26820,1.0
44.75,117.25,26821,1.0
44.75,117.5,26822,1.0
44.75,117.75,26823,1.0
44.75,118.0,26824,1.0
44.75,118.25,26825,1.0
44.75,118.5,26826,1.0
44.75,118.75,26827,1.0
44.75,119.0,26828,1.0
44.75,119.25,26829,1.0
44.75,119.5,26830,1.0
44.75,119.75,26831,1.0
44.75,120.0,26832,1.0
44.75,120.25,26833,1.0
44.75,120.5,26834,1.0
44.75,120.75,26835,1.0
44.75,121.0,26836,1.0
44.75,121.25,26837,1.0
44.75,121.5,26838,1.0
44.75,121.75,26839,1.0
44.75,122.0,26840,1.0
44.75,122.25,26841,1.0
44.75,122.5,26842,1.0
44.75,122.75,26843,1.0
44.75,123.0,26844,1.0
44.75,123.25,26845,1.0
44.75,123.5,26846,1.0
44.75,123.75,26847,1.0
44.75,124.0,26848,1.0
44.75,124.25,26849,1.0
44.75,124.5,26850,1.0
44.75,124.75,26851,1.0
44.75,125.0,26852,1.0
44.75,125.25,26853,1.0
44.75,125.5,26854,1.0
44.75,125.75,26855,1.0
44.75,126.0,26856,1.0
44.75,126.25,26857,1.0
44.75,126.5,26858,1.0
44.75,126.75,26859,1.0
44.75,127.0,26860,1.0
44.75,127.25,26861,1.0
44.75,127.5,26862,1.0
44.75,127.75,26863,1.0
44.75,128.0,26864,1.0
44.75,128.25,26865,1.0
44.75,128.5,26866,1.0
44.75,128.75,26867,1.0
44.75,129.0,26868,1.0
44.75,129.25,26869,1.0
44.75,129.5,26870,1.0
44.75,129.75,26871,1.0
44.75,130.0,26872,1.0
44.75,130.25,26873,1.0
44.75,130.5,26874,1.0
44.75,130.75,26875,1.0
44.75,131.0,26876,1.0
45.0,80.25,26922,1.0
45.0,80.5,26923,1.0
45.0,80.75,26924,1.0
45.0,81.0,26925,1.0
45.0,81.25,26926,1.0
45.0,81.5,26927,1.0
45.0,81.75,26928,1.0
45.0,82.0,26929,1.0
45.0,82.25,26930,1.0
45.0,82.5,26931,1.0
45.0,82.75,26932,1.0
45.0,83.0,26933,1.0
45.0,83.25,26934,1.0
45.0,83.5,26935,1.0
45.0,83.75,26936,1.0
45.0,84.0,26937,1.0
45.0,84.25,26938,1.0
45.0,84.5,26939,1.0
45.0,84.75,26940,1.0
45.0,85.0,26941,1.0
45.0,85.25,26942,1.0
45.0,85.5,26943,1.0
45.0,85.75,26944,1.0
45.0,86.0,26945,1.0
45.0,86.25,26946,1.0
45.0,86.5,26947,1.0
45.0,86.75,26948,1.0
45.0,87.0,26949,1.0
45.0,87.25,26950,1.0
45.0,87.5,26951,1.0
45.0,87.75,26952,1.0
45.0,88.0,26953,1.0
45.0,88.25,26954,1.0
45.0,88.5,26955,1.0
45.0,88.75,26956,1.0
45.0,89.0,26957,1.0
45.0,89.25,26958,1.0
45.0,89.5,26959,1.0
45.0,89.75,26960,1.0
45.0,90.0,26961,1.0
45.0,90.25,26962,1.0
45.0,90.5,26963,1.0
45.0,90.75,26964,1.0
45.0,91.0,26965,1.0
45.0,91.25,26966,1.0
45.0,91.5,26967,1.0
45.0,91.75,26968,1.0
45.0,92.0,26969,1.0
45.0,92.25,26970,1.0
45.0,92.5,26971,1.0
45.0,92.75,26972,1.0
45.0,93.0,26973,1.0
45.0,112.0,27049,1.0
45.0,112.25,27050,1.0
45.0,112.5,27051,1.0
45.0,114.25,27058,1.0
45.0,114.5,27059,1.0
45.0,114.75,27060,1.0
45.0,115.0,27061,1.0
45.0,115.25,27062,1.0
45.0,115.5,27063,1.0
45.0,115.75,27064,1.0
45.0,116.0,27065,1.0
45.0,116.25,27066,1.0
45.0,116.5,27067,1.0
45.0,116.75,27068,1.0
45.0,117.0,27069,1.0
45.0,117.25,27070,1.0
45.0,117.5,27071,1.0
45.0,117.75,27072,1.0
45.0,118.0,27073,1.0
45.0,118.25,27074,1.0
45.0,118.5,27075,1.0
45.0,118.75,27076,1.0
45.0,119.0,27077,1.0
45.0,119.25,27078,1.0
45.0,119.5,27079,1.0
45.0,119.75,27080,1.0
45.0,120.0,27081,1.0
45.0,120.25,27082,1.0
45.0,120.5,27083,1.0
45.0,120.75,27084,1.0
45.0,121.0,27085,1.0
45.0,121.25,27086,1.0
45.0,121.5,27087,1.0
45.0,121.75,27088,1.0
45.0,122.0,27089,1.0
45.0,122.25,27090,1.0
45.0,122.5,27091,1.0
45.0,122.75,27092,1.0
45.0,123.0,27093,1.0
45.0,123.25,27094,1.0
45.0,123.5,27095,1.0
45.0,123.75,27096,1.0
45.0,124.0,27097,1.0
45.0,124.25,27098,1.0
45.0,124.5,27099,1.0
45.0,124.75,27100,1.0
45.0,125.0,27101,1.0
45.0,125.25,27102,1.0
45.0,125.5,27103,1.0
45.0,125.75,27104,1.0
45.0,126.0,27105,1.0
45.0,126.25,27106,1.0
45.0,126.5,27107,1.0
45.0,126.75,27108,1.0
45.0,127.0,27109,1.0
45.0,127.25,27110,1.0
45.0,127.5,27111,1.0
45.0,127.75,27112,1.0
45.0,128.0,27113,1.0
45.0,128.25,27114,1.0
45.0,128.5,27115,1.0
45.0,128.75,27116,1.0
45.0,129.0,27117,1.0
45.0,129.25,27118,1.0
45.0,129.5,27119,1.0
45.0,129.75,27120,1.0
45.0,130.0,27121,1.0
45.0,130.25,27122,1.0
45.0,130.5,27123,1.0
45.0,130.75,27124,1.0
45.0,131.0,27125,1.0
45.0,131.25,27126,1.0
45.25,81.5,27176,1.0
45.25,81.75,27177,1.0
45.25,82.75,27181,1.0
45.25,83.0,27182,1.0
45.25,83.25,27183,1.0
45.25,83.5,27184,1.0
45.25,83.75,27185,1.0
45.25,84.0,27186,1.0
45.25,84.25,27187,1.0
45.25,84.5,27188,1.0
45.25,84.75,27189,1.0
45.25,85.0,27190,1.0
45.25,85.25,27191,1.0
45.25,85.5,27192,1.0
45.25,85.75,27193,1.0
45.25,86.0,27194,1.0
45.25,86.25,27195,1.0
45.25,86.5,27196,1.0
45.25,86.75,27197,1.0
45.25,87.0,27198,1.0
45.25,87.25,27199,1.0
45.25,87.5,27200,1.0
45.25,87.75,27201,1.0
45.25,88.0,27202,1.0
45.25,88.25,27203,1.0
45.25,88.5,27204,1.0
45.25,88.75,27205,1.0
45.25,89.0,27206,1.0
45.25,89.25,27207,1.0
45.25,89.5,27208,1.0
45.25,89.75,27209,1.0
45.25,90.0,27210,1.0
45.25,90.25,27211,1.0
45.25,90.5,27212,1.0
45.25,90.75,27213,1.0
45.25,114.5,27308,1.0
45.25,114.75,27309,1.0
45.25,115.0,27310,1.0
45.25,115.25,27311,1.0
45.25,115.5,27312,1.0
45.25,115.75,27313,1.0
45.25,116.0,27314,1.0
45.25,116.25,27315,1.0
45.25,116.5,27316,1.0
45.25,116.75,27317,1.0
45.25,117.0,27318,1.0
45.25,117.25,27319,1.0
45.25,117.5,27320,1.0
45.25,117.75,27321,1.0
45.25,118.0,27322,1.0
45.25,118.25,27323,1.0
45.25,118.5,27324,1.0
45.25,118.75,27325,1.0
45.25,119.0,27326,1.0
45.25,119.25,27327,1.0
45.25,119.5,27328,1.0
45.25,119.75,27329,1.0
45.25,120.0,27330,1.0
45.25,120.25,27331,1.0
45.25,120.5,27332,1.0
45.25,120.75,27333,1.0
45.25,121.0,27334,1.0
45.25,121.25,27335,1.0
45.25,121.5,27336,1.0
45.25,121.75,27337,1.0
45.25,122.0,27338,1.0
45.25,122.25,27339,1.0
45.25,122.5,27340,1.0
45.25,122.75,27341,1.0
45.25,123.0,27342,1.0
45.25,123.25,27343,1.0
45.25,123.5,27344,1.0
45.25,123.75,27345,1.0
45.25,124.0,27346,1.0
45.25,124.25,27347,1.0
45.25,124.5,27348,1.0
45.25,124.75,27349,1.0
45.25,125.0,27350,1.0
45.25,125.25,27351,1.0
45.25,125.5,27352,1.0
45.25,125.75,27353,1.0
45.25,126.0,27354,1.0
45.25,126.25,27355,1.0
45.25,126.5,27356,1.0
45.25,126.75,27357,1.0
45.25,127.0,27358,1.0
45.25,127.25,27359,1.0
45.25,127.5,27360,1.0
45.25,127.75,27361,1.0
45.25,128.0,27362,1.0
45.25,128.25,27363,1.0
45.25,128.5,27364,1.0
45.25,128.75,27365,1.0
45.25,129.0,27366,1.0
45.25,129.25,27367,1.0
45.25,129.5,27368,1.0
45.25,129.75,27369,1.0
45.25,130.0,27370,1.0
45.25,130.25,27371,1.0
45.25,130.5,27372,1.0
45.25,130.75,27373,1.0
45.25,131.0,27374,1.0
45.25,131.25,27375,1.0
45.25,131.5,27376,1.0
45.25,132.0,27378,1.0
45.25,132.25,27379,1.0
45.25,132.5,27380,1.0
45.25,132.75,27381,1.0
45.25,133.0,27382,1.0
45.5,82.5,27429,1.0
45.5,82.75,27430,1.0
45.5,83.0,27431,1.0
45.5,83.25,27432,1.0
45.5,83.5,27433,1.0
45.5,83.75,27434,1.0
45.5,84.0,27435,1.0
45.5,84.25,27436,1.0
45.5,84.5,27437,1.0
45.5,84.75,27438,1.0
45.5,85.0,27439,1.0
45.5,85.25,27440,1.0
45.5,85.5,27441,1.0
45.5,85.75,27442,1.0
45.5,86.0,27443,1.0
45.5,86.25,27444,1.0
45.5,86.5,27445,1.0
45.5,86.75,27446,1.0
45.5,87.0,27447,1.0
45.5,87.25,27448,1.0
45.5,87.5,27449,1.0
45.5,87.75,27450,1.0
45.5,88.0,27451,1.0
45.5,88.25,27452,1.0
45.5,88.5,27453,1.0
45.5,88.75,27454,1.0
45.5,89.0,27455,1.0
45.5,89.25,27456,1.0
45.5,89.5,27457,1.0
45.5,89.75,27458,1.0
45.5,90.0,27459,1.0
45.5,90.25,27460,1.0
45.5,90.5,27461,1.0
45.5,115.75,27562,1.0
45.5,116.0,27563,1.0
45.5,116.25,27564,1.0
45.5,116.5,27565,1.0
45.5,116.75,27566,1.0
45.5,117.0,27567,1.0
45.5,117.25,27568,1.0
45.5,117.5,27569,1.0
45.5,117.75,27570,1.0
45.5,118.0,27571,1.0
45.5,118.25,27572,1.0
45.5,118.5,27573,1.0
45.5,118.75,27574,1.0
45.5,119.0,27575,1.0
45.5,119.25,27576,1.0
45.5,119.5,27577,1.0
45.5,119.75,27578,1.0
45.5,120.0,27579,1.0
45.5,120.25,27580,1.0
45.5,120.5,27581,1.0
45.5,120.75,27582,1.0
45.5,121.0,27583,1.0
45.5,121.25,27584,1.0
45.5,121.5,27585,1.0
45.5,121.75,27586,1.0
45.5,122.0,27587,1.0
45.5,122.25,27588,1.0
45.5,122.5,27589,1.0
45.5,122.75,27590,1.0
45.5,123.0,27591,1.0
45.5,123.25,27592,1.0
45.5,123.5,27593,1.0
45.5,123.75,27594,1.0
45.5,124.0,27595,1.0
45.5,124.25,27596,1.0
45.5,124.5,27597,1.0
45.5,124.75,27598,1.0
45.5,125.0,27599,1.0
45.5,125.25,27600,1.0
45.5,125.5,27601,1.0
45.5,125.75,27602,1.0
45.5,126.0,27603,1.0
45.5,126.25,27604,1.0
45.5,126.5,27605,1.0
45.5,126.75,27606,1.0
45.5,127.0,27607,1.0
45.5,127.25,27608,1.0
45.5,127.5,27609,1.0
45.5,127.75,27610,1.0
45.5,128.0,27611,1.0
45.5,128.25,27612,1.0
45.5,128.5,27613,1.0
45.5,128.75,27614,1.0
45.5,129.0,27615,1.0
45.5,129.25,27616,1.0
45.5,129.5,27617,1.0
45.5,129.75,27618,1.0
45.5,130.0,27619,1.0
45.5,130.25,27620,1.0
45.5,130.5,27621,1.0
45.5,130.75,27622,1.0
45.5,131.0,27623,1.0
45.5,131.25,27624,1.0
45.5,131.5,27625,1.0
45.5,131.75,27626,1.0
45.5,132.0,27627,1.0
45.5,132.25,27628,1.0
45.5,132.5,27629,1.0
45.5,132.75,27630,1.0
45.5,133.0,27631,1.0
45.75,82.5,27678,1.0
45.75,82.75,27679,1.0
45.75,83.0,27680,1.0
45.75,83.25,27681,1.0
45.75,83.5,27682,1.0
45.75,83.75,27683,1.0
45.75,84.0,27684,1.0
45.75,84.25,27685,1.0
45.75,84.5,27686,1.0
45.75,84.75,27687,1.0
45.75,85.0,27688,1.0
45.75,85.25,27689,1.0
45.75,85.5,27690,1.0
45.75,85.75,27691,1.0
45.75,86.0,27692,1.0
45.75,86.25,27693,1.0
45.75,86.5,27694,1.0
45.75,86.75,27695,1.0
45.75,87.0,27696,1.0
45.75,87.25,27697,1.0
45.75,87.5,27698,1.0
45.75,87.75,27699,1.0
45.75,88.0,27700,1.0
45.75,88.25,27701,1.0
45.75,88.5,27702,1.0
45.75,88.75,27703,1.0
45.75,89.0,27704,1.0
45.75,89.25,27705,1.0
45.75,89.5,27706,1.0
45.75,89.75,27707,1.0
45.75,90.0,27708,1.0
45.75,90.25,27709,1.0
45.75,90.5,27710,1.0
45.75,116.25,27813,1.0
45.75,116.5,27814,1.0
45.75,116.75,27815,1.0
45.75,117.0,27816,1.0
45.75,117.25,27817,1.0
45.75,117.5,27818,1.0
45.75,117.75,27819,1.0
45.75,118.0,27820,1.0
45.75,118.25,27821,1.0
45.75,118.5,27822,1.0
45.75,118.75,27823,1.0
45.75,119.0,27824,1.0
45.75,119.25,27825,1.0
45.75,119.5,27826,1.0
45.75,119.75,27827,1.0
45.75,120.0,27828,1.0
45.75,120.25,27829,1.0
45.75,120.5,27830,1.0
45.75,120.75,27831,1.0
45.75,121.0,27832,1.0
45.75,121.25,27833,1.0
45.75,121.5,27834,1.0
45.75,121.75,27835,1.0
45.75,122.0,27836,1.0
45.75,122.25,27837,1.0
45.75,122.5,27838,1.0
45.75,122.75,27839,1.0
45.75,123.0,27840,1.0
45.75,123.25,27841,1.0
45.75,123.5,27842,1.0
45.75,123.75,27843,1.0
45.75,124.0,27844,1.0
45.75,124.25,27845,1.0
45.75,124.5,27846,1.0
45.75,124.75,27847,1.0
45.75,125.0,27848,1.0
45.75,125.25,27849,1.0
45.75,125.5,27850,1.0
45.75,125.75,27851,1.0
45.75,126.0,27852,1.0
45.75,126.25,27853,1.0
45.75,126.5,27854,1.0
45.75,126.75,27855,1.0
45.75,127.0,27856,1.0
45.75,127.25,27857,1.0
45.75,127.5,27858,1.0
45.75,127.75,27859,1.0
45.75,128.0,27860,1.0
45.75,128.25,27861,1.0
45.75,128.5,27862,1.0
45.75,128.75,27863,1.0
45.75,129.0,27864,1.0
45.75,129.25,27865,1.0
45.75,129.5,27866,1.0
45.75,129.75,27867,1.0
45.75,130.0,27868,1.0
45.75,130.25,27869,1.0
45.75,130.5,27870,1.0
45.75,130.75,27871,1.0
45.75,131.0,27872,1.0
45.75,131.25,27873,1.0
45.75,131.5,27874,1.0
45.75,131.75,27875,1.0
45.75,132.0,27876,1.0
45.75,132.25,27877,1.0
45.75,132.5,27878,1.0
45.75,132.75,27879,1.0
45.75,133.0,27880,1.0
45.75,133.25,27881,1.0
46.0,82.75,27928,1.0
46.0,83.0,27929,1.0
46.0,83.25,27930,1.0
46.0,83.5,27931,1.0
46.0,83.75,27932,1.0
46.0,84.0,27933,1.0
46.0,84.25,27934,1.0
46.0,84.5,27935,1.0
46.0,84.75,27936,1.0
46.0,85.0,27937,1.0
46.0,85.25,27938,1.0
46.0,85.5,27939,1.0
46.0,85.75,27940,1.0
46.0,86.0,27941,1.0
46.0,86.25,27942,1.0
46.0,86.5,27943,1.0
46.0,86.75,27944,1.0
46.0,87.0,27945,1.0
46.0,87.25,27946,1.0
46.0,87.5,27947,1.0
46.0,87.75,27948,1.0
46.0,88.0,27949,1.0
46.0,88.25,27950,1.0
46.0,88.5,27951,1.0
46.0,88.75,27952,1.0
46.0,89.0,27953,1.0
46.0,89.25,27954,1.0
46.0,89.5,27955,1.0
46.0,89.75,27956,1.0
46.0,90.0,27957,1.0
46.0,90.25,27958,1.0
46.0,90.5,27959,1.0
46.0,90.75,27960,1.0
46.0,116.5,28063,1.0
46.0,116.75,28064,1.0
46.0,117.0,28065,1.0
46.0,117.25,28066,1.0
46.0,117.5,28067,1.0
46.0,117.75,28068,1.0
46.0,118.0,28069,1.0
46.0,118.25,28070,1.0
46.0,118.5,28071,1.0
46.0,118.75,28072,1.0
46.0,119.0,28073,1.0
46.0,119.25,28074,1.0
46.0,119.5,28075,1.0
46.0,119.75,28076,1.0
46.0,120.0,28077,1.0
46.0,120.25,28078,1.0
46.0,120.5,28079,1.0
46.0,120.75,28080,1.0
46.0,121.0,28081,1.0
46.0,121.25,28082,1.0
46.0,121.5,28083,1.0
46.0,121.75,28084,1.0
46.0,122.0,28085,1.0
46.0,122.25,28086,1.0
46.0,122.5,28087,1.0
46.0,122.75,28088,1.0
46.0,123.0,28089,1.0
46.0,123.25,28090,1.0
46.0,123.5,28091,1.0
46.0,123.75,28092,1.0
46.0,124.0,28093,1.0
46.0,124.25,28094,1.0
46.0,124.5,28095,1.0
46.0,124.75,28096,1.0
46.0,125.0,28097,1.0
46.0,125.25,28098,1.0
46.0,125.5,28099,1.0
46.0,125.75,28100,1.0
46.0,126.0,28101,1.0
46.0,126.25,28102,1.0
46.0,126.5,28103,1.0
46.0,126.75,28104,1.0
46.0,127.0,28105,1.0
46.0,127.25,28106,1.0
46.0,127.5,28107,1.0
46.0,127.75,28108,1.0
46.0,128.0,28109,1.0
46.0,128.25,28110,1.0
46.0,128.5,28111,1.0
46.0,128.75,28112,1.0
46.0,129.0,28113,1.0
46.0,129.25,28114,1.0
46.0,129.5,28115,1.0
46.0,129.75,28116,1.0
46.0,130.0,28117,1.0
46.0,130.25,28118,1.0
46.0,130.5,28119,1.0
46.0,130.75,28120,1.0
46.0,131.0,28121,1.0
46.0,131.25,28122,1.0
46.0,131.5,28123,1.0
46.0,131.75,28124,1.0
46.0,132.0,28125,1.0
46.0,132.25,28126,1.0
46.0,132.5,28127,1.0
46.0,132.75,28128,1.0
46.0,133.0,28129,1.0
46.0,133.25,28130,1.0
46.0,133.5,28131,1.0
46.25,82.75,28177,1.0
46.25,83.0,28178,1.0
46.25,83.25,28179,1.0
46.25,83.5,28180,1.0
46.25,83.75,28181,1.0
46.25,84.0,28182,1.0
46.25,84.25,28183,1.0
46.25,84.5,28184,1.0
46.25,84.75,28185,1.0
46.25,85.0,28186,1.0
46.25,85.25,28187,1.0
46.25,85.5,28188,1.0
46.25,85.75,28189,1.0
46.25,86.0,28190,1.0
46.25,86.25,28191,1.0
46.25,86.5,28192,1.0
46.25,86.75,28193,1.0
46.25,87.0,28194,1.0
46.25,87.25,28195,1.0
46.25,87.5,28196,1.0
46.25,87.75,28197,1.0
46.25,88.0,28198,1.0
46.25,88.25,28199,1.0
46.25,88.5,28200,1.0
46.25,88.75,28201,1.0
46.25,89.0,28202,1.0
46.25,89.25,28203,1.0
46.25,89.5,28204,1.0
46.25,89.75,28205,1.0
46.25,90.0,28206,1.0
46.25,90.25,28207,1.0
46.25,90.5,28208,1.0
46.25,90.75,28209,1.0
46.25,116.75,28313,1.0
46.25,117.0,28314,1.0
46.25,117.25,28315,1.0
46.25,117.5,28316,1.0
46.25,117.75,28317,1.0
46.25,118.0,28318,1.0
46.25,118.25,28319,1.0
46.25,118.5,28320,1.0
46.25,118.75,28321,1.0
46.25,119.0,28322,1.0
46.25,119.25,28323,1.0
46.25,119.5,28324,1.0
46.25,119.75,28325,1.0
46.25,120.0,28326,1.0
46.25,120.25,28327,1.0
46.25,120.5,28328,1.0
46.25,120.75,28329,1.0
46.25,121.0,28330,1.0
46.25,121.25,28331,1.0
46.25,121.5,28332,1.0
46.25,121.75,28333,1.0
46.25,122.0,28334,1.0
46.25,122.25,28335,1.0
46.25,122.5,28336,1.0
46.25,122.75,28337,1.0
46.25,123.0,28338,1.0
46.25,123.25,28339,1.0
46.25,123.5,28340,1.0
46.25,123.75,28341,1.0
46.25,124.0,28342,1.0
46.25,124.25,28343,1.0
46.25,124.5,28344,1.0
46.25,124.75,28345,1.0
46.25,125.0,28346,1.0
46.25,125.25,28347,1.0
46.25,125.5,28348,1.0
46.25,125.75,28349,1.0
46.25,126.0,28350,1.0
46.25,126.25,28351,1.0
46.25,126.5,28352,1.0
46.25,126.75,28353,1.0
46.25,127.0,28354,1.0
46.25,127.25,28355,1.0
46.25,127.5,28356,1.0
46.25,127.75,28357,1.0
46.25,128.0,28358,1.0
46.25,128.25,28359,1.0
46.25,128.5,28360,1.0
46.25,128.75,28361,1.0
46.25,129.0,28362,1.0
46.25,129.25,28363,1.0
46.25,129.5,28364,1.0
46.25,129.75,28365,1.0
46.25,130.0,28366,1.0
46.25,130.25,28367,1.0
46.25,130.5,28368,1.0
46.25,130.75,28369,1.0
46.25,131.0,28370,1.0
46.25,131.25,28371,1.0
46.25,131.5,28372,1.0
46.25,131.75,28373,1.0
46.25,132.0,28374,1.0
46.25,132.25,28375,1.0
46.25,132.5,28376,1.0
46.25,132.75,28377,1.0
46.25,133.0,28378,1.0
46.25,133.25,28379,1.0
46.25,133.5,28380,1.0
46.25,133.75,28381,1.0
46.5,82.75,28426,1.0
46.5,83.0,28427,1.0
46.5,83.25,28428,1.0
46.5,83.5,28429,1.0
46.5,83.75,28430,1.0
46.5,84.0,28431,1.0
46.5,84.25,28432,1.0
46.5,84.5,28433,1.0
46.5,84.75,28434,1.0
46.5,85.0,28435,1.0
46.5,85.25,28436,1.0
46.5,85.5,28437,1.0
46.5,85.75,28438,1.0
46.5,86.0,28439,1.0
46.5,86.25,28440,1.0
46.5,86.5,28441,1.0
46.5,86.75,28442,1.0
46.5,87.0,28443,1.0
46.5,87.25,28444,1.0
46.5,87.5,28445,1.0
46.5,87.75,28446,1.0
46.5,88.0,28447,1.0
46.5,88.25,28448,1.0
46.5,88.5,28449,1.0
46.5,88.75,28450,1.0
46.5,89.0,28451,1.0
46.5,89.25,28452,1.0
46.5,89.5,28453,1.0
46.5,89.75,28454,1.0
46.5,90.0,28455,1.0
46.5,90.25,28456,1.0
46.5,90.5,28457,1.0
46.5,90.75,28458,1.0
46.5,91.0,28459,1.0
46.5,117.5,28565,1.0
46.5,117.75,28566,1.0
46.5,118.0,28567,1.0
46.5,118.25,28568,1.0
46.5,118.5,28569,1.0
46.5,118.75,28570,1.0
46.5,119.0,28571,1.0
46.5,119.25,28572,1.0
46.5,119.5,28573,1.0
46.5,119.75,28574,1.0
46.5,120.0,28575,1.0
46.5,120.25,28576,1.0
46.5,120.5,28577,1.0
46.5,120.75,28578,1.0
46.5,121.0,28579,1.0
46.5,121.25,28580,1.0
46.5,121.5,28581,1.0
46.5,121.75,28582,1.0
46.5,122.0,28583,1.0
46.5,122.25,28584,1.0
46.5,122.5,28585,1.0
46.5,122.75,28586,1.0
46.5,123.0,28587,1.0
46.5,123.25,28588,1.0
46.5,123.5,28589,1.0
46.5,123.75,28590,1.0
46.5,124.0,28591,1.0
46.5,124.25,28592,1.0
46.5,124.5,28593,1.0
46.5,124.75,28594,1.0
46.5,125.0,28595,1.0
46.5,125.25,28596,1.0
46.5,125.5,28597,1.0
46.5,125.75,28598,1.0
46.5,126.0,28599,1.0
46.5,126.25,28600,1.0
46.5,126.5,28601,1.0
46.5,126.75,28602,1.0
46.5,127.0,28603,1.0
46.5,127.25,28604,1.0
46.5,127.5,28605,1.0
46.5,127.75,28606,1.0
46.5,128.0,28607,1.0
46.5,128.25,28608,1.0
46.5,128.5,28609,1.0
46.5,128.75,28610,1.0
46.5,129.0,28611,1.0
46.5,129.25,28612,1.0
46.5,129.5,28613,1.0
46.5,129.75,28614,1.0
46.5,130.0,28615,1.0
46.5,130.25,28616,1.0
46.5,130.5,28617,1.0
46.5,130.75,28618,1.0
46.5,131.0,28619,1.0
46.5,131.25,28620,1.0
46.5,131.5,28621,1.0
46.5,131.75,28622,1.0
46.5,132.0,28623,1.0
46.5,132.25,28624,1.0
46.5,132.5,28625,1.0
46.5,132.75,28626,1.0
46.5,133.0,28627,1.0
46.5,133.25,28628,1.0
46.5,133.5,28629,1.0
46.5,133.75,28630,1.0
46.75,83.0,28676,1.0
46.75,83.25,28677,1.0
46.75,83.5,28678,1.0
46.75,83.75,28679,1.0
46.75,84.0,28680,1.0
46.75,84.25,28681,1.0
46.75,84.5,28682,1.0
46.75,84.75,28683,1.0
46.75,85.0,28684,1.0
46.75,85.25,28685,1.0
46.75,85.5,28686,1.0
46.75,85.75,28687,1.0
46.75,86.0,28688,1.0
46.75,86.25,28689,1.0
46.75,86.5,28690,1.0
46.75,86.75,28691,1.0
46.75,87.0,28692,1.0
46.75,87.25,28693,1.0
46.75,87.5,28694,1.0
46.75,87.75,28695,1.0
46.75,88.0,28696,1.0
46.75,88.25,28697,1.0
46.75,88.5,28698,1.0
46.75,88.75,28699,1.0
46.75,89.0,28700,1.0
46.75,89.25,28701,1.0
46.75,89.5,28702,1.0
46.75,89.75,28703,1.0
46.75,90.0,28704,1.0
46.75,90.25,28705,1.0
46.75,90.5,28706,1.0
46.75,90.75,28707,1.0
46.75,120.0,28824,1.0
46.75,120.25,28825,1.0
46.75,120.5,28826,1.0
46.75,120.75,28827,1.0
46.75,121.0,28828,1.0
46.75,121.25,28829,1.0
46.75,121.5,28830,1.0
46.75,121.75,28831,1.0
46.75,122.0,28832,1.0
46.75,122.25,28833,1.0
46.75,122.5,28834,1.0
46.75,122.75,28835,1.0
46.75,123.0,28836,1.0
46.75,123.25,28837,1.0
46.75,123.5,28838,1.0
46.75,123.75,28839,1.0
46.75,124.0,28840,1.0
46.75,124.25,28841,1.0
46.75,124.5,28842,1.0
46.75,124.75,28843,1.0
46.75,125.0,28844,1.0
46.75,125.25,28845,1.0
46.75,125.5,28846,1.0
46.75,125.75,28847,1.0
46.75,126.0,28848,1.0
46.75,126.25,28849,1.0
46.75,126.5,28850,1.0
46.75,126.75,28851,1.0
46.75,127.0,28852,1.0
46.75,127.25,28853,1.0
46.75,127.5,28854,1.0
46.75,127.75,28855,1.0
46.75,128.0,28856,1.0
46.75,128.25,28857,1.0
46.75,128.5,28858,1.0
46.75,128.75,28859,1.0
46.75,129.0,28860,1.0
46.75,129.25,28861,1.0
46.75,129.5,28862,1.0
46.75,129.75,28863,1.0
46.75,130.0,28864,1.0
46.75,130.25,28865,1.0
46.75,130.5,28866,1.0
46.75,130.75,28867,1.0
46.75,131.0,28868,1.0
46.75,131.25,28869,1.0
46.75,131.5,28870,1.0
46.75,131.75,28871,1.0
46.75,132.0,28872,1.0
46.75,132.25,28873,1.0
46.75,132.5,28874,1.0
46.75,132.75,28875,1.0
46.75,133.0,28876,1.0
46.75,133.25,28877,1.0
46.75,133.5,28878,1.0
46.75,133.75,28879,1.0
46.75,134.0,28880,1.0
47.0,83.0,28925,1.0
47.0,83.25,28926,1.0
47.0,83.5,28927,1.0
47.0,83.75,28928,1.0
47.0,85.25,28934,1.0
47.0,85.5,28935,1.0
47.0,85.75,28936,1.0
47.0,86.0,28937,1.0
47.0,86.25,28938,1.0
47.0,86.5,28939,1.0
47.0,86.75,28940,1.0
47.0,87.0,28941,1.0
47.0,87.25,28942,1.0
47.0,87.5,28943,1.0
47.0,87.75,28944,1.0
47.0,88.0,28945,1.0
47.0,88.25,28946,1.0
47.0,88.5,28947,1.0
47.0,88.75,28948,1.0
47.0,89.0,28949,1.0
47.0,89.25,28950,1.0
47.0,89.5,28951,1.0
47.0,89.75,28952,1.0
47.0,90.0,28953,1.0
47.0,90.25,28954,1.0
47.0,90.5,28955,1.0
47.0,120.0,29073,1.0
47.0,120.25,29074,1.0
47.0,120.5,29075,1.0
47.0,120.75,29076,1.0
47.0,121.0,29077,1.0
47.0,121.25,29078,1.0
47.0,121.5,29079,1.0
47.0,121.75,29080,1.0
47.0,122.0,29081,1.0
47.0,122.25,29082,1.0
47.0,122.5,29083,1.0
47.0,122.75,29084,1.0
47.0,123.0,29085,1.0
47.0,123.25,29086,1.0
47.0,123.5,29087,1.0
47.0,123.75,29088,1.0
47.0,124.0,29089,1.0
47.0,124.25,29090,1.0
47.0,124.5,29091,1.0
47.0,124.75,29092,1.0
47.0,125.0,29093,1.0
47.0,125.25,29094,1.0
47.0,125.5,29095,1.0
47.0,125.75,29096,1.0
47.0,126.0,29097,1.0
47.0,126.25,29098,1.0
47.0,126.5,29099,1.0
47.0,126.75,29100,1.0
47.0,127.0,29101,1.0
47.0,127.25,29102,1.0
47.0,127.5,29103,1.0
47.0,127.75,29104,1.0
47.0,128.0,29105,1.0
47.0,128.25,29106,1.0
47.0,128.5,29107,1.0
47.0,128.75,29108,1.0
47.0,129.0,29109,1.0
47.0,129.25,29110,1.0
47.0,129.5,29111,1.0
47.0,129.75,29112,1.0
47.0,130.0,29113,1.0
47.0,130.25,29114,1.0
47.0,130.5,29115,1.0
47.0,130.75,29116,1.0
47.0,131.0,29117,1.0
47.0,131.25,29118,1.0
47.0,131.5,29119,1.0
47.0,131.75,29120,1.0
47.0,132.0,29121,1.0
47.0,132.25,29122,1.0
47.0,132.5,29123,1.0
47.0,132.75,29124,1.0
47.0,133.0,29125,1.0
47.0,133.25,29126,1.0
47.0,133.5,29127,1.0
47.0,133.75,29128,1.0
47.0,134.0,29129,1.0
47.25,85.75,29185,1.0
47.25,86.0,29186,1.0
47.25,86.25,29187,1.0
47.25,86.5,29188,1.0
47.25,86.75,29189,1.0
47.25,87.0,29190,1.0
47.25,87.25,29191,1.0
47.25,87.5,29192,1.0
47.25,87.75,29193,1.0
47.25,88.0,29194,1.0
47.25,88.25,29195,1.0
47.25,88.5,29196,1.0
47.25,88.75,29197,1.0
47.25,89.0,29198,1.0
47.25,89.25,29199,1.0
47.25,89.5,29200,1.0
47.25,89.75,29201,1.0
47.25,90.0,29202,1.0
47.25,90.25,29203,1.0
47.25,90.5,29204,1.0
47.25,119.75,29321,1.0
47.25,120.0,29322,1.0
47.25,120.25,29323,1.0
47.25,120.5,29324,1.0
47.25,120.75,29325,1.0
47.25,121.0,29326,1.0
47.25,121.25,29327,1.0
47.25,121.5,29328,1.0
47.25,121.75,29329,1.0
47.25,122.0,29330,1.0
47.25,122.25,29331,1.0
47.25,122.5,29332,1.0
47.25,122.75,29333,1.0
47.25,123.0,29334,1.0
47.25,123.25,29335,1.0
47.25,123.5,29336,1.0
47.25,123.75,29337,1.0
47.25,124.0,29338,1.0
47.25,124.25,29339,1.0
47.25,124.5,29340,1.0
47.25,124.75,29341,1.0
47.25,125.0,29342,1.0
47.25,125.25,29343,1.0
47.25,125.5,29344,1.0
47.25,125.75,29345,1.0
47.25,126.0,29346,1.0
47.25,126.25,29347,1.0
47.25,126.5,29348,1.0
47.25,126.75,29349,1.0
47.25,127.0,29350,1.0
47.25,127.25,29351,1.0
47.25,127.5,29352,1.0
47.25,127.75,29353,1.0
47.25,128.0,29354,1.0
47.25,128.25,29355,1.0
47.25,128.5,29356,1.0
47.25,128.75,29357,1.0
47.25,129.0,29358,1.0
47.25,129.25,29359,1.0
47.25,129.5,29360,1.0
47.25,129.75,29361,1.0
47.25,130.0,29362,1.0
47.25,130.25,29363,1.0
47.25,130.5,29364,1.0
47.25,130.75,29365,1.0
47.25,131.0,29366,1.0
47.25,131.25,29367,1.0
47.25,131.5,29368,1.0
47.25,131.75,29369,1.0
47.25,132.0,29370,1.0
47.25,132.25,29371,1.0
47.25,132.5,29372,1.0
47.25,132.75,29373,1.0
47.25,133.0,29374,1.0
47.25,133.25,29375,1.0
47.25,133.5,29376,1.0
47.25,133.75,29377,1.0
47.25,134.0,29378,1.0
47.5,85.75,29434,1.0
47.5,86.0,29435,1.0
47.5,86.25,29436,1.0
47.5,86.5,29437,1.0
47.5,86.75,29438,1.0
47.5,87.0,29439,1.0
47.5,87.25,29440,1.0
47.5,87.5,29441,1.0
47.5,87.75,29442,1.0
47.5,88.0,29443,1.0
47.5,88.25,29444,1.0
47.5,88.5,29445,1.0
47.5,88.75,29446,1.0
47.5,89.0,29447,1.0
47.5,89.25,29448,1.0
47.5,89.5,29449,1.0
47.5,89.75,29450,1.0
47.5,90.0,29451,1.0
47.5,90.25,29452,1.0
47.5,119.25,29568,1.0
47.5,119.5,29569,1.0
47.5,119.75,29570,1.0
47.5,120.0,29571,1.0
47.5,120.25,29572,1.0
47.5,120.5,29573,1.0
47.5,120.75,29574,1.0
47.5,121.0,29575,1.0
47.5,121.25,29576,1.0
47.5,121.5,29577,1.0
47.5,121.75,29578,1.0
47.5,122.0,29579,1.0
47.5,122.25,29580,1.0
47.5,122.5,29581,1.0
47.5,122.75,29582,1.0
47.5,123.0,29583,1.0
47.5,123.25,29584,1.0
47.5,123.5,29585,1.0
47.5,123.75,29586,1.0
47.5,124.0,29587,1.0
47.5,124.25,29588,1.0
47.5,124.5,29589,1.0
47.5,124.75,29590,1.0
47.5,125.0,29591,1.0
47.5,125.25,29592,1.0
47.5,125.5,29593,1.0
47.5,125.75,29594,1.0
47.5,126.0,29595,1.0
47.5,126.25,29596,1.0
47.5,126.5,29597,1.0
47.5,126.75,29598,1.0
47.5,127.0,29599,1.0
47.5,127.25,29600,1.0
47.5,127.5,29601,1.0
47.5,127.75,29602,1.0
47.5,128.0,29603,1.0
47.5,128.25,29604,1.0
47.5,128.5,29605,1.0
47.5,128.75,29606,1.0
47.5,129.0,29607,1.0
47.5,129.25,29608,1.0
47.5,129.5,29609,1.0
47.5,129.75,29610,1.0
47.5,130.0,29611,1.0
47.5,130.25,29612,1.0
47.5,130.5,29613,1.0
47.5,130.75,29614,1.0
47.5,131.0,29615,1.0
47.5,131.25,29616,1.0
47.5,131.5,29617,1.0
47.5,131.75,29618,1.0
47.5,132.0,29619,1.0
47.5,132.25,29620,1.0
47.5,132.5,29621,1.0
47.5,132.75,29622,1.0
47.5,133.0,29623,1.0
47.5,133.25,29624,1.0
47.5,133.5,29625,1.0
47.5,133.75,29626,1.0
47.5,134.0,29627,1.0
47.5,134.25,29628,1.0
47.5,134.5,29629,1.0
47.75,85.75,29683,1.0
47.75,86.0,29684,1.0
47.75,86.25,29685,1.0
47.75,86.5,29686,1.0
47.75,86.75,29687,1.0
47.75,87.0,29688,1.0
47.75,87.25,29689,1.0
47.75,87.5,29690,1.0
47.75,87.75,29691,1.0
47.75,88.0,29692,1.0
47.75,88.25,29693,1.0
47.75,88.5,29694,1.0
47.75,88.75,29695,1.0
47.75,89.0,29696,1.0
47.75,89.25,29697,1.0
47.75,89.5,29698,1.0
47.75,89.75,29699,1.0
47.75,90.0,29700,1.0
47.75,116.0,29804,1.0
47.75,117.25,29809,1.0
47.75,119.0,29816,1.0
47.75,119.25,29817,1.0
47.75,119.5,29818,1.0
47.75,119.75,29819,1.0
47.75,120.0,29820,1.0
47.75,120.25,29821,1.0
47.75,120.5,29822,1.0
47.75,120.75,29823,1.0
47.75,121.0,29824,1.0
47.75,121.25,29825,1.0
47.75,121.5,29826,1.0
47.75,121.75,29827,1.0
47.75,122.0,29828,1.0
47.75,122.25,29829,1.0
47.75,122.5,29830,1.0
47.75,122.75,29831,1.0
47.75,123.0,29832,1.0
47.75,123.25,29833,1.0
47.75,123.5,29834,1.0
47.75,123.75,29835,1.0
47.75,124.0,29836,1.0
47.75,124.25,29837,1.0
47.75,124.5,29838,1.0
47.75,124.75,29839,1.0
47.75,125.0,29840,1.0
47.75,125.25,29841,1.0
47.75,125.5,29842,1.0
47.75,125.75,29843,1.0
47.75,126.0,29844,1.0
47.75,126.25,29845,1.0
47.75,126.5,29846,1.0
47.75,126.75,29847,1.0
47.75,127.0,29848,1.0
47.75,127.25,29849,1.0
47.75,127.5,29850,1.0
47.75,127.75,29851,1.0
47.75,128.0,29852,1.0
47.75,128.25,29853,1.0
47.75,128.5,29854,1.0
47.75,128.75,29855,1.0
47.75,129.0,29856,1.0
47.75,129.25,29857,1.0
47.75,129.5,29858,1.0
47.75,129.75,29859,1.0
47.75,130.0,29860,1.0
47.75,130.25,29861,1.0
47.75,130.5,29862,1.0
47.75,130.75,29863,1.0
47.75,132.75,29871,1.0
47.75,133.0,29872,1.0
47.75,133.25,29873,1.0
47.75,133.5,29874,1.0
47.75,133.75,29875,1.0
47.75,134.0,29876,1.0
47.75,134.25,29877,1.0
47.75,134.5,29878,1.0
48.0,85.75,29932,1.0
48.0,86.0,29933,1.0
48.0,86.25,29934,1.0
48.0,86.5,29935,1.0
48.0,86.75,29936,1.0
48.0,87.0,29937,1.0
48.0,87.25,29938,1.0
48.0,87.5,29939,1.0
48.0,87.75,29940,1.0
48.0,88.0,29941,1.0
48.0,88.25,29942,1.0
48.0,88.5,29943,1.0
48.0,88.75,29944,1.0
48.0,89.0,29945,1.0
48.0,89.5,29947,1.0
48.0,115.75,30052,1.0
48.0,116.0,30053,1.0
48.0,116.25,30054,1.0
48.0,116.5,30055,1.0
48.0,116.75,30056,1.0
48.0,117.0,30057,1.0
48.0,117.25,30058,1.0
48.0,117.5,30059,1.0
48.0,117.75,30060,1.0
48.0,118.25,30062,1.0
48.0,118.5,30063,1.0
48.0,118.75,30064,1.0
48.0,119.0,30065,1.0
48.0,119.25,30066,1.0
48.0,119.5,30067,1.0
48.0,119.75,30068,1.0
48.0,120.0,30069,1.0
48.0,120.25,30070,1.0
48.0,120.5,30071,1.0
48.0,120.75,30072,1.0
48.0,121.0,30073,1.0
48.0,121.25,30074,1.0
48.0,121.5,30075,1.0
48.0,121.75,30076,1.0
48.0,122.0,30077,1.0
48.0,122.25,30078,1.0
48.0,122.5,30079,1.0
48.0,122.75,30080,1.0
48.0,123.0,30081,1.0
48.0,123.25,30082,1.0
48.0,123.5,30083,1.0
48.0,123.75,30084,1.0
48.0,124.0,30085,1.0
48.0,124.25,30086,1.0
48.0,124.5,30087,1.0
48.0,124.75,30088,1.0
48.0,125.0,30089,1.0
48.0,125.25,30090,1.0
48.0,125.5,30091,1.0
48.0,125.75,30092,1.0
48.0,126.0,30093,1.0
48.0,126.25,30094,1.0
48.0,126.5,30095,1.0
48.0,126.75,30096,1.0
48.0,127.0,30097,1.0
48.0,127.25,30098,1.0
48.0,127.5,30099,1.0
48.0,127.75,30100,1.0
48.0,128.0,30101,1.0
48.0,128.25,30102,1.0
48.0,128.5,30103,1.0
48.0,128.75,30104,1.0
48.0,129.0,30105,1.0
48.0,129.25,30106,1.0
48.0,129.5,30107,1.0
48.0,129.75,30108,1.0
48.0,130.0,30109,1.0
48.0,130.25,30110,1.0
48.0,130.5,30111,1.0
48.0,130.75,30112,1.0
48.0,133.0,30121,1.0
48.0,133.25,30122,1.0
48.0,133.5,30123,1.0
48.0,133.75,30124,1.0
48.0,134.0,30125,1.0
48.0,134.25,30126,1.0
48.0,134.5,30127,1.0
48.25,85.75,30181,1.0
48.25,86.0,30182,1.0
48.25,86.25,30183,1.0
48.25,86.5,30184,1.0
48.25,86.75,30185,1.0
48.25,87.0,30186,1.0
48.25,87.25,30187,1.0
48.25,87.5,30188,1.0
48.25,87.75,30189,1.0
48.25,88.0,30190,1.0
48.25,88.25,30191,1.0
48.25,88.5,30192,1.0
48.25,116.0,30302,1.0
48.25,116.25,30303,1.0
48.25,116.5,30304,1.0
48.25,116.75,30305,1.0
48.25,117.0,30306,1.0
48.25,117.25,30307,1.0
48.25,117.5,30308,1.0
48.25,117.75,30309,1.0
48.25,118.0,30310,1.0
48.25,118.25,30311,1.0
48.25,118.5,30312,1.0
48.25,118.75,30313,1.0
48.25,119.0,30314,1.0
48.25,119.25,30315,1.0
48.25,119.5,30316,1.0
48.25,119.75,30317,1.0
48.25,120.0,30318,1.0
48.25,120.25,30319,1.0
48.25,120.5,30320,1.0
48.25,120.75,30321,1.0
48.25,121.0,30322,1.0
48.25,121.25,30323,1.0
48.25,121.5,30324,1.0
48.25,121.75,30325,1.0
48.25,122.0,30326,1.0
48.25,122.25,30327,1.0
48.25,122.5,30328,1.0
48.25,122.75,30329,1.0
48.25,123.0,30330,1.0
48.25,123.25,30331,1.0
48.25,123.5,30332,1.0
48.25,123.75,30333,1.0
48.25,124.0,30334,1.0
48.25,124.25,30335,1.0
48.25,124.5,30336,1.0
48.25,124.75,30337,1.0
48.25,125.0,30338,1.0
48.25,125.25,30339,1.0
48.25,125.5,30340,1.0
48.25,125.75,30341,1.0
48.25,126.0,30342,1.0
48.25,126.25,30343,1.0
48.25,126.5,30344,1.0
48.25,126.75,30345,1.0
48.25,127.0,30346,1.0
48.25,127.25,30347,1.0
48.25,127.5,30348,1.0
48.25,127.75,30349,1.0
48.25,128.0,30350,1.0
48.25,128.25,30351,1.0
48.25,128.5,30352,1.0
48.25,128.75,30353,1.0
48.25,129.0,30354,1.0
48.25,129.25,30355,1.0
48.25,129.5,30356,1.0
48.25,129.75,30357,1.0
48.25,130.0,30358,1.0
48.25,130.25,30359,1.0
48.25,130.5,30360,1.0
48.25,130.75,30361,1.0
48.25,134.0,30374,1.0
48.25,134.25,30375,1.0
48.25,134.5,30376,1.0
48.5,86.5,30433,1.0
48.5,86.75,30434,1.0
48.5,87.0,30435,1.0
48.5,87.25,30436,1.0
48.5,87.5,30437,1.0
48.5,87.75,30438,1.0
48.5,88.0,30439,1.0
48.5,116.0,30551,1.0
48.5,116.25,30552,1.0
48.5,116.5,30553,1.0
48.5,116.75,30554,1.0
48.5,117.0,30555,1.0
48.5,117.25,30556,1.0
48.5,117.5,30557,1.0
48.5,117.75,30558,1.0
48.5,118.0,30559,1.0
48.5,118.25,30560,1.0
48.5,118.5,30561,1.0
48.5,118.75,30562,1.0
48.5,119.0,30563,1.0
48.5,119.25,30564,1.0
48.5,119.5,30565,1.0
48.5,119.75,30566,1.0
48.5,120.0,30567,1.0
48.5,120.25,30568,1.0
48.5,120.5,30569,1.0
48.5,120.75,30570,1.0
48.5,121.0,30571,1.0
48.5,121.25,30572,1.0
48.5,121.5,30573,1.0
48.5,121.75,30574,1.0
48.5,122.0,30575,1.0
48.5,122.25,30576,1.0
48.5,122.5,30577,1.0
48.5,122.75,30578,1.0
48.5,123.0,30579,1.0
48.5,123.25,30580,1.0
48.5,123.5,30581,1.0
48.5,123.75,30582,1.0
48.5,124.0,30583,1.0
48.5,124.25,30584,1.0
48.5,124.5,30585,1.0
48.5,124.75,30586,1.0
48.5,125.0,30587,1.0
48.5,125.25,30588,1.0
48.5,125.5,30589,1.0
48.5,125.75,30590,1.0
48.5,126.0,30591,1.0
48.5,126.25,30592,1.0
48.5,126.5,30593,1.0
48.5,126.75,30594,1.0
48.5,127.0,30595,1.0
48.5,127.25,30596,1.0
48.5,127.5,30597,1.0
48.5,127.75,30598,1.0
48.5,128.0,30599,1.0
48.5,128.25,30600,1.0
48.5,128.5,30601,1.0
48.5,128.75,30602,1.0
48.5,129.0,30603,1.0
48.5,129.25,30604,1.0
48.5,129.5,30605,1.0
48.5,129.75,30606,1.0
48.5,130.0,30607,1.0
48.5,130.25,30608,1.0
48.5,130.5,30609,1.0
48.75,86.75,30683,1.0
48.75,87.0,30684,1.0
48.75,87.25,30685,1.0
48.75,87.5,30686,1.0
48.75,87.75,30687,1.0
48.75,116.25,30801,1.0
48.75,116.5,30802,1.0
48.75,116.75,30803,1.0
48.75,117.0,30804,1.0
48.75,117.25,30805,1.0
48.75,117.5,30806,1.0
48.75,117.75,30807,1.0
48.75,118.0,30808,1.0
48.75,118.25,30809,1.0
48.75,118.5,30810,1.0
48.75,118.75,30811,1.0
48.75,119.0,30812,1.0
48.75,119.25,30813,1.0
48.75,119.5,30814,1.0
48.75,119.75,30815,1.0
48.75,120.0,30816,1.0
48.75,120.25,30817,1.0
48.75,120.5,30818,1.0
48.75,120.75,30819,1.0
48.75,121.0,30820,1.0
48.75,121.25,30821,1.0
48.75,121.5,30822,1.0
48.75,121.75,30823,1.0
48.75,122.0,30824,1.0
48.75,122.25,30825,1.0
48.75,122.5,30826,1.0
48.75,122.75,30827,1.0
48.75,123.0,30828,1.0
48.75,123.25,30829,1.0
48.75,123.5,30830,1.0
48.75,123.75,30831,1.0
48.75,124.0,30832,1.0
48.75,124.25,30833,1.0
48.75,124.5,30834,1.0
48.75,124.75,30835,1.0
48.75,125.0,30836,1.0
48.75,125.25,30837,1.0
48.75,125.5,30838,1.0
48.75,125.75,30839,1.0
48.75,126.0,30840,1.0
48.75,126.25,30841,1.0
48.75,126.5,30842,1.0
48.75,126.75,30843,1.0
48.75,127.0,30844,1.0
48.75,127.25,30845,1.0
48.75,127.5,30846,1.0
48.75,127.75,30847,1.0
48.75,128.0,30848,1.0
48.75,128.25,30849,1.0
48.75,128.5,30850,1.0
48.75,128.75,30851,1.0
48.75,129.0,30852,1.0
48.75,129.25,30853,1.0
48.75,129.5,30854,1.0
48.75,129.75,30855,1.0
48.75,130.0,30856,1.0
48.75,130.25,30857,1.0
48.75,130.5,30858,1.0
49.0,87.0,30933,1.0
49.0,87.25,30934,1.0
49.0,87.5,30935,1.0
49.0,87.75,30936,1.0
49.0,116.25,31050,1.0
49.0,116.5,31051,1.0
49.0,116.75,31052,1.0
49.0,117.0,31053,1.0
49.0,117.25,31054,1.0
49.0,117.5,31055,1.0
49.0,117.75,31056,1.0
49.0,118.0,31057,1.0
49.0,118.25,31058,1.0
49.0,118.5,31059,1.0
49.0,118.75,31060,1.0
49.0,119.0,31061,1.0
49.0,119.25,31062,1.0
49.0,119.5,31063,1.0
49.0,119.75,31064,1.0
49.0,120.0,31065,1.0
49.0,120.25,31066,1.0
49.0,120.5,31067,1.0
49.0,120.75,31068,1.0
49.0,121.0,31069,1.0
49.0,121.25,31070,1.0
49.0,121.5,31071,1.0
49.0,121.75,31072,1.0
49.0,122.0,31073,1.0
49.0,122.25,31074,1.0
49.0,122.5,31075,1.0
49.0,122.75,31076,1.0
49.0,123.0,31077,1.0
49.0,123.25,31078,1.0
49.0,123.5,31079,1.0
49.0,123.75,31080,1.0
49.0,124.0,31081,1.0
49.0,124.25,31082,1.0
49.0,124.5,31083,1.0
49.0,124.75,31084,1.0
49.0,125.0,31085,1.0
49.0,125.25,31086,1.0
49.0,125.5,31087,1.0
49.0,125.75,31088,1.0
49.0,126.0,31089,1.0
49.0,126.25,31090,1.0
49.0,126.5,31091,1.0
49.0,126.75,31092,1.0
49.0,127.0,31093,1.0
49.0,127.25,31094,1.0
49.0,127.5,31095,1.0
49.0,127.75,31096,1.0
49.0,128.0,31097,1.0
49.0,128.25,31098,1.0
49.0,128.5,31099,1.0
49.0,128.75,31100,1.0
49.0,129.0,31101,1.0
49.0,129.25,31102,1.0
49.0,129.5,31103,1.0
49.0,129.75,31104,1.0
49.0,130.0,31105,1.0
49.25,116.5,31300,1.0
49.25,116.75,31301,1.0
49.25,117.0,31302,1.0
49.25,117.25,31303,1.0
49.25,117.5,31304,1.0
49.25,117.75,31305,1.0
49.25,118.0,31306,1.0
49.25,118.25,31307,1.0
49.25,118.5,31308,1.0
49.25,118.75,31309,1.0
49.25,119.0,31310,1.0
49.25,119.25,31311,1.0
49.25,119.5,31312,1.0
49.25,119.75,31313,1.0
49.25,120.0,31314,1.0
49.25,120.25,31315,1.0
49.25,120.5,31316,1.0
49.25,120.75,31317,1.0
49.25,121.0,31318,1.0
49.25,121.25,31319,1.0
49.25,121.5,31320,1.0
49.25,121.75,31321,1.0
49.25,122.0,31322,1.0
49.25,122.25,31323,1.0
49.25,122.5,31324,1.0
49.25,122.75,31325,1.0
49.25,123.0,31326,1.0
49.25,123.25,31327,1.0
49.25,123.5,31328,1.0
49.25,123.75,31329,1.0
49.25,124.0,31330,1.0
49.25,124.25,31331,1.0
49.25,124.5,31332,1.0
49.25,124.75,31333,1.0
49.25,125.0,31334,1.0
49.25,125.25,31335,1.0
49.25,125.5,31336,1.0
49.25,125.75,31337,1.0
49.25,126.0,31338,1.0
49.25,126.25,31339,1.0
49.25,126.5,31340,1.0
49.25,126.75,31341,1.0
49.25,127.0,31342,1.0
49.25,127.25,31343,1.0
49.25,127.5,31344,1.0
49.25,127.75,31345,1.0
49.25,128.0,31346,1.0
49.25,128.25,31347,1.0
49.25,128.5,31348,1.0
49.25,128.75,31349,1.0
49.25,129.0,31350,1.0
49.25,129.25,31351,1.0
49.25,129.5,31352,1.0
49.5,116.5,31549,1.0
49.5,116.75,31550,1.0
49.5,117.0,31551,1.0
49.5,117.25,31552,1.0
49.5,117.5,31553,1.0
49.5,117.75,31554,1.0
49.5,118.0,31555,1.0
49.5,118.25,31556,1.0
49.5,118.5,31557,1.0
49.5,118.75,31558,1.0
49.5,119.0,31559,1.0
49.5,119.25,31560,1.0
49.5,119.5,31561,1.0
49.5,119.75,31562,1.0
49.5,120.0,31563,1.0
49.5,120.25,31564,1.0
49.5,120.5,31565,1.0
49.5,120.75,31566,1.0
49.5,121.0,31567,1.0
49.5,121.25,31568,1.0
49.5,121.5,31569,1.0
49.5,121.75,31570,1.0
49.5,122.0,31571,1.0
49.5,122.25,31572,1.0
49.5,122.5,31573,1.0
49.5,122.75,31574,1.0
49.5,123.0,31575,1.0
49.5,123.25,31576,1.0
49.5,123.5,31577,1.0
49.5,123.75,31578,1.0
49.5,124.0,31579,1.0
49.5,124.25,31580,1.0
49.5,124.5,31581,1.0
49.5,124.75,31582,1.0
49.5,125.0,31583,1.0
49.5,125.25,31584,1.0
49.5,125.5,31585,1.0
49.5,125.75,31586,1.0
49.5,126.0,31587,1.0
49.5,126.25,31588,1.0
49.5,126.5,31589,1.0
49.5,126.75,31590,1.0
49.5,127.0,31591,1.0
49.5,127.25,31592,1.0
49.5,127.5,31593,1.0
49.5,127.75,31594,1.0
49.5,128.0,31595,1.0
49.5,128.25,31596,1.0
49.5,128.5,31597,1.0
49.5,128.75,31598,1.0
49.75,116.75,31799,1.0
49.75,118.5,31806,1.0
49.75,118.75,31807,1.0
49.75,119.0,31808,1.0
49.75,119.25,31809,1.0
49.75,119.5,31810,1.0
49.75,119.75,31811,1.0
49.75,120.0,31812,1.0
49.75,120.25,31813,1.0
49.75,120.5,31814,1.0
49.75,120.75,31815,1.0
49.75,121.0,31816,1.0
49.75,121.25,31817,1.0
49.75,121.5,31818,1.0
49.75,121.75,31819,1.0
49.75,122.0,31820,1.0
49.75,122.25,31821,1.0
49.75,122.5,31822,1.0
49.75,122.75,31823,1.0
49.75,123.0,31824,1.0
49.75,123.25,31825,1.0
49.75,123.5,31826,1.0
49.75,123.75,31827,1.0
49.75,124.0,31828,1.0
49.75,124.25,31829,1.0
49.75,124.5,31830,1.0
49.75,124.75,31831,1.0
49.75,125.0,31832,1.0
49.75,125.25,31833,1.0
49.75,125.5,31834,1.0
49.75,125.75,31835,1.0
49.75,126.0,31836,1.0
49.75,126.25,31837,1.0
49.75,126.5,31838,1.0
49.75,126.75,31839,1.0
49.75,127.0,31840,1.0
49.75,127.25,31841,1.0
49.75,127.5,31842,1.0
50.0,119.25,32058,1.0
50.0,119.5,32059,1.0
50.0,119.75,32060,1.0
50.0,120.0,32061,1.0
50.0,120.25,32062,1.0
50.0,120.5,32063,1.0
50.0,120.75,32064,1.0
50.0,121.0,32065,1.0
50.0,121.25,32066,1.0
50.0,121.5,32067,1.0
50.0,121.75,32068,1.0
50.0,122.0,32069,1.0
50.0,122.25,32070,1.0
50.0,122.5,32071,1.0
50.0,122.75,32072,1.0
50.0,123.0,32073,1.0
50.0,123.25,32074,1.0
50.0,123.5,32075,1.0
50.0,123.75,32076,1.0
50.0,124.0,32077,1.0
50.0,124.25,32078,1.0
50.0,124.5,32079,1.0
50.0,124.75,32080,1.0
50.0,125.0,32081,1.0
50.0,125.25,32082,1.0
50.0,125.5,32083,1.0
50.0,125.75,32084,1.0
50.0,126.0,32085,1.0
50.0,126.25,32086,1.0
50.0,126.5,32087,1.0
50.0,126.75,32088,1.0
50.0,127.0,32089,1.0
50.0,127.25,32090,1.0
50.25,119.5,32308,1.0
50.25,119.75,32309,1.0
50.25,120.0,32310,1.0
50.25,120.25,32311,1.0
50.25,120.5,32312,1.0
50.25,120.75,32313,1.0
50.25,121.0,32314,1.0
50.25,121.25,32315,1.0
50.25,121.5,32316,1.0
50.25,121.75,32317,1.0
50.25,122.0,32318,1.0
50.25,122.25,32319,1.0
50.25,122.5,32320,1.0
50.25,122.75,32321,1.0
50.25,123.0,32322,1.0
50.25,123.25,32323,1.0
50.25,123.5,32324,1.0
50.25,123.75,32325,1.0
50.25,124.0,32326,1.0
50.25,124.25,32327,1.0
50.25,124.5,32328,1.0
50.25,124.75,32329,1.0
50.25,125.0,32330,1.0
50.25,125.25,32331,1.0
50.25,125.5,32332,1.0
50.25,125.75,32333,1.0
50.25,126.0,32334,1.0
50.25,126.25,32335,1.0
50.25,126.5,32336,1.0
50.25,126.75,32337,1.0
50.25,127.0,32338,1.0
50.25,127.25,32339,1.0
50.25,127.5,32340,1.0
50.5,119.5,32557,1.0
50.5,119.75,32558,1.0
50.5,120.0,32559,1.0
50.5,120.25,32560,1.0
50.5,120.5,32561,1.0
50.5,120.75,32562,1.0
50.5,121.0,32563,1.0
50.5,121.25,32564,1.0
50.5,121.5,32565,1.0
50.5,121.75,32566,1.0
50.5,122.0,32567,1.0
50.5,122.25,32568,1.0
50.5,122.5,32569,1.0
50.5,122.75,32570,1.0
50.5,123.0,32571,1.0
50.5,123.25,32572,1.0
50.5,123.5,32573,1.0
50.5,123.75,32574,1.0
50.5,124.0,32575,1.0
50.5,124.25,32576,1.0
50.5,124.5,32577,1.0
50.5,124.75,32578,1.0
50.5,125.0,32579,1.0
50.5,125.25,32580,1.0
50.5,125.5,32581,1.0
50.5,125.75,32582,1.0
50.5,126.0,32583,1.0
50.5,126.25,32584,1.0
50.5,126.5,32585,1.0
50.5,126.75,32586,1.0
50.5,127.0,32587,1.0
50.5,127.25,32588,1.0
50.75,119.5,32806,1.0
50.75,119.75,32807,1.0
50.75,120.0,32808,1.0
50.75,120.25,32809,1.0
50.75,120.5,32810,1.0
50.75,120.75,32811,1.0
50.75,121.0,32812,1.0
50.75,121.25,32813,1.0
50.75,121.5,32814,1.0
50.75,121.75,32815,1.0
50.75,122.0,32816,1.0
50.75,122.25,32817,1.0
50.75,122.5,32818,1.0
50.75,122.75,32819,1.0
50.75,123.0,32820,1.0
50.75,123.25,32821,1.0
50.75,123.5,32822,1.0
50.75,123.75,32823,1.0
50.75,124.0,32824,1.0
50.75,124.25,32825,1.0
50.75,124.5,32826,1.0
50.75,124.75,32827,1.0
50.75,125.0,32828,1.0
50.75,125.25,32829,1.0
50.75,125.5,32830,1.0
50.75,125.75,32831,1.0
50.75,126.0,32832,1.0
50.75,126.25,32833,1.0
50.75,126.5,32834,1.0
50.75,126.75,32835,1.0
50.75,127.0,32836,1.0
50.75,127.25,32837,1.0
51.0,119.75,33056,1.0
51.0,120.0,33057,1.0
51.0,120.25,33058,1.0
51.0,120.5,33059,1.0
51.0,120.75,33060,1.0
51.0,121.0,33061,1.0
51.0,121.25,33062,1.0
51.0,121.5,33063,1.0
51.0,121.75,33064,1.0
51.0,122.0,33065,1.0
51.0,122.25,33066,1.0
51.0,122.5,33067,1.0
51.0,122.75,33068,1.0
51.0,123.0,33069,1.0
51.0,123.25,33070,1.0
51.0,123.5,33071,1.0
51.0,123.75,33072,1.0
51.0,124.0,33073,1.0
51.0,124.25,33074,1.0
51.0,124.5,33075,1.0
51.0,124.75,33076,1.0
51.0,125.0,33077,1.0
51.0,125.25,33078,1.0
51.0,125.5,33079,1.0
51.0,125.75,33080,1.0
51.0,126.0,33081,1.0
51.0,126.25,33082,1.0
51.0,126.5,33083,1.0
51.0,126.75,33084,1.0
51.0,127.0,33085,1.0
51.25,120.0,33306,1.0
51.25,120.25,33307,1.0
51.25,120.5,33308,1.0
51.25,120.75,33309,1.0
51.25,121.0,33310,1.0
51.25,121.25,33311,1.0
51.25,121.5,33312,1.0
51.25,121.75,33313,1.0
51.25,122.0,33314,1.0
51.25,122.25,33315,1.0
51.25,122.5,33316,1.0
51.25,122.75,33317,1.0
51.25,123.0,33318,1.0
51.25,123.25,33319,1.0
51.25,123.5,33320,1.0
51.25,123.75,33321,1.0
51.25,124.0,33322,1.0
51.25,124.25,33323,1.0
51.25,124.5,33324,1.0
51.25,124.75,33325,1.0
51.25,125.0,33326,1.0
51.25,125.25,33327,1.0
51.25,125.5,33328,1.0
51.25,125.75,33329,1.0
51.25,126.0,33330,1.0
51.25,126.25,33331,1.0
51.25,126.5,33332,1.0
51.25,126.75,33333,1.0
51.5,120.25,33556,1.0
51.5,120.5,33557,1.0
51.5,120.75,33558,1.0
51.5,121.0,33559,1.0
51.5,121.25,33560,1.0
51.5,121.5,33561,1.0
51.5,121.75,33562,1.0
51.5,122.0,33563,1.0
51.5,122.25,33564,1.0
51.5,122.5,33565,1.0
51.5,122.75,33566,1.0
51.5,123.0,33567,1.0
51.5,123.25,33568,1.0
51.5,123.5,33569,1.0
51.5,123.75,33570,1.0
51.5,124.0,33571,1.0
51.5,124.25,33572,1.0
51.5,124.5,33573,1.0
51.5,124.75,33574,1.0
51.5,125.0,33575,1.0
51.5,125.25,33576,1.0
51.5,125.5,33577,1.0
51.5,125.75,33578,1.0
51.5,126.0,33579,1.0
51.5,126.25,33580,1.0
51.5,126.5,33581,1.0
51.5,126.75,33582,1.0
51.75,120.5,33806,1.0
51.75,120.75,33807,1.0
51.75,121.0,33808,1.0
51.75,121.25,33809,1.0
51.75,121.5,33810,1.0
51.75,121.75,33811,1.0
51.75,122.0,33812,1.0
51.75,122.25,33813,1.0
51.75,122.5,33814,1.0
51.75,122.75,33815,1.0
51.75,123.0,33816,1.0
51.75,123.25,33817,1.0
51.75,123.5,33818,1.0
51.75,123.75,33819,1.0
51.75,124.0,33820,1.0
51.75,124.25,33821,1.0
51.75,124.5,33822,1.0
51.75,124.75,33823,1.0
51.75,125.0,33824,1.0
51.75,125.25,33825,1.0
51.75,125.5,33826,1.0
51.75,125.75,33827,1.0
51.75,126.0,33828,1.0
51.75,126.25,33829,1.0
51.75,126.5,33830,1.0
52.0,120.75,34056,1.0
52.0,121.0,34057,1.0
52.0,121.25,34058,1.0
52.0,121.5,34059,1.0
52.0,121.75,34060,1.0
52.0,122.0,34061,1.0
52.0,122.25,34062,1.0
52.0,122.5,34063,1.0
52.0,122.75,34064,1.0
52.0,123.0,34065,1.0
52.0,123.25,34066,1.0
52.0,123.5,34067,1.0
52.0,123.75,34068,1.0
52.0,124.0,34069,1.0
52.0,124.25,34070,1.0
52.0,124.5,34071,1.0
52.0,124.75,34072,1.0
52.0,125.0,34073,1.0
52.0,125.25,34074,1.0
52.0,125.5,34075,1.0
52.0,125.75,34076,1.0
52.0,126.0,34077,1.0
52.0,126.25,34078,1.0
52.25,120.75,34305,1.0
52.25,121.0,34306,1.0
52.25,121.25,34307,1.0
52.25,121.5,34308,1.0
52.25,121.75,34309,1.0
52.25,122.0,34310,1.0
52.25,122.25,34311,1.0
52.25,122.5,34312,1.0
52.25,122.75,34313,1.0
52.25,123.0,34314,1.0
52.25,123.25,34315,1.0
52.25,123.5,34316,1.0
52.25,123.75,34317,1.0
52.25,124.0,34318,1.0
52.25,124.25,34319,1.0
52.25,124.5,34320,1.0
52.25,124.75,34321,1.0
52.25,125.0,34322,1.0
52.25,125.25,34323,1.0
52.25,125.5,34324,1.0
52.25,125.75,34325,1.0
52.25,126.0,34326,1.0
52.25,126.25,34327,1.0
52.5,120.75,34554,1.0
52.5,121.0,34555,1.0
52.5,121.25,34556,1.0
52.5,121.5,34557,1.0
52.5,121.75,34558,1.0
52.5,122.0,34559,1.0
52.5,122.25,34560,1.0
52.5,122.5,34561,1.0
52.5,122.75,34562,1.0
52.5,123.0,34563,1.0
52.5,123.25,34564,1.0
52.5,123.5,34565,1.0
52.5,123.75,34566,1.0
52.5,124.0,34567,1.0
52.5,124.25,34568,1.0
52.5,124.5,34569,1.0
52.5,124.75,34570,1.0
52.5,125.0,34571,1.0
52.5,125.25,34572,1.0
52.5,125.5,34573,1.0
52.5,125.75,34574,1.0
52.5,126.0,34575,1.0
52.75,120.25,34801,1.0
52.75,120.5,34802,1.0
52.75,120.75,34803,1.0
52.75,121.0,34804,1.0
52.75,121.25,34805,1.0
52.75,121.5,34806,1.0
52.75,121.75,34807,1.0
52.75,122.0,34808,1.0
52.75,122.25,34809,1.0
52.75,122.5,34810,1.0
52.75,122.75,34811,1.0
52.75,123.0,34812,1.0
52.75,123.25,34813,1.0
52.75,123.5,34814,1.0
52.75,123.75,34815,1.0
52.75,124.0,34816,1.0
52.75,124.25,34817,1.0
52.75,124.5,34818,1.0
52.75,124.75,34819,1.0
52.75,125.0,34820,1.0
52.75,125.25,34821,1.0
52.75,125.5,34822,1.0
52.75,125.75,34823,1.0
52.75,126.0,34824,1.0
53.0,120.5,35051,1.0
53.0,120.75,35052,1.0
53.0,121.0,35053,1.0
53.0,121.25,35054,1.0
53.0,121.5,35055,1.0
53.0,121.75,35056,1.0
53.0,122.0,35057,1.0
53.0,122.25,35058,1.0
53.0,122.5,35059,1.0
53.0,122.75,35060,1.0
53.0,123.0,35061,1.0
53.0,123.25,35062,1.0
53.0,123.5,35063,1.0
53.0,123.75,35064,1.0
53.0,124.0,35065,1.0
53.0,124.25,35066,1.0
53.0,124.5,35067,1.0
53.0,124.75,35068,1.0
53.0,125.0,35069,1.0
53.0,125.25,35070,1.0
53.0,125.5,35071,1.0
53.25,121.0,35302,1.0
53.25,121.25,35303,1.0
53.25,121.5,35304,1.0
53.25,121.75,35305,1.0
53.25,122.0,35306,1.0
53.25,122.25,35307,1.0
53.25,122.5,35308,1.0
53.25,122.75,35309,1.0
53.25,123.0,35310,1.0
53.25,123.25,35311,1.0
53.25,123.5,35312,1.0
53.25,123.75,35313,1.0
53.25,124.0,35314,1.0
53.25,124.25,35315,1.0
53.5,123.0,35559,1.0
53.5,123.25,35560,1.0
53.5,123.5,35561,1.0
53.5,123.75,35562,1.0
